x,y,floor_z,floor_object,clear,penetration,nearest_object,headroom_axis,overhead_object,slope_degrees
-10.5,-8.0,,,False,,,,,
-10.5,-7.75,,,False,,,,,
-10.5,-7.5,,,False,,,,,
-10.5,-7.25,,,False,,,,,
-10.5,-7.0,,,False,,,,,
-10.5,-6.75,,,False,,,,,
-10.5,-6.5,,,False,,,,,
-10.5,-6.25,,,False,,,,,
-10.5,-6.0,,,False,,,,,
-10.5,-5.75,,,False,,,,,
-10.5,-5.5,,,False,,,,,
-10.5,-5.25,,,False,,,,,
-10.5,-5.0,,,False,,,,,
-10.5,-4.75,,,False,,,,,
-10.5,-4.5,,,False,,,,,
-10.5,-4.25,,,False,,,,,
-10.5,-4.0,,,False,,,,,
-10.5,-3.75,,,False,,,,,
-10.5,-3.5,,,False,,,,,
-10.5,-3.25,,,False,,,,,
-10.5,-3.0,,,False,,,,,
-10.5,-2.75,,,False,,,,,
-10.5,-2.5,,,False,,,,,
-10.5,-2.25,,,False,,,,,
-10.5,-2.0,,,False,,,,,
-10.5,-1.75,,,False,,,,,
-10.5,-1.5,,,False,,,,,
-10.5,-1.25,-0.6800000667572021,ID13059,False,0.2910181070621273,ID13059,3.529998664855957,ID116,0.0
-10.5,-1.0,-0.6799999475479126,ID13059,False,0.24852892281328454,ID13059,3.529998426437378,ID116,0.0
-10.5,-0.75,-0.6799999475479126,ID13059,False,0.21181211826757954,ID13059,3.529998426437378,ID116,0.0
-10.5,-0.5,-0.6799999475479126,ID13059,False,0.18617379805342607,ID13059,3.529998426437378,ID116,0.0
-10.5,-0.25,-0.6799999475479126,ID13059,False,0.17182845517599366,ID13059,3.529998426437378,ID116,0.0
-10.5,0.0,-0.6799999475479126,ID13059,False,0.16325750045450543,ID13059,3.529998426437378,ID116,0.0
-10.5,0.25,-0.679999828338623,ID13059,False,0.17182844495456018,ID13059,3.5299981880187987,ID116,0.0
-10.5,0.5,-0.679999828338623,ID13059,False,0.18617377365229007,ID13059,3.529998426437378,ID116,0.0
-10.5,0.75,-0.679999828338623,ID13059,False,0.21181211826757954,ID13059,3.529998426437378,ID116,0.0
-10.5,1.0,-0.679999828338623,ID13059,False,0.24852904531082773,ID13059,3.5299981880187987,ID116,0.0
-10.5,1.25,-0.679999828338623,ID13059,False,0.2910181273392608,ID13059,3.529998426437378,ID116,0.0
-10.5,1.5,,,False,,,,,
-10.5,1.75,,,False,,,,,
-10.5,2.0,,,False,,,,,
-10.5,2.25,,,False,,,,,
-10.5,2.5,,,False,,,,,
-10.5,2.75,,,False,,,,,
-10.5,3.0,,,False,,,,,
-10.5,3.25,,,False,,,,,
-10.5,3.5,,,False,,,,,
-10.5,3.75,,,False,,,,,
-10.5,4.0,,,False,,,,,
-10.5,4.25,,,False,,,,,
-10.5,4.5,,,False,,,,,
-10.5,4.75,,,False,,,,,
-10.5,5.0,,,False,,,,,
-10.5,5.25,,,False,,,,,
-10.5,5.5,,,False,,,,,
-10.5,5.75,,,False,,,,,
-10.5,6.0,,,False,,,,,
-10.5,6.25,,,False,,,,,
-10.5,6.5,,,False,,,,,
-10.5,6.75,,,False,,,,,
-10.5,7.0,,,False,,,,,
-10.5,7.25,,,False,,,,,
-10.5,7.5,,,False,,,,,
-10.5,7.75,,,False,,,,,
-10.5,8.0,,,False,,,,,
-10.25,-8.0,,,False,,,,,
-10.25,-7.75,,,False,,,,,
-10.25,-7.5,,,False,,,,,
-10.25,-7.25,,,False,,,,,
-10.25,-7.0,,,False,,,,,
-10.25,-6.75,,,False,,,,,
-10.25,-6.5,,,False,,,,,
-10.25,-6.25,,,False,,,,,
-10.25,-6.0,,,False,,,,,
-10.25,-5.75,,,False,,,,,
-10.25,-5.5,,,False,,,,,
-10.25,-5.25,,,False,,,,,
-10.25,-5.0,,,False,,,,,
-10.25,-4.75,,,False,,,,,
-10.25,-4.5,,,False,,,,,
-10.25,-4.25,,,False,,,,,
-10.25,-4.0,,,False,,,,,
-10.25,-3.75,,,False,,,,,
-10.25,-3.5,,,False,,,,,
-10.25,-3.25,,,False,,,,,
-10.25,-3.0,,,False,,,,,
-10.25,-2.75,,,False,,,,,
-10.25,-2.5,,,False,,,,,
-10.25,-2.25,-0.679999828338623,ID13059,False,0.332075228265068,ID13059,3.529998426437378,ID116,0.0
-10.25,-2.0,-0.679999828338623,ID13059,False,0.24702739811710506,ID13059,3.529998426437378,ID116,0.0
-10.25,-1.75,-0.679999828338623,ID13059,False,0.17202378780284777,ID13059,3.5299979496002196,ID116,0.0
-10.25,-1.5,-0.679999828338623,ID13059,False,0.10603309178309828,ID13059,3.5299979496002196,ID116,0.0
-10.25,-1.25,-0.679999828338623,ID13059,False,0.13046977135184867,ID11556,3.5299979496002196,ID116,0.0
-10.25,-1.0,-0.679999828338623,ID13059,False,0.1774444195126488,ID11556,3.5299979496002196,ID116,0.0
-10.25,-0.75,-0.679999828338623,ID13059,False,0.21035921279472877,ID11556,3.529998426437378,ID116,0.0
-10.25,-0.5,-0.679999828338623,ID13059,False,0.2260849782803848,ID11556,3.5299979496002196,ID116,0.0
-10.25,-0.25,-0.679999828338623,ID13059,False,0.24181098842883395,ID11556,3.5299979496002196,ID116,0.0
-10.25,0.0,-0.679999828338623,ID13059,False,0.18337112941752343,ID11556,3.5299979496002196,ID116,0.0
-10.25,0.25,-0.6799999475479126,ID13059,False,0.006253693418896089,ID11556,3.5299979496002196,ID116,0.0
-10.25,0.5,-0.6799999475479126,ID13059,True,0.0,ID13059,3.5299979496002196,ID116,0.0
-10.25,0.75,-0.6799999475479126,ID13059,True,0.0,ID13059,3.5299979496002196,ID116,0.0
-10.25,1.0,-0.679999828338623,ID13059,False,0.00216595109059059,ID13059,3.5299979496002196,ID116,0.0
-10.25,1.25,-0.6799999475479126,ID13059,False,0.04704907868910141,ID13059,3.5299981880187987,ID116,0.0
-10.25,1.5,-0.6799999475479126,ID13059,False,0.1060339311881309,ID13059,3.5299979496002196,ID116,0.0
-10.25,1.75,-0.679999828338623,ID13059,False,0.17202378780284777,ID13059,3.5299979496002196,ID116,0.0
-10.25,2.0,-0.6799997091293335,ID13059,False,0.24702732643173847,ID13059,3.5299979496002196,ID116,0.0
-10.25,2.25,-0.679999828338623,ID13059,False,0.3320760881963092,ID13059,3.5299979496002196,ID116,0.0
-10.25,2.5,,,False,,,,,
-10.25,2.75,,,False,,,,,
-10.25,3.0,,,False,,,,,
-10.25,3.25,,,False,,,,,
-10.25,3.5,,,False,,,,,
-10.25,3.75,,,False,,,,,
-10.25,4.0,,,False,,,,,
-10.25,4.25,,,False,,,,,
-10.25,4.5,,,False,,,,,
-10.25,4.75,,,False,,,,,
-10.25,5.0,,,False,,,,,
-10.25,5.25,,,False,,,,,
-10.25,5.5,,,False,,,,,
-10.25,5.75,,,False,,,,,
-10.25,6.0,,,False,,,,,
-10.25,6.25,,,False,,,,,
-10.25,6.5,,,False,,,,,
-10.25,6.75,,,False,,,,,
-10.25,7.0,,,False,,,,,
-10.25,7.25,,,False,,,,,
-10.25,7.5,,,False,,,,,
-10.25,7.75,,,False,,,,,
-10.25,8.0,,,False,,,,,
-10.0,-8.0,,,False,,,,,
-10.0,-7.75,,,False,,,,,
-10.0,-7.5,,,False,,,,,
-10.0,-7.25,,,False,,,,,
-10.0,-7.0,,,False,,,,,
-10.0,-6.75,,,False,,,,,
-10.0,-6.5,,,False,,,,,
-10.0,-6.25,,,False,,,,,
-10.0,-6.0,,,False,,,,,
-10.0,-5.75,,,False,,,,,
-10.0,-5.5,,,False,,,,,
-10.0,-5.25,,,False,,,,,
-10.0,-5.0,,,False,,,,,
-10.0,-4.75,,,False,,,,,
-10.0,-4.5,,,False,,,,,
-10.0,-4.25,,,False,,,,,
-10.0,-4.0,,,False,,,,,
-10.0,-3.75,,,False,,,,,
-10.0,-3.5,,,False,,,,,
-10.0,-3.25,,,False,,,,,
-10.0,-3.0,,,False,,,,,
-10.0,-2.75,-0.679999828338623,ID13059,False,0.297432030286098,ID13059,3.529998426437378,ID116,0.0
-10.0,-2.5,-0.679999828338623,ID13059,False,0.19222721154322464,ID13059,3.529998426437378,ID116,0.0
-10.0,-2.25,-0.6799999475479126,ID13059,False,0.10318680676932276,ID11556,3.529998426437378,ID116,0.0
-10.0,-2.0,-0.679999828338623,ID13059,False,0.18066406631211437,ID11556,3.5299979496002196,ID116,0.0
-10.0,-1.75,-0.6799999475479126,ID13059,False,0.25814135647947833,ID11556,3.5299981880187987,ID116,0.0
-10.0,-1.5,-0.6799999475479126,ID13059,False,0.32904183245918256,ID11556,3.5299981880187987,ID116,0.0
-10.0,-1.25,-0.6799999475479126,ID13059,False,0.30398334915337966,ID11556,3.5299979496002196,ID116,0.0
-10.0,-1.0,-0.6799999475479126,ID13059,False,0.2570085192015212,ID11556,3.5299981880187987,ID116,0.0
-10.0,-0.75,-0.6799999475479126,ID13059,False,0.29934161580170926,ID13059,3.529998426437378,ID116,0.0
-10.0,-0.5,0.43000006675720215,ID13059,False,0.30300309719783636,ID11576,2.4199985313415526,ID116,0.0
-10.0,-0.25,0.43000006675720215,ID13059,False,0.31830236733592243,ID11576,2.4199985313415526,ID116,0.0
-10.0,0.0,0.43000006675720215,ID13059,False,0.32019389452384334,ID13059,2.4199982929229735,ID116,0.0
-10.0,0.25,-0.679999828338623,ID13059,False,0.18887510279246011,ID6413,3.5299974727630614,ID116,0.0
-10.0,0.5,-0.6799999475479126,ID13059,False,0.17551623951579506,ID6413,3.5299979496002196,ID116,0.0
-10.0,0.75,-0.679999828338623,ID13059,False,0.13684819859102468,ID6413,3.5299979496002196,ID116,0.0
-10.0,1.0,-0.6799999475479126,ID13059,False,0.0981801592655025,ID6413,3.529998426437378,ID116,0.0
-10.0,1.25,-0.6799999475479126,ID13059,False,0.05951212035900455,ID6413,3.529998426437378,ID116,0.0
-10.0,1.5,-0.6799999475479126,ID13059,False,0.043508536985182034,ID13039,3.5299981880187987,ID116,0.0
-10.0,1.75,-0.6799999475479126,ID13059,False,0.16787400928889495,ID13039,3.5299977111816405,ID116,0.0
-10.0,2.0,-0.6800000667572021,ID13059,False,0.29223956428172426,ID13039,3.529998426437378,ID116,0.0
-10.0,2.25,0.43000006675720215,ID13069,False,0.2633952315387169,ID13039,2.4199978160858153,ID116,0.0
-10.0,2.5,0.43000006675720215,ID13059,False,0.21172201846124564,ID13059,2.4199982929229735,ID116,0.0
-10.0,2.75,0.43000006675720215,ID13069,False,0.2425034648890464,ID13059,2.193714265823364,ID13059,0.0
-10.0,3.0,0.43000006675720215,ID13069,False,0.22024730858581076,ID14122,2.193714265823364,ID13059,0.0
-10.0,3.25,,,False,,,,,
-10.0,3.5,,,False,,,,,
-10.0,3.75,,,False,,,,,
-10.0,4.0,,,False,,,,,
-10.0,4.25,,,False,,,,,
-10.0,4.5,,,False,,,,,
-10.0,4.75,,,False,,,,,
-10.0,5.0,,,False,,,,,
-10.0,5.25,,,False,,,,,
-10.0,5.5,,,False,,,,,
-10.0,5.75,,,False,,,,,
-10.0,6.0,,,False,,,,,
-10.0,6.25,,,False,,,,,
-10.0,6.5,,,False,,,,,
-10.0,6.75,,,False,,,,,
-10.0,7.0,,,False,,,,,
-10.0,7.25,,,False,,,,,
-10.0,7.5,,,False,,,,,
-10.0,7.75,,,False,,,,,
-10.0,8.0,,,False,,,,,
-9.75,-8.0,,,False,,,,,
-9.75,-7.75,,,False,,,,,
-9.75,-7.5,,,False,,,,,
-9.75,-7.25,,,False,,,,,
-9.75,-7.0,,,False,,,,,
-9.75,-6.75,,,False,,,,,
-9.75,-6.5,,,False,,,,,
-9.75,-6.25,,,False,,,,,
-9.75,-6.0,,,False,,,,,
-9.75,-5.75,,,False,,,,,
-9.75,-5.5,,,False,,,,,
-9.75,-5.25,,,False,,,,,
-9.75,-5.0,,,False,,,,,
-9.75,-4.75,,,False,,,,,
-9.75,-4.5,,,False,,,,,
-9.75,-4.25,,,False,,,,,
-9.75,-4.0,,,False,,,,,
-9.75,-3.75,,,False,,,,,
-9.75,-3.5,,,False,,,,,
-9.75,-3.25,-0.679999828338623,ID13059,False,0.30566750590076175,ID13059,3.529998426437378,ID116,0.0
-9.75,-3.0,-0.6799999475479126,ID13059,False,0.18643487369460224,ID13059,3.529998426437378,ID116,0.0
-9.75,-2.75,-0.6799999475479126,ID13059,False,0.12462202212009008,ID11556,3.529998426437378,ID116,0.0
-9.75,-2.5,-0.6799999475479126,ID13059,False,0.23137241381241133,ID11556,3.529998426437378,ID116,0.0
-9.75,-2.25,-0.6799999475479126,ID13059,False,0.3381231672946765,ID11556,3.529998426437378,ID116,0.0
-9.75,-2.0,-0.6799999475479126,ID13059,False,0.26164454327079495,ID11556,3.529998903274536,ID116,0.0
-9.75,-1.75,-0.6799999475479126,ID13059,False,0.22712264560950127,ID13059,3.529998426437378,ID116,0.0
-9.75,-1.5,-0.679999828338623,ID13059,False,0.3046002587632844,ID13059,2.048975591659546,ID7141.002,0.0
-9.75,-1.25,0.43000006675720215,ID13059,False,0.34,ID11556,0.37643439054489136,ID11556,0.0
-9.75,-1.0,0.43000006675720215,ID13059,False,0.34,ID11586,0.3411334502696991,ID11556,0.0
-9.75,-0.75,0.43000006675720215,ID13059,False,0.34,ID11586,0.3058323609828949,ID11556,0.0
-9.75,-0.5,0.43000006675720215,ID13059,False,0.34,ID10392,0.2937643873691559,ID11556,0.0
-9.75,-0.25,0.43000006675720215,ID13059,False,0.34,ID7952.006,0.2819463062286377,ID11556,0.0
-9.75,0.0,0.43000006675720215,ID13059,False,0.34,ID7964,0.2701280462741852,ID11556,0.0
-9.75,0.25,0.43000006675720215,ID13059,False,0.34,ID11556,0.2583099055290222,ID11556,0.0
-9.75,0.5,0.43000006675720215,ID6413,False,0.34,ID6423,0.2500000047683716,ID6467,0.019782341029446364
-9.75,0.75,0.43000006675720215,ID6413,False,0.34,ID6423,0.2499999898672104,ID6413,0.019782341029446364
-9.75,1.0,,,False,,,,,
-9.75,1.25,-0.679999828338623,ID13059,False,0.30650358221973506,ID6413,3.5299977111816405,ID116,0.0
-9.75,1.5,-0.6799999475479126,ID13059,False,0.2678355422385237,ID6413,3.5299981880187987,ID116,0.0
-9.75,1.75,0.43000006675720215,ID13069,False,0.29525510226245044,ID13039,2.4199980545043944,ID116,0.0
-9.75,2.0,0.43000006675720215,ID13059,False,0.17088954826838862,ID13039,2.4199980545043944,ID116,0.0
-9.75,2.25,0.43000006675720215,ID13059,False,0.04652399108603428,ID13039,2.4199982929229735,ID116,0.0
-9.75,2.5,0.43000006675720215,ID13059,False,0.0028007437295690663,ID13059,2.4199982929229735,ID116,0.0
-9.75,2.75,0.43000006675720215,ID13059,False,0.032210658122812874,ID13059,2.4199982929229735,ID116,0.0
-9.75,3.0,0.43000006675720215,ID13059,False,0.06826006451497951,ID14122,2.4199980545043944,ID116,0.0
-9.75,3.25,0.43000006675720215,ID13069,False,0.2667539772402058,ID14122,2.1937145042419433,ID13059,0.019782341029446364
-9.75,3.5,,,False,,,,,
-9.75,3.75,,,False,,,,,
-9.75,4.0,,,False,,,,,
-9.75,4.25,,,False,,,,,
-9.75,4.5,,,False,,,,,
-9.75,4.75,,,False,,,,,
-9.75,5.0,,,False,,,,,
-9.75,5.25,,,False,,,,,
-9.75,5.5,,,False,,,,,
-9.75,5.75,,,False,,,,,
-9.75,6.0,,,False,,,,,
-9.75,6.25,,,False,,,,,
-9.75,6.5,,,False,,,,,
-9.75,6.75,,,False,,,,,
-9.75,7.0,,,False,,,,,
-9.75,7.25,,,False,,,,,
-9.75,7.5,,,False,,,,,
-9.75,7.75,,,False,,,,,
-9.75,8.0,,,False,,,,,
-9.5,-8.0,,,False,,,,,
-9.5,-7.75,,,False,,,,,
-9.5,-7.5,,,False,,,,,
-9.5,-7.25,,,False,,,,,
-9.5,-7.0,,,False,,,,,
-9.5,-6.75,,,False,,,,,
-9.5,-6.5,,,False,,,,,
-9.5,-6.25,,,False,,,,,
-9.5,-6.0,,,False,,,,,
-9.5,-5.75,,,False,,,,,
-9.5,-5.5,,,False,,,,,
-9.5,-5.25,,,False,,,,,
-9.5,-5.0,,,False,,,,,
-9.5,-4.75,,,False,,,,,
-9.5,-4.5,,,False,,,,,
-9.5,-4.25,,,False,,,,,
-9.5,-4.0,,,False,,,,,
-9.5,-3.75,,,False,,,,,
-9.5,-3.5,-0.679999828338623,ID13059,False,0.22280169417608797,ID13059,3.529998903274536,ID116,0.0
-9.5,-3.25,-0.679999828338623,ID13059,False,0.09897303736194601,ID11556,3.529998903274536,ID116,0.0
-9.5,-3.0,-0.679999828338623,ID13059,False,0.23330220418765463,ID11556,3.529998903274536,ID116,0.0
-9.5,-2.75,-0.679999828338623,ID13059,False,0.329316244101913,ID11556,3.529998903274536,ID116,0.0
-9.5,-2.5,-0.679999828338623,ID13059,False,0.23238124704028382,ID13059,3.529998426437378,ID116,0.0
-9.5,-2.25,-0.679999828338623,ID13059,False,0.3098588724332362,ID13059,2.317453269958496,ID11576,0.0
-9.5,-2.0,0.43000006675720215,ID13059,False,0.34,ID11556,0.3521517264842987,ID11556,0.0
-9.5,-1.75,0.43000006675720215,ID13059,False,0.34,ID10392.002,0.2939275848865509,ID11556,0.0
-9.5,-1.5,0.43000006675720215,ID13059,False,0.34,ID8217.003,0.2357037115097046,ID11556,0.0
-9.5,-1.25,0.43000006675720215,ID13059,False,0.34,ID10392.001,0.19190721690654755,ID11556,0.0
-9.5,-1.0,,,False,,,,,
-9.5,-0.75,0.43000009655952454,ID13069,False,0.34,ID11586,0.7724382328987122,ID11556,0.019782341029446364
-9.5,-0.5,0.43000006675720215,ID13069,False,0.34,ID11586,0.7815617370605469,ID11586,0.019782341029446364
-9.5,-0.25,0.43000006675720215,ID13069,False,0.32580061956673984,ID11586,2.4199980545043944,ID116,0.019782341029446364
-9.5,0.0,0.43000006675720215,ID13069,False,0.31007469134972754,ID11586,2.4199980545043944,ID116,0.0
-9.5,0.25,0.43000006675720215,ID13069,False,0.29434876192985954,ID11586,2.4199980545043944,ID116,0.0
-9.5,0.5,0.43000006675720215,ID13059,False,0.34,ID6423,0.2499999898672104,ID6467,0.0
-9.5,0.75,0.43000006675720215,ID6413,False,0.34,ID6423,0.2499999898672104,ID6467,0.0
-9.5,1.0,0.43000006675720215,ID6413,False,0.34,ID6423,0.2500000047683716,ID6467,0.0
-9.5,1.25,0.43000006675720215,ID6413,False,0.34,ID6423,0.2500000196695328,ID6467,0.0
-9.5,1.5,0.43000006675720215,ID13069,False,0.24274897727111625,ID13059,2.4199978160858153,ID116,0.0
-9.5,1.75,0.43000006675720215,ID13059,False,0.10023561038586931,ID13029,2.4199982929229735,ID116,0.0
-9.5,2.0,0.43000006675720215,ID13059,True,2.5822836813294003e-08,ID13059,2.4199982929229735,ID116,0.0
-9.5,2.25,0.43000006675720215,ID13059,True,2.5822836813294003e-08,ID13059,2.4199982929229735,ID116,0.0
-9.5,2.5,0.43000006675720215,ID13059,True,2.5822836813294003e-08,ID13059,2.4199982929229735,ID116,0.0
-9.5,2.75,0.43000006675720215,ID13059,True,2.5822836813294003e-08,ID13059,2.4199982929229735,ID116,0.0
-9.5,3.0,0.43000006675720215,ID13059,True,2.5822836813294003e-08,ID13059,2.4199980545043944,ID116,0.0
-9.5,3.25,0.43000006675720215,ID13059,False,0.11476717358978458,ID14122,2.4199980545043944,ID116,0.0
-9.5,3.5,0.43000006675720215,ID13069,False,0.3132605024440955,ID14122,2.1937147426605224,ID13059,0.019782341029446364
-9.5,3.75,,,False,,,,,
-9.5,4.0,,,False,,,,,
-9.5,4.25,,,False,,,,,
-9.5,4.5,,,False,,,,,
-9.5,4.75,,,False,,,,,
-9.5,5.0,,,False,,,,,
-9.5,5.25,,,False,,,,,
-9.5,5.5,,,False,,,,,
-9.5,5.75,,,False,,,,,
-9.5,6.0,,,False,,,,,
-9.5,6.25,,,False,,,,,
-9.5,6.5,,,False,,,,,
-9.5,6.75,,,False,,,,,
-9.5,7.0,,,False,,,,,
-9.5,7.25,,,False,,,,,
-9.5,7.5,,,False,,,,,
-9.5,7.75,,,False,,,,,
-9.5,8.0,,,False,,,,,
-9.25,-8.0,,,False,,,,,
-9.25,-7.75,,,False,,,,,
-9.25,-7.5,,,False,,,,,
-9.25,-7.25,,,False,,,,,
-9.25,-7.0,,,False,,,,,
-9.25,-6.75,,,False,,,,,
-9.25,-6.5,,,False,,,,,
-9.25,-6.25,,,False,,,,,
-9.25,-6.0,,,False,,,,,
-9.25,-5.75,,,False,,,,,
-9.25,-5.5,,,False,,,,,
-9.25,-5.25,,,False,,,,,
-9.25,-5.0,,,False,,,,,
-9.25,-4.75,,,False,,,,,
-9.25,-4.5,,,False,,,,,
-9.25,-4.25,,,False,,,,,
-9.25,-4.0,-0.6799999475479126,ID13059,False,0.2993693866905432,ID13059,3.529998426437378,ID116,0.0
-9.25,-3.75,-0.6799999475479126,ID13059,False,0.15446693371406547,ID13059,3.529998426437378,ID116,0.0
-9.25,-3.5,-0.6799999475479126,ID13059,False,0.17548911377356957,ID11556,3.529998903274536,ID116,0.0
-9.25,-3.25,-0.6799999475479126,ID13059,False,0.30981836257357065,ID11556,3.529998426437378,ID116,0.0
-9.25,-3.0,-0.6800000667572021,ID13059,False,0.3151174545422888,ID13059,3.529998426437378,ID116,0.0
-9.25,-2.75,0.43000006675720215,ID13059,False,0.34,ID11576,0.9389668154716492,ID7141,0.0
-9.25,-2.5,0.43000006675720215,ID13059,False,0.34,ID11556,0.3298918056488037,ID11556,0.0
-9.25,-2.25,0.43000006675720215,ID13059,False,0.34,ID12872,0.24966907978057862,ID11556,0.0
-9.25,-2.0,0.43000006675720215,ID13059,False,0.34,ID11556,0.173527752161026,ID11556,0.0
-9.25,-1.75,0.43000006675720215,ID13069,False,0.34,ID11586,0.7694709348678589,ID11586,0.0
-9.25,-1.5,0.43000006675720215,ID13069,False,0.2674326277949958,ID11586,2.4199982929229735,ID116,0.0
-9.25,-1.25,0.43000006675720215,ID13365,False,0.3091717337471678,ID11120,2.4199980545043944,ID116,0.0
-9.25,-1.0,0.45893532037734985,ID11393,False,0.34,ID11210,0.42028239846229554,ID11210,0.0
-9.25,-0.75,0.43000006675720215,ID13365,False,0.34,ID11210,0.47794023633003235,ID11210,0.0
-9.25,-0.5,0.43000006675720215,ID13365,False,0.15382536860048102,ID11210,2.4199980545043944,ID116,0.0
-9.25,-0.25,0.43000006675720215,ID13365,False,0.07629571343435343,ID11586,2.4199980545043944,ID116,0.0
-9.25,0.0,0.43000006675720215,ID13365,False,0.06056980164049014,ID11586,2.4199980545043944,ID116,0.0
-9.25,0.25,0.43000006675720215,ID13365,False,0.10170662809156267,ID6374,2.4199980545043944,ID116,0.0
-9.25,0.5,,,False,,,,,
-9.25,0.75,0.43000006675720215,ID6413,False,0.34,ID6423,0.2500000047683716,ID6467,0.0
-9.25,1.0,0.43000006675720215,ID13059,False,0.34,ID6423,0.2500000047683716,ID6467,0.019782341029446364
-9.25,1.25,,,False,,,,,
-9.25,1.5,0.43000006675720215,ID13059,False,0.06153917145439586,ID6423,2.4199980545043944,ID116,0.0
-9.25,1.75,0.43000009655952454,ID13059,True,0.0,ID13059,2.4199982929229735,ID116,0.019782341029446364
-9.25,2.0,0.43000006675720215,ID13059,True,2.582275321350025e-08,ID13059,2.4199980545043944,ID116,0.019782341029446364
-9.25,2.25,0.43000006675720215,ID13059,True,2.5822836813294003e-08,ID13059,2.4199982929229735,ID116,0.019782341029446364
-9.25,2.5,0.43000006675720215,ID13059,True,2.5822836813294003e-08,ID13059,2.4199980545043944,ID116,0.019782341029446364
-9.25,2.75,0.43000006675720215,ID13059,True,2.5822836813294003e-08,ID13059,2.4199980545043944,ID116,0.019782341029446364
-9.25,3.0,0.43000006675720215,ID13059,True,2.582275321350025e-08,ID13059,2.4199980545043944,ID116,0.019782341029446364
-9.25,3.25,0.43000006675720215,ID13059,True,2.5822836813294003e-08,ID13059,2.4199980545043944,ID116,0.019782341029446364
-9.25,3.5,0.43000006675720215,ID13059,False,0.14546478444046165,ID14112,2.4199978160858153,ID116,0.019782341029446364
-9.25,3.75,0.43000006675720215,ID13059,False,0.2667684519071219,ID14102,2.4199980545043944,ID116,0.019782341029446364
-9.25,4.0,0.43000006675720215,ID13069,False,0.33191292850522874,ID14102,2.1937145042419433,ID13059,0.0
-9.25,4.25,,,False,,,,,
-9.25,4.5,,,False,,,,,
-9.25,4.75,,,False,,,,,
-9.25,5.0,,,False,,,,,
-9.25,5.25,,,False,,,,,
-9.25,5.5,,,False,,,,,
-9.25,5.75,,,False,,,,,
-9.25,6.0,,,False,,,,,
-9.25,6.25,,,False,,,,,
-9.25,6.5,,,False,,,,,
-9.25,6.75,,,False,,,,,
-9.25,7.0,,,False,,,,,
-9.25,7.25,,,False,,,,,
-9.25,7.5,,,False,,,,,
-9.25,7.75,,,False,,,,,
-9.25,8.0,,,False,,,,,
-9.0,-8.0,,,False,,,,,
-9.0,-7.75,,,False,,,,,
-9.0,-7.5,,,False,,,,,
-9.0,-7.25,,,False,,,,,
-9.0,-7.0,,,False,,,,,
-9.0,-6.75,,,False,,,,,
-9.0,-6.5,,,False,,,,,
-9.0,-6.25,,,False,,,,,
-9.0,-6.0,,,False,,,,,
-9.0,-5.75,,,False,,,,,
-9.0,-5.5,,,False,,,,,
-9.0,-5.25,,,False,,,,,
-9.0,-5.0,,,False,,,,,
-9.0,-4.75,,,False,,,,,
-9.0,-4.5,,,False,,,,,
-9.0,-4.25,-0.6799999475479126,ID13059,False,0.2573066739188923,ID13059,3.529998903274536,ID116,0.019782341029446364
-9.0,-4.0,-0.6799999475479126,ID13059,False,0.10080421940494583,ID13059,3.529998426437378,ID116,0.019782341029446364
-9.0,-3.75,-0.6799999475479126,ID13059,False,0.0845450454573839,ID13059,3.529998426437378,ID116,0.019782341029446364
-9.0,-3.5,-0.6799999475479126,ID13059,False,0.3315599947864819,ID13059,3.529998664855957,ID116,0.019782341029446364
-9.0,-3.25,0.43000006675720215,ID13059,False,0.34,ID11576,1.3903936195373534,ID11576,0.019782341029446364
-9.0,-3.0,0.43000006675720215,ID13059,False,0.34,ID11556,0.34644583344459534,ID11556,0.0
-9.0,-2.75,0.43000006675720215,ID13059,False,0.34,ID8217.004,0.24549797654151917,ID11556,0.0
-9.0,-2.5,,,False,,,,,
-9.0,-2.25,0.43000006675720215,ID13069,False,0.34,ID12872,0.7499772953987122,ID11556,0.0
-9.0,-2.0,0.43000006675720215,ID13365,False,0.34,ID11556,0.710451488494873,ID11556,0.0
-9.0,-1.75,0.43000006675720215,ID13365,False,0.1301029773134872,ID11556,2.4199980545043944,ID116,0.0
-9.0,-1.5,0.43000006675720215,ID13365,False,0.17303285704295426,ID11120,2.4199980545043944,ID116,0.0
-9.0,-1.25,0.43000006675720215,ID13365,False,0.34,ID11300,0.4454313564300537,ID11120,0.0
-9.0,-1.0,,,False,,,,,
-9.0,-0.75,0.43000006675720215,ID13365,False,0.34,ID11210,0.24739130318164826,ID11210,0.0
-9.0,-0.5,0.43000006675720215,ID13365,False,0.19043155454861688,ID11210,2.4199980545043944,ID116,0.0
-9.0,-0.25,0.43000006675720215,ID13365,True,2.5819571425333976e-08,ID13365,2.4199980545043944,ID116,0.0
-9.0,0.0,0.43000006675720215,ID13365,True,2.5821993709929103e-08,ID13365,2.4199980545043944,ID116,0.019782341029446364
-9.0,0.25,0.43000006675720215,ID13365,True,2.5822828653154772e-08,ID13365,2.4199980545043944,ID116,0.019782341029446364
-9.0,0.5,0.43000006675720215,ID13365,False,0.12401649612166957,ID6423,2.4199982929229735,ID116,0.0
-9.0,0.75,0.43000006675720215,ID13069,False,0.2195385486993009,ID6423,2.4199980545043944,ID116,0.019782341029446364
-9.0,1.0,0.43000006675720215,ID13069,False,0.2095967013956783,ID6423,2.4199982929229735,ID116,0.019782341029446364
-9.0,1.25,0.43000006675720215,ID13059,False,0.09909046903803984,ID6423,2.4199982929229735,ID116,0.0
-9.0,1.5,0.43000006675720215,ID13059,True,2.5822314342338615e-08,ID13059,2.4199982929229735,ID116,0.019782341029446364
-9.0,1.75,0.43000006675720215,ID13059,True,2.5822084470661366e-08,ID13059,2.4199980545043944,ID116,0.0
-9.0,2.0,0.43000006675720215,ID13059,True,2.582275321350025e-08,ID13059,2.4199982929229735,ID116,0.0
-9.0,2.25,0.43000006675720215,ID13059,True,2.5822502469630138e-08,ID13059,2.4199982929229735,ID116,0.0
-9.0,2.5,0.43000006675720215,ID13059,True,2.581748687058294e-08,ID13059,2.4199980545043944,ID116,0.0
-9.0,2.75,0.43000006675720215,ID13059,True,2.58207469849836e-08,ID13059,2.4199978160858153,ID116,0.0
-9.0,3.0,0.43000006675720215,ID13059,True,2.582275321350025e-08,ID13059,2.4199980545043944,ID116,0.0
-9.0,3.25,0.43000006675720215,ID13059,True,2.5822836813294003e-08,ID13059,2.4199978160858153,ID116,0.019782341029446364
-9.0,3.5,0.43000006675720215,ID13059,True,2.5822836813294003e-08,ID13059,2.4199978160858153,ID116,0.019782341029446364
-9.0,3.75,0.43000006675720215,ID13059,False,0.025405444621407258,ID14102,2.4199978160858153,ID116,0.019782341029446364
-9.0,4.0,0.43000006675720215,ID13059,False,0.09054992029959216,ID14102,2.4199978160858153,ID116,0.019782341029446364
-9.0,4.25,0.43000006675720215,ID13069,False,0.15569439958581893,ID14102,2.1937145042419433,ID13059,0.0
-9.0,4.5,0.43000009655952454,ID13069,False,0.22083874893699237,ID14102,2.193714027404785,ID13059,0.0
-9.0,4.75,,,False,,,,,
-9.0,5.0,,,False,,,,,
-9.0,5.25,,,False,,,,,
-9.0,5.5,,,False,,,,,
-9.0,5.75,,,False,,,,,
-9.0,6.0,,,False,,,,,
-9.0,6.25,,,False,,,,,
-9.0,6.5,,,False,,,,,
-9.0,6.75,,,False,,,,,
-9.0,7.0,,,False,,,,,
-9.0,7.25,,,False,,,,,
-9.0,7.5,,,False,,,,,
-9.0,7.75,,,False,,,,,
-9.0,8.0,,,False,,,,,
-8.75,-8.0,,,False,,,,,
-8.75,-7.75,,,False,,,,,
-8.75,-7.5,,,False,,,,,
-8.75,-7.25,,,False,,,,,
-8.75,-7.0,,,False,,,,,
-8.75,-6.75,,,False,,,,,
-8.75,-6.5,,,False,,,,,
-8.75,-6.25,,,False,,,,,
-8.75,-6.0,,,False,,,,,
-8.75,-5.75,,,False,,,,,
-8.75,-5.5,,,False,,,,,
-8.75,-5.25,,,False,,,,,
-8.75,-5.0,,,False,,,,,
-8.75,-4.75,,,False,,,,,
-8.75,-4.5,-0.6799999475479126,ID13059,False,0.26812342836577197,ID13059,3.529998664855957,ID116,0.0
-8.75,-4.25,-0.6799999475479126,ID13059,False,0.06235335516377555,ID13059,3.529998426437378,ID116,0.0
-8.75,-4.0,-0.6799999475479126,ID13059,True,0.0,ID13059,3.529998903274536,ID116,0.0
-8.75,-3.75,-0.6799999475479126,ID13059,False,0.12306201155427524,ID13059,3.529998903274536,ID116,0.0
-8.75,-3.5,0.43000006675720215,ID13059,False,0.34,ID11556,1.0687693405151366,ID11556,0.019782341029446364
-8.75,-3.25,0.43000006675720215,ID13059,False,0.34,ID11556,0.28894439816474915,ID11556,0.019782341029446364
-8.75,-3.0,0.43000006675720215,ID13059,False,0.34,ID10256.003,0.18799657106399537,ID11556,0.019782341029446364
-8.75,-2.75,0.43000006675720215,ID13069,False,0.3159593722741566,ID11586,2.4199985313415526,ID116,0.0
-8.75,-2.5,0.43000006675720215,ID13375,False,0.30820462483760425,ID11556,2.4199985313415526,ID116,0.0
-8.75,-2.25,0.43000006675720215,ID13069,False,0.23089516708974359,ID11556,2.4199985313415526,ID116,0.0
-8.75,-2.0,0.43000006675720215,ID13365,False,0.12414426421113767,ID11556,2.4199985313415526,ID116,0.0
-8.75,-1.75,0.43000006675720215,ID13365,False,0.007367458641878988,ID11556,2.4199985313415526,ID116,0.0
-8.75,-1.5,0.43000006675720215,ID13365,False,0.10197364244534679,ID11120,2.4199980545043944,ID116,0.0
-8.75,-1.25,0.43000006675720215,ID13365,False,0.34,ID11355,0.5537716794013977,ID11355,0.0
-8.75,-1.0,0.43000006675720215,ID13365,False,0.34,ID11300,0.3879581141471863,ID11089,0.0
-8.75,-0.75,0.43000006675720215,ID13365,False,0.34,ID11355,0.4323192584514618,ID11089,0.0
-8.75,-0.5,0.43000006675720215,ID13365,False,0.21550254393904886,ID11355,2.438753728866577,ID124,0.0
-8.75,-0.25,0.43000006675720215,ID13365,True,2.5822831595245788e-08,ID13365,2.4461797523498534,ID124,0.0
-8.75,0.0,0.43000006675720215,ID13365,True,2.5822836757782852e-08,ID13365,2.4490205097198485,ID124,0.0
-8.75,0.25,0.43000006675720215,ID13365,True,2.5822836480227096e-08,ID13365,2.4461797523498534,ID124,0.0
-8.75,0.5,0.43000006675720215,ID13365,True,2.5822836813294003e-08,ID13365,2.438753967285156,ID124,0.0
-8.75,0.75,0.43000006675720215,ID13069,True,2.5822831595245788e-08,ID13069,2.42679536819458,ID124,0.0
-8.75,1.0,0.43000006675720215,ID13335,True,2.5822836813294003e-08,ID13335,2.4199978160858153,ID116,0.0
-8.75,1.25,0.43000006675720215,ID13335,True,2.5822836813294003e-08,ID13335,2.4199978160858153,ID116,0.0
-8.75,1.5,0.43000006675720215,ID13335,True,2.5822836813294003e-08,ID13335,2.4199982929229735,ID116,0.0
-8.75,1.75,0.43000006675720215,ID13069,True,2.5822836813294003e-08,ID13069,2.4199980545043944,ID116,0.0
-8.75,2.0,0.43000006675720215,ID13069,True,2.5822836813294003e-08,ID13069,2.4199980545043944,ID116,0.019782341029446364
-8.75,2.25,0.43000006675720215,ID13059,True,2.5822836813294003e-08,ID13059,2.4199978160858153,ID116,0.0
-8.75,2.5,0.43000006675720215,ID13059,True,2.5822084470661366e-08,ID13059,2.4199978160858153,ID116,0.0
-8.75,2.75,0.43000006675720215,ID13059,True,2.5821415727822483e-08,ID13059,2.4199978160858153,ID116,0.0
-8.75,3.0,0.43000006675720215,ID13059,True,2.5822836813294003e-08,ID13059,2.4199978160858153,ID116,0.0
-8.75,3.25,0.43000006675720215,ID13059,True,2.5822502469630138e-08,ID13059,2.4199978160858153,ID116,0.0
-8.75,3.5,0.43000006675720215,ID13059,True,2.5819827442763454e-08,ID13059,2.4199978160858153,ID116,0.0
-8.75,3.75,0.43000006675720215,ID13059,True,2.5822836813294003e-08,ID13059,2.4199978160858153,ID116,0.0
-8.75,4.0,0.43000006675720215,ID13059,True,2.5822836813294003e-08,ID13059,2.4199978160858153,ID116,0.0
-8.75,4.25,0.43000006675720215,ID13059,True,2.5822836813294003e-08,ID13059,2.4199978160858153,ID116,0.0
-8.75,4.5,0.43000006675720215,ID13059,False,0.17643563143653604,ID13059,2.4199978160858153,ID116,0.0
-8.75,4.75,,,False,,,,,
-8.75,5.0,,,False,,,,,
-8.75,5.25,,,False,,,,,
-8.75,5.5,,,False,,,,,
-8.75,5.75,,,False,,,,,
-8.75,6.0,,,False,,,,,
-8.75,6.25,,,False,,,,,
-8.75,6.5,,,False,,,,,
-8.75,6.75,,,False,,,,,
-8.75,7.0,,,False,,,,,
-8.75,7.25,,,False,,,,,
-8.75,7.5,,,False,,,,,
-8.75,7.75,,,False,,,,,
-8.75,8.0,,,False,,,,,
-8.5,-8.0,,,False,,,,,
-8.5,-7.75,,,False,,,,,
-8.5,-7.5,,,False,,,,,
-8.5,-7.25,,,False,,,,,
-8.5,-7.0,,,False,,,,,
-8.5,-6.75,,,False,,,,,
-8.5,-6.5,,,False,,,,,
-8.5,-6.25,,,False,,,,,
-8.5,-6.0,,,False,,,,,
-8.5,-5.75,,,False,,,,,
-8.5,-5.5,,,False,,,,,
-8.5,-5.25,,,False,,,,,
-8.5,-5.0,,,False,,,,,
-8.5,-4.75,0.43000006675720215,ID13069,False,0.21406176033663193,ID1471,2.4199985313415526,ID116,0.0
-8.5,-4.5,0.43000006675720215,ID13069,False,0.2771710081927515,ID13059,2.4199985313415526,ID116,0.0
-8.5,-4.25,-0.6799999475479126,ID13059,False,0.19222458583097735,ID13069,3.529998664855957,ID116,0.0
-8.5,-4.0,-0.679999828338623,ID13059,True,0.0,ID13059,3.529998664855957,ID116,0.0
-8.5,-3.75,-0.679999828338623,ID13059,False,0.16157963865664776,ID11556,3.529998426437378,ID116,0.0
-8.5,-3.5,0.43000006675720215,ID13059,False,0.34,ID11556,0.23144305229187012,ID11556,0.019782341029446364
-8.5,-3.25,0.43000006675720215,ID13069,False,0.34,ID11556,0.7789096283912659,ID11556,0.0
-8.5,-3.0,0.43000006675720215,ID13375,False,0.2881308173948173,ID11300.001,2.4199987697601317,ID116,0.0
-8.5,-2.75,0.45893532037734985,ID11423.001,False,0.34,ID11210.001,0.4125669050216675,ID11210.001,0.0
-8.5,-2.5,0.43000006675720215,ID13375,False,0.34,ID11210.001,0.4224526035785675,ID11210.001,0.0
-8.5,-2.25,0.43000006675720215,ID13069,False,0.17869544569731932,ID11210.001,2.4199987697601317,ID116,0.0
-8.5,-2.0,0.43000006675720215,ID13365,True,2.5822836813294003e-08,ID13365,2.4199985313415526,ID116,0.0
-8.5,-1.75,0.43000006675720215,ID13365,True,2.5822836813294003e-08,ID13365,2.4199985313415526,ID116,0.0
-8.5,-1.5,0.43000006675720215,ID13365,False,0.03833786330004102,ID11089,2.4448772716522216,ID124,0.0
-8.5,-1.25,0.43000006675720215,ID13365,False,0.18492549109981538,ID11089,2.470595722198486,ID124,0.0
-8.5,-1.0,0.43000006675720215,ID13365,False,0.23284696638227,ID11089,2.49203932762146,ID124,0.0
-8.5,-0.75,0.43000006675720215,ID13365,False,0.18628421029649586,ID11089,2.5090092468261718,ID124,0.0
-8.5,-0.5,0.43000006675720215,ID13365,False,0.06527778523703032,ID11355,2.521355514526367,ID124,0.0
-8.5,-0.25,0.43000006675720215,ID13365,True,2.5822836813294003e-08,ID13365,2.5289744186401366,ID124,0.0
-8.5,0.0,0.43000009655952454,ID13365,True,0.0,ID13365,2.5318149375915526,ID124,0.0
-8.5,0.25,0.43000006675720215,ID13365,True,2.5822836813294003e-08,ID13365,2.5289746570587157,ID124,0.0
-8.5,0.5,0.43000006675720215,ID13365,True,2.5822836813294003e-08,ID13365,2.521355276107788,ID124,0.0
-8.5,0.75,0.43000006675720215,ID13069,True,2.5822836813294003e-08,ID13069,2.50900972366333,ID124,0.0
-8.5,1.0,0.43000006675720215,ID13335,True,2.5822836813294003e-08,ID13335,2.4920390892028808,ID124,0.0
-8.5,1.25,0.43000006675720215,ID13335,True,2.5822836813294003e-08,ID13335,2.470595245361328,ID124,0.0
-8.5,1.5,0.43000006675720215,ID13335,True,2.5822836813294003e-08,ID13335,2.4448770332336425,ID124,0.0
-8.5,1.75,0.43000006675720215,ID13335,True,2.5822836813294003e-08,ID13335,2.4199982929229735,ID116,0.0
-8.5,2.0,0.43000006675720215,ID13335,True,2.5822836813294003e-08,ID13335,2.4199980545043944,ID116,0.0
-8.5,2.25,0.43000006675720215,ID13335,True,2.5822836813294003e-08,ID13335,2.4199980545043944,ID116,0.0
-8.5,2.5,0.43000006675720215,ID13069,True,2.5822836813294003e-08,ID13069,2.4199980545043944,ID116,0.0
-8.5,2.75,0.43000006675720215,ID13059,True,2.5822836813294003e-08,ID13059,2.4199978160858153,ID116,0.019782341029446364
-8.5,3.0,0.43000006675720215,ID13059,True,2.5822836813294003e-08,ID13059,2.4199980545043944,ID116,0.019782341029446364
-8.5,3.25,0.43000006675720215,ID13059,True,2.5822836813294003e-08,ID13059,2.4199978160858153,ID116,0.019782341029446364
-8.5,3.5,0.43000006675720215,ID13059,True,2.582275321350025e-08,ID13059,2.4199978160858153,ID116,0.019782341029446364
-8.5,3.75,0.43000006675720215,ID13059,True,2.5822502469630138e-08,ID13059,2.4199978160858153,ID116,0.019782341029446364
-8.5,4.0,0.43000006675720215,ID13059,True,2.5822836813294003e-08,ID13059,2.4199978160858153,ID116,0.019782341029446364
-8.5,4.25,0.43000006675720215,ID13059,True,2.5822836813294003e-08,ID13059,2.4199978160858153,ID116,0.019782341029446364
-8.5,4.5,0.43000006675720215,ID13059,False,0.07874649434639341,ID13059,2.4199978160858153,ID116,0.0
-8.5,4.75,0.43000009655952454,ID13069,False,0.253513804880811,ID7101,2.419997577667236,ID116,0.0
-8.5,5.0,,,False,,,,,
-8.5,5.25,,,False,,,,,
-8.5,5.5,,,False,,,,,
-8.5,5.75,,,False,,,,,
-8.5,6.0,,,False,,,,,
-8.5,6.25,,,False,,,,,
-8.5,6.5,,,False,,,,,
-8.5,6.75,,,False,,,,,
-8.5,7.0,,,False,,,,,
-8.5,7.25,,,False,,,,,
-8.5,7.5,,,False,,,,,
-8.5,7.75,,,False,,,,,
-8.5,8.0,,,False,,,,,
-8.25,-8.0,,,False,,,,,
-8.25,-7.75,,,False,,,,,
-8.25,-7.5,,,False,,,,,
-8.25,-7.25,,,False,,,,,
-8.25,-7.0,,,False,,,,,
-8.25,-6.75,,,False,,,,,
-8.25,-6.5,,,False,,,,,
-8.25,-6.25,,,False,,,,,
-8.25,-6.0,,,False,,,,,
-8.25,-5.75,,,False,,,,,
-8.25,-5.5,,,False,,,,,
-8.25,-5.25,,,False,,,,,
-8.25,-5.0,0.43000006675720215,ID13069,False,0.2149778681469532,ID1471,2.4199982929229735,ID116,0.0
-8.25,-4.75,0.43000006675720215,ID13069,False,0.037743707191102926,ID1471,2.4199985313415526,ID116,0.0
-8.25,-4.5,0.43000006675720215,ID13069,False,0.1424649335659281,ID13059,2.4199985313415526,ID116,0.0
-8.25,-4.25,-0.6799999475479126,ID13059,False,0.326930469155284,ID13059,3.529998664855957,ID116,0.0
-8.25,-4.0,-0.6799999475479126,ID13059,False,0.11632586890040919,ID13059,3.529998426437378,ID116,0.0
-8.25,-3.75,-0.6799999475479126,ID13059,False,0.20009656322474326,ID13069,3.529998664855957,ID116,0.0
-8.25,-3.5,0.43000006675720215,ID13069,False,0.29690543505753775,ID11586,2.4199985313415526,ID116,0.0
-8.25,-3.25,0.43000006675720215,ID13375,False,0.19618958738451914,ID11120.001,2.4199987697601317,ID116,0.0
-8.25,-3.0,0.43000006675720215,ID13375,False,0.34,ID11120.001,0.46514460921287537,ID11120.001,0.0
-8.25,-2.75,0.4300001561641693,ID11423.001,False,0.34,ID11300.001,0.23366226732730866,ID11423.001,0.0
-8.25,-2.5,0.43000006675720215,ID13375,False,0.34,ID11300.001,0.3858378279209137,ID11089.001,0.0
-8.25,-2.25,0.43000006675720215,ID13375,False,0.3029783219126911,ID11355.001,2.4199982929229735,ID116,0.0
-8.25,-2.0,0.43000006675720215,ID13365,False,0.05313602036258491,ID11355.001,2.4573262977600097,ID124,0.0
-8.25,-1.75,0.43000006675720215,ID13365,True,2.5822836813294003e-08,ID13365,2.4937616634368895,ID124,0.0
-8.25,-1.5,0.43000006675720215,ID13365,True,2.5822836813294003e-08,ID13365,2.5247584629058837,ID124,0.0
-8.25,-1.25,0.43000006675720215,ID13365,True,2.582275321350025e-08,ID13365,2.5514513301849364,ID124,0.0
-8.25,-1.0,0.43000006675720215,ID13365,True,2.581748687058294e-08,ID13365,2.573671941757202,ID124,0.019782341029446364
-8.25,-0.75,0.43000006675720215,ID13365,True,2.5822836813294003e-08,ID13365,2.5912236022949218,ID124,0.0
-8.25,-0.5,0.43000006675720215,ID13365,True,2.5822831595245788e-08,ID13365,2.6039563465118407,ID124,0.0
-8.25,-0.25,0.43000006675720215,ID13365,True,2.5822835536537525e-08,ID13365,2.6117688465118407,ID124,0.0
-8.25,0.0,0.43000006675720215,ID13365,True,2.5822836813294003e-08,ID13365,2.6146093654632567,ID124,0.0
-8.25,0.25,0.43000006675720215,ID13365,True,2.5822836813294003e-08,ID13365,2.6117688465118407,ID124,0.0
-8.25,0.5,0.43000006675720215,ID13365,True,2.5822836813294003e-08,ID13365,2.60395658493042,ID124,0.0
-8.25,0.75,0.43000006675720215,ID13069,True,2.5822831595245788e-08,ID13069,2.5912236022949218,ID124,0.0
-8.25,1.0,0.43000006675720215,ID13335,True,2.5822836813294003e-08,ID13335,2.573671941757202,ID124,0.0
-8.25,1.25,0.43000006675720215,ID13335,True,2.5822836813294003e-08,ID13335,2.55145037651062,ID124,0.0
-8.25,1.5,0.43000006675720215,ID13335,True,2.582281594110114e-08,ID13335,2.5247579860687255,ID124,0.0
-8.25,1.75,0.43000006675720215,ID13335,True,2.5822836813294003e-08,ID13335,2.4791291999816893,ID124,0.0
-8.25,2.0,0.43000006675720215,ID13335,True,2.5822836813294003e-08,ID13335,2.428135995864868,ID124,0.0
-8.25,2.25,0.43000006675720215,ID13335,True,2.5822836813294003e-08,ID13335,2.4199980545043944,ID116,0.0
-8.25,2.5,0.43000006675720215,ID13335,True,2.5822836813294003e-08,ID13335,2.4199978160858153,ID116,0.0
-8.25,2.75,0.43000006675720215,ID13335,True,2.5822836813294003e-08,ID13335,2.4199978160858153,ID116,0.0
-8.25,3.0,0.43000006675720215,ID13069,True,2.5822836813294003e-08,ID13069,2.4199978160858153,ID116,0.0
-8.25,3.25,0.43000006675720215,ID13059,True,2.5822836813294003e-08,ID13059,2.4199978160858153,ID116,0.0
-8.25,3.5,0.43000006675720215,ID13059,True,2.5822836813294003e-08,ID13059,2.4199978160858153,ID116,0.0
-8.25,3.75,0.43000006675720215,ID13059,True,2.5822836813294003e-08,ID13059,2.4199978160858153,ID116,0.0
-8.25,4.0,0.43000006675720215,ID13059,True,2.5822836813294003e-08,ID13059,2.419997577667236,ID116,0.0
-8.25,4.25,0.43000006675720215,ID13059,True,2.5822836813294003e-08,ID13059,2.4199978160858153,ID116,0.0
-8.25,4.5,0.43000006675720215,ID13059,True,2.5822836813294003e-08,ID13059,2.419997577667236,ID116,0.0
-8.25,4.75,0.43000009655952454,ID13069,False,0.24116588334225525,ID7111,2.419997339248657,ID116,0.0
-8.25,5.0,-0.6800000667572021,ID13059,False,0.21497786814691056,ID13059,3.5299979496002196,ID116,0.019782341029446364
-8.25,5.25,,,False,,,,,
-8.25,5.5,,,False,,,,,
-8.25,5.75,,,False,,,,,
-8.25,6.0,,,False,,,,,
-8.25,6.25,,,False,,,,,
-8.25,6.5,,,False,,,,,
-8.25,6.75,,,False,,,,,
-8.25,7.0,,,False,,,,,
-8.25,7.25,,,False,,,,,
-8.25,7.5,,,False,,,,,
-8.25,7.75,,,False,,,,,
-8.25,8.0,,,False,,,,,
-8.0,-8.0,,,False,,,,,
-8.0,-7.75,,,False,,,,,
-8.0,-7.5,,,False,,,,,
-8.0,-7.25,,,False,,,,,
-8.0,-7.0,,,False,,,,,
-8.0,-6.75,,,False,,,,,
-8.0,-6.5,,,False,,,,,
-8.0,-6.25,,,False,,,,,
-8.0,-6.0,,,False,,,,,
-8.0,-5.75,,,False,,,,,
-8.0,-5.5,,,False,,,,,
-8.0,-5.25,0.43000006675720215,ID13069,False,0.23188855591758276,ID1471,2.4199982929229735,ID116,0.019782341029446364
-8.0,-5.0,0.43000006675720215,ID13069,False,0.06391754165385166,ID1651,2.4199982929229735,ID116,0.019782341029446364
-8.0,-4.75,0.43000006675720215,ID13069,False,0.1157090311643661,ID1651,2.4199982929229735,ID116,0.019782341029446364
-8.0,-4.5,0.43000006675720215,ID13069,False,0.0475318862900766,ID1651,2.4199982929229735,ID116,0.019782341029446364
-8.0,-4.25,0.43000006675720215,ID13069,False,0.21836356786433792,ID13059,2.4199980545043944,ID116,0.0
-8.0,-4.0,-0.679999828338623,ID13059,False,0.25103169801777614,ID13069,3.5299981880187987,ID116,0.0
-8.0,-3.75,-0.679999828338623,ID13059,False,0.28404075591150374,ID13059,3.5299979496002196,ID116,0.0
-8.0,-3.5,0.43000006675720215,ID13375,False,0.19437017934017037,ID13059,2.4199982929229735,ID116,0.0
-8.0,-3.25,0.43000006675720215,ID13375,False,0.05527909824986388,ID11120.001,2.4199982929229735,ID116,0.0
-8.0,-3.0,0.43000006675720215,ID13375,False,0.2471271863930151,ID11120.001,2.4199985313415526,ID116,0.0
-8.0,-2.75,0.43000006675720215,ID13375,False,0.34,ID11355.001,0.40226030826568604,ID11355.001,0.0
-8.0,-2.5,0.43000006675720215,ID13375,False,0.34,ID11355.001,1.0448297309875487,ID11089.001,0.0
-8.0,-2.25,0.43000006675720215,ID13375,False,0.2006355660641754,ID11089.001,2.494359140396118,ID124,0.0
-8.0,-2.0,0.43000006675720215,ID13069,True,2.582281594110114e-08,ID13069,2.5360354232788085,ID124,0.0
-8.0,-1.75,0.43000006675720215,ID13365,True,2.5822836813294003e-08,ID13365,2.5725485134124755,ID124,0.0
-8.0,-1.5,0.43000006675720215,ID13365,True,2.5822836813294003e-08,ID13365,2.604639654159546,ID124,0.0
-8.0,-1.25,0.43000006675720215,ID13365,True,2.5822836813294003e-08,ID13365,2.6323064613342284,ID124,0.0
-8.0,-1.0,0.43000006675720215,ID13365,True,2.5822836813294003e-08,ID13365,2.6553047943115233,ID517,0.0
-8.0,-0.75,0.43000006675720215,ID13365,True,2.5822836813294003e-08,ID13365,2.6734377193450927,ID517,0.0
-8.0,-0.5,0.43000006675720215,ID13365,True,2.5822831595245788e-08,ID13365,2.6865578937530517,ID124,0.0
-8.0,-0.25,0.43000006675720215,ID13365,True,2.5822831595245788e-08,ID13365,2.6945630359649657,ID613,0.0
-8.0,0.0,0.43000006675720215,ID13365,True,2.5821398241809845e-08,ID13365,2.6974033164978026,ID613,0.019782341029446364
-8.0,0.25,0.43000006675720215,ID13365,True,2.5822836813294003e-08,ID13365,2.6945630359649657,ID124,0.0
-8.0,0.5,0.43000006675720215,ID13365,True,2.5822835536537525e-08,ID13365,2.6865576553344725,ID565,0.0
-8.0,0.75,0.43000006675720215,ID13335,True,2.5822836813294003e-08,ID13335,2.6734374809265136,ID565,0.0
-8.0,1.0,0.43000006675720215,ID13335,True,2.5822836813294003e-08,ID13335,2.6553045558929442,ID565,0.0
-8.0,1.25,0.43000006675720215,ID13335,True,2.5822836813294003e-08,ID13335,2.632305507659912,ID605,0.0
-8.0,1.5,0.43000006675720215,ID13335,True,2.5822836813294003e-08,ID13335,2.6046391773223876,ID124,0.0
-8.0,1.75,0.43000006675720215,ID13335,True,2.5822836813294003e-08,ID13335,2.5552121448516845,ID124,0.0
-8.0,2.0,0.43000006675720215,ID13335,True,2.582275321350025e-08,ID13335,2.504218702316284,ID124,0.0
-8.0,2.25,0.43000006675720215,ID13335,True,2.5822836813294003e-08,ID13335,2.4532250213623046,ID124,0.0
-8.0,2.5,0.43000006675720215,ID13335,True,2.582275321350025e-08,ID13335,2.4199980545043944,ID116,0.0
-8.0,2.75,0.43000006675720215,ID13335,True,2.5822836813294003e-08,ID13335,2.4199980545043944,ID116,0.0
-8.0,3.0,0.43000006675720215,ID13335,True,2.5822836813294003e-08,ID13335,2.4199978160858153,ID116,0.0
-8.0,3.25,0.43000006675720215,ID13335,True,2.5822836813294003e-08,ID13335,2.4199980545043944,ID116,0.0
-8.0,3.5,0.43000006675720215,ID13069,True,2.5822836813294003e-08,ID13069,2.4199980545043944,ID116,0.019782341029446364
-8.0,3.75,0.43000006675720215,ID13059,True,2.5822836813294003e-08,ID13059,2.4199978160858153,ID116,0.0
-8.0,4.0,0.43000006675720215,ID13059,True,2.5822836813294003e-08,ID13059,2.4199978160858153,ID116,0.0
-8.0,4.25,0.43000006675720215,ID13059,True,2.5822836813294003e-08,ID13059,2.4199978160858153,ID116,0.0
-8.0,4.5,0.43000006675720215,ID13059,False,0.02027429842234657,ID7111,2.4199978160858153,ID116,0.0
-8.0,4.75,0.43000006675720215,ID13069,False,0.2687480752025685,ID7111,2.419997577667236,ID116,0.0
-8.0,5.0,-0.6799999475479126,ID13059,False,0.16277852812664995,ID7111,3.5299979496002196,ID116,0.019782341029446364
-8.0,5.25,-0.6799999475479126,ID13059,False,0.2318896047341482,ID13059,3.5299974727630614,ID116,0.019782341029446364
-8.0,5.5,,,False,,,,,
-8.0,5.75,,,False,,,,,
-8.0,6.0,,,False,,,,,
-8.0,6.25,,,False,,,,,
-8.0,6.5,,,False,,,,,
-8.0,6.75,,,False,,,,,
-8.0,7.0,,,False,,,,,
-8.0,7.25,,,False,,,,,
-8.0,7.5,,,False,,,,,
-8.0,7.75,,,False,,,,,
-8.0,8.0,,,False,,,,,
-7.75,-8.0,,,False,,,,,
-7.75,-7.75,,,False,,,,,
-7.75,-7.5,,,False,,,,,
-7.75,-7.25,,,False,,,,,
-7.75,-7.0,,,False,,,,,
-7.75,-6.75,,,False,,,,,
-7.75,-6.5,,,False,,,,,
-7.75,-6.25,,,False,,,,,
-7.75,-6.0,,,False,,,,,
-7.75,-5.75,,,False,,,,,
-7.75,-5.5,0.43000006675720215,ID13069,False,0.2605527984127428,ID1471,2.4199985313415526,ID116,0.0
-7.75,-5.25,0.43000006675720215,ID13069,False,0.06575527542407589,ID1471,2.4199982929229735,ID116,0.0
-7.75,-5.0,0.43000006675720215,ID13069,False,0.2641677791854583,ID1836,1.7344665575027465,ID1836,0.0
-7.75,-4.75,0.43000006675720215,ID13069,False,0.34,ID1651,1.3435937213897704,ID1651,0.019782341029446364
-7.75,-4.5,0.43000006675720215,ID13069,False,0.21391783645511075,ID1651,2.4199985313415526,ID116,0.0
-7.75,-4.25,0.43000006675720215,ID14168,False,0.08365774614486349,ID13059,2.4199987697601317,ID116,0.019782341029446364
-7.75,-4.0,0.43000006675720215,ID13069,False,0.2942625459125915,ID13059,2.4199985313415526,ID116,0.0
-7.75,-3.75,0.43000006675720215,ID14168,False,0.2101676882778942,ID13059,2.4199987697601317,ID116,0.019782341029446364
-7.75,-3.5,0.43000006675720215,ID13069,False,0.04289111566495729,ID13059,2.4199985313415526,ID116,0.0
-7.75,-3.25,0.43000006675720215,ID13375,True,2.5822836813294003e-08,ID13375,2.4199985313415526,ID116,0.0
-7.75,-3.0,0.43000006675720215,ID13375,False,0.09705617514276774,ID11089.001,2.4206792163848876,ID124,0.0
-7.75,-2.75,0.43000006675720215,ID13375,False,0.1832123166988474,ID11089.001,2.4742418575286864,ID124,0.0
-7.75,-2.5,0.43000006675720215,ID13375,False,0.1360162571288882,ID11089.001,2.524729137420654,ID124,0.0
-7.75,-2.25,0.43000006675720215,ID13375,True,2.5822836813294003e-08,ID13375,2.5716961669921874,ID124,0.0
-7.75,-2.0,0.43000006675720215,ID13069,True,2.5822836813294003e-08,ID13069,2.6136606979370116,ID124,0.0
-7.75,-1.75,0.43000006675720215,ID13365,True,2.5822836813294003e-08,ID13365,2.6512576389312743,ID589,0.0
-7.75,-1.5,0.43000006675720215,ID13365,True,2.5822836813294003e-08,ID13365,2.684521083831787,ID589,0.0
-7.75,-1.25,0.43000006675720215,ID13365,True,2.5822836813294003e-08,ID13365,2.7131623077392577,ID124,0.0
-7.75,-1.0,0.43000006675720215,ID13069,True,2.5822831595245788e-08,ID13069,2.7369374084472655,ID124,0.0
-7.75,-0.75,0.43000006675720215,ID13069,True,2.5822831595245788e-08,ID13069,2.7556523132324218,ID124,0.0
-7.75,-0.5,0.43000006675720215,ID13069,True,2.582275321350025e-08,ID13069,2.7691592025756835,ID124,0.0
-7.75,-0.25,0.43000006675720215,ID13315,True,2.5822055438329272e-08,ID13315,2.777357940673828,ID124,0.019782341029446364
-7.75,0.0,0.43000006675720215,ID13315,True,2.5820546478705353e-08,ID13315,2.780198221206665,ID124,0.0
-7.75,0.25,0.43000006675720215,ID13315,True,2.5822825044929942e-08,ID13315,2.777357702255249,ID124,0.0
-7.75,0.5,0.43000006675720215,ID13069,True,2.5822204652303782e-08,ID13069,2.7691587257385253,ID124,0.019782341029446364
-7.75,0.75,0.43000006675720215,ID13069,True,2.5822314342338615e-08,ID13069,2.7556520748138427,ID124,0.019782341029446364
-7.75,1.0,0.43000006675720215,ID13069,True,2.5822831595245788e-08,ID13069,2.736936454772949,ID124,0.019782341029446364
-7.75,1.25,0.43000006675720215,ID13335,True,2.5822502469630138e-08,ID13335,2.713161115646362,ID605,0.0
-7.75,1.5,0.43000006675720215,ID13335,True,2.5822418869836383e-08,ID13335,2.682288770675659,ID605,0.0
-7.75,1.75,0.43000006675720215,ID13335,True,2.5430951566818294e-08,ID13335,2.6312948513031005,ID605,0.0
-7.75,2.0,0.43000006675720215,ID13335,True,2.5822502469630138e-08,ID13335,2.580301170349121,ID124,0.019782341029446364
-7.75,2.25,0.43000006675720215,ID13335,True,2.582275321350025e-08,ID13335,2.529308204650879,ID124,0.019782341029446364
-7.75,2.5,0.43000006675720215,ID13335,True,2.5822836813294003e-08,ID13335,2.4783145236968993,ID124,0.019782341029446364
-7.75,2.75,0.43000006675720215,ID13335,True,2.5822836813294003e-08,ID13335,2.4273203659057616,ID124,0.019782341029446364
-7.75,3.0,0.43000006675720215,ID13335,True,2.582275321350025e-08,ID13335,2.4199980545043944,ID116,0.019782341029446364
-7.75,3.25,0.43000006675720215,ID13335,True,2.5822836813294003e-08,ID13335,2.4199978160858153,ID116,0.019782341029446364
-7.75,3.5,0.43000006675720215,ID13335,True,2.5822836813294003e-08,ID13335,2.4199980545043944,ID116,0.019782341029446364
-7.75,3.75,0.43000006675720215,ID13335,True,2.5822836813294003e-08,ID13335,2.4199978160858153,ID116,0.019782341029446364
-7.75,4.0,0.43000006675720215,ID13059,True,2.5822836813294003e-08,ID13059,2.4199978160858153,ID116,0.0
-7.75,4.25,0.43000006675720215,ID13059,True,2.5822836813294003e-08,ID13059,2.419997577667236,ID116,0.0
-7.75,4.5,0.43000006675720215,ID13059,False,0.04785653483111696,ID7111,2.4199978160858153,ID116,0.0
-7.75,4.75,0.43000006675720215,ID13069,False,0.29633031384157027,ID7111,2.419997577667236,ID116,0.0
-7.75,5.0,-0.6799999475479126,ID13059,False,0.1351963200440234,ID7111,3.5299979496002196,ID116,0.0
-7.75,5.25,-0.679999828338623,ID13059,False,0.06575706170191048,ID13059,3.5299979496002196,ID116,0.0
-7.75,5.5,-0.6799999475479126,ID13059,False,0.26055413918895315,ID13059,3.5299979496002196,ID116,0.0
-7.75,5.75,,,False,,,,,
-7.75,6.0,,,False,,,,,
-7.75,6.25,,,False,,,,,
-7.75,6.5,,,False,,,,,
-7.75,6.75,,,False,,,,,
-7.75,7.0,,,False,,,,,
-7.75,7.25,,,False,,,,,
-7.75,7.5,,,False,,,,,
-7.75,7.75,,,False,,,,,
-7.75,8.0,,,False,,,,,
-7.5,-8.0,,,False,,,,,
-7.5,-7.75,,,False,,,,,
-7.5,-7.5,,,False,,,,,
-7.5,-7.25,,,False,,,,,
-7.5,-7.0,,,False,,,,,
-7.5,-6.75,,,False,,,,,
-7.5,-6.5,,,False,,,,,
-7.5,-6.25,,,False,,,,,
-7.5,-6.0,,,False,,,,,
-7.5,-5.75,0.43000006675720215,ID13069,False,0.3002451943528587,ID1471,2.4199982929229735,ID116,0.0
-7.5,-5.5,0.43000006675720215,ID14072,False,0.10385576529765198,ID1471,2.4199982929229735,ID116,0.0
-7.5,-5.25,0.43000006675720215,ID14072,False,0.0729173721053844,ID1836,2.4199985313415526,ID116,0.0
-7.5,-5.0,0.43000006675720215,ID13069,False,0.3105820736725186,ID1836,2.4199985313415526,ID116,0.0
-7.5,-4.75,0.5803576111793518,ID1908,False,0.34,ID1908,0.7823276567459106,ID1908,43.181808217121805
-7.5,-4.5,,,False,,,,,
-7.5,-4.25,0.43000006675720215,ID14168,False,0.14037687707307092,ID1651,2.4199987697601317,ID116,0.019782341029446364
-7.5,-4.0,0.43000006675720215,ID14168,False,0.08497286590976155,ID13059,2.4199985313415526,ID116,0.019782341029446364
-7.5,-3.75,0.43000006675720215,ID14168,False,0.023633818632125048,ID13059,2.4199982929229735,ID116,0.019782341029446364
-7.5,-3.5,0.43000006675720215,ID14168,True,2.5822836813294003e-08,ID14168,2.4199985313415526,ID116,0.019782341029446364
-7.5,-3.25,0.43000006675720215,ID13069,True,2.5822836813294003e-08,ID13069,2.4343701648712157,ID124,0.0
-7.5,-3.0,0.43000006675720215,ID13375,True,2.5822836813294003e-08,ID13375,2.4926930713653563,ID124,0.0
-7.5,-2.75,0.43000006675720215,ID13375,True,2.5822836813294003e-08,ID13375,2.54823148727417,ID124,0.0
-7.5,-2.5,0.43000006675720215,ID13375,True,2.5822836813294003e-08,ID13375,2.600494031906128,ID124,0.0
-7.5,-2.25,0.43000006675720215,ID13375,True,2.5822836813294003e-08,ID13375,2.647834424972534,ID653,0.0
-7.5,-2.0,0.43000006675720215,ID13375,True,2.5822836813294003e-08,ID13375,2.690997486114502,ID653,0.019782341029446364
-7.5,-1.75,0.43000006675720215,ID13069,True,2.5822836813294003e-08,ID13069,2.729966287612915,ID589,0.0
-7.5,-1.5,0.43000006675720215,ID13315,True,2.5822836813294003e-08,ID13315,2.7644029903411864,ID124,0.0
-7.5,-1.25,0.43000006675720215,ID13315,True,2.5822836813294003e-08,ID13315,2.7940174388885497,ID124,0.0
-7.5,-1.0,0.43000006675720215,ID13315,True,2.582275321350025e-08,ID13315,2.818570261001587,ID124,0.0
-7.5,-0.75,0.43000006675720215,ID13315,True,2.5822502469630138e-08,ID13315,2.8378666687011718,ID124,0.0
-7.5,-0.5,0.43000006675720215,ID13315,True,2.582275321350025e-08,ID13315,2.851760272979736,ID124,0.0
-7.5,-0.25,0.43000006675720215,ID13315,True,2.5822502469630138e-08,ID13315,2.860152606964111,ID124,0.0
-7.5,0.0,0.43000006675720215,ID13315,True,2.582275321350025e-08,ID13315,2.8629933643341063,ID124,0.0
-7.5,0.25,0.43000006675720215,ID13315,True,2.5822836813294003e-08,ID13315,2.860152130126953,ID124,0.0
-7.5,0.5,0.43000006675720215,ID13315,True,2.5822836813294003e-08,ID13315,2.851760034561157,ID124,0.0
-7.5,0.75,0.43000006675720215,ID13345,True,2.5822836813294003e-08,ID13345,2.8378661918640136,ID124,0.0
-7.5,1.0,0.43000006675720215,ID13345,True,2.5822836813294003e-08,ID13345,2.8185697841644286,ID124,0.0
-7.5,1.25,0.43000006675720215,ID13345,True,2.5822836813294003e-08,ID13345,2.7940169620513915,ID124,0.0
-7.5,1.5,0.43000006675720215,ID13345,True,2.5822836813294003e-08,ID13345,2.7583724308013915,ID124,0.0
-7.5,1.75,0.43000006675720215,ID13069,True,2.5822836813294003e-08,ID13069,2.7073780345916747,ID124,0.0
-7.5,2.0,0.43000006675720215,ID13069,True,2.5822836813294003e-08,ID13069,2.6563845920562743,ID901,0.0
-7.5,2.25,0.43000006675720215,ID13335,True,2.5822836813294003e-08,ID13335,2.605390911102295,ID901,0.019782341029446364
-7.5,2.5,0.43000006675720215,ID13335,True,2.582275321350025e-08,ID13335,2.5543977069854735,ID124,0.019782341029446364
-7.5,2.75,0.43000006675720215,ID13335,True,2.5822502469630138e-08,ID13335,2.503403549194336,ID124,0.019782341029446364
-7.5,3.0,0.43000006675720215,ID13335,True,2.582275321350025e-08,ID13335,2.4524098682403563,ID124,0.0
-7.5,3.25,0.43000006675720215,ID13335,True,2.582275321350025e-08,ID13335,2.4199980545043944,ID116,0.0
-7.5,3.5,0.43000006675720215,ID13335,True,2.5822836813294003e-08,ID13335,2.4199980545043944,ID116,0.0
-7.5,3.75,0.43000006675720215,ID13335,True,2.5822836813294003e-08,ID13335,2.4199980545043944,ID116,0.0
-7.5,4.0,0.43000006675720215,ID13335,True,2.5822836813294003e-08,ID13335,2.4199978160858153,ID116,0.0
-7.5,4.25,0.43000006675720215,ID13069,True,2.5822836813294003e-08,ID13069,2.4199978160858153,ID116,0.0
-7.5,4.5,0.43000006675720215,ID13059,False,0.1154388345151128,ID7101,2.4199978160858153,ID116,0.0
-7.5,4.75,-0.6799999475479126,ID13059,False,0.3303820697431285,ID6413.001,3.5299977111816405,ID116,0.0
-7.5,5.0,-0.6799999475479126,ID13059,False,0.14946407347223126,ID6413.001,3.5299977111816405,ID116,0.0
-7.5,5.25,-0.6799999475479126,ID13059,True,0.0,ID13059,3.5299974727630614,ID116,0.0
-7.5,5.5,-0.6799999475479126,ID13059,False,0.10385681437013489,ID13059,3.5299974727630614,ID116,0.0
-7.5,5.75,-0.6799999475479126,ID13059,False,0.3002458605544487,ID13059,3.5299977111816405,ID116,0.0
-7.5,6.0,,,False,,,,,
-7.5,6.25,,,False,,,,,
-7.5,6.5,,,False,,,,,
-7.5,6.75,,,False,,,,,
-7.5,7.0,,,False,,,,,
-7.5,7.25,,,False,,,,,
-7.5,7.5,,,False,,,,,
-7.5,7.75,,,False,,,,,
-7.5,8.0,,,False,,,,,
-7.25,-8.0,,,False,,,,,
-7.25,-7.75,,,False,,,,,
-7.25,-7.5,,,False,,,,,
-7.25,-7.25,,,False,,,,,
-7.25,-7.0,,,False,,,,,
-7.25,-6.75,,,False,,,,,
-7.25,-6.5,,,False,,,,,
-7.25,-6.25,,,False,,,,,
-7.25,-6.0,,,False,,,,,
-7.25,-5.75,0.43000006675720215,ID14072,False,0.1535829150238405,ID1471,2.4199985313415526,ID116,0.0
-7.25,-5.5,0.43000006675720215,ID14072,True,2.5822836813294003e-08,ID14072,2.4199985313415526,ID116,0.0
-7.25,-5.25,0.43000006675720215,ID14072,True,2.5822836813294003e-08,ID14072,2.4199982929229735,ID116,0.0
-7.25,-5.0,0.43000006675720215,ID14072,False,0.17444239462595354,ID1836,2.4199985313415526,ID116,0.0
-7.25,-4.75,0.43000006675720215,ID13069,False,0.34,ID1836,0.2933363366127014,ID1836,0.0
-7.25,-4.5,0.43000006675720215,ID13069,False,0.21380357086607613,ID1667,2.4199985313415526,ID116,0.0
-7.25,-4.25,0.43000006675720215,ID13069,False,0.27651648522815486,ID1651,2.4199985313415526,ID116,0.0
-7.25,-4.0,0.43000006675720215,ID14168,False,0.0668357484180736,ID1651,2.4199985313415526,ID116,0.019782341029446364
-7.25,-3.75,0.43000006675720215,ID14168,True,2.5822836813294003e-08,ID14168,2.4199982929229735,ID116,0.0
-7.25,-3.5,0.43000006675720215,ID14168,True,2.5822836813294003e-08,ID14168,2.441258554458618,ID124,0.019782341029446364
-7.25,-3.25,0.43000006675720215,ID14168,True,2.5822836813294003e-08,ID14168,2.504206304550171,ID124,0.019782341029446364
-7.25,-3.0,0.43000006675720215,ID13375,True,2.5822836813294003e-08,ID13375,2.564706687927246,ID124,0.0
-7.25,-2.75,0.43000006675720215,ID13375,True,2.5822836813294003e-08,ID13375,2.6222213554382323,ID677,0.0
-7.25,-2.5,0.43000006675720215,ID13069,True,2.5822836813294003e-08,ID13069,2.6748486804962157,ID653,0.0
-7.25,-2.25,0.43000006675720215,ID13315,True,2.5822836813294003e-08,ID13315,2.723598127365112,ID653,0.0
-7.25,-2.0,0.43000006675720215,ID13315,True,2.5822836813294003e-08,ID13315,2.7683349895477294,ID124,0.0
-7.25,-1.75,0.43000006675720215,ID13315,True,2.582275321350025e-08,ID13315,2.808675651550293,ID124,0.0
-7.25,-1.5,0.43000006675720215,ID13315,True,2.582281594110114e-08,ID13315,2.8442841815948485,ID124,0.0
-7.25,-1.25,0.43000006675720215,ID13315,True,2.582281594110114e-08,ID13315,2.874872808456421,ID124,0.0
-7.25,-1.0,0.43000006675720215,ID13315,True,2.582281594110114e-08,ID13315,3.069998149871826,ID124,0.0
-7.25,-0.75,0.43000006675720215,ID13315,True,2.5822836813294003e-08,ID13315,3.069998388290405,ID124,0.0
-7.25,-0.5,0.43000006675720215,ID13315,True,2.5822835536537525e-08,ID13315,3.069998149871826,ID124,0.0
-7.25,-0.25,0.43000006675720215,ID13315,True,2.5822831595245788e-08,ID13315,3.069998388290405,ID124,0.0
-7.25,0.0,0.43000006675720215,ID13315,True,2.5822836313693642e-08,ID13315,3.069998388290405,ID124,0.0
-7.25,0.25,0.43000006675720215,ID13315,True,2.5822836813294003e-08,ID13315,3.069998149871826,ID124,0.0
-7.25,0.5,0.43000006675720215,ID13315,True,2.5822836813294003e-08,ID13315,3.069998149871826,ID124,0.0
-7.25,0.75,0.43000006675720215,ID13345,True,2.5822836813294003e-08,ID13345,3.069998388290405,ID124,0.0
-7.25,1.0,0.43000006675720215,ID13345,True,2.5822836813294003e-08,ID13345,3.069997911453247,ID124,0.0
-7.25,1.25,0.43000006675720215,ID13345,True,2.5822836813294003e-08,ID13345,2.8748720932006835,ID124,0.0
-7.25,1.5,0.43000006675720215,ID13345,True,2.5822836813294003e-08,ID13345,2.8344551372528075,ID124,0.0
-7.25,1.75,0.43000006675720215,ID13345,True,2.582275321350025e-08,ID13345,2.783461456298828,ID124,0.0
-7.25,2.0,0.43000009655952454,ID13345,True,0.0,ID13345,2.7324675369262694,ID124,0.0
-7.25,2.25,0.43000006675720215,ID13345,True,2.5822836813294003e-08,ID13345,2.68147385597229,ID901,0.0
-7.25,2.5,0.43000006675720215,ID13069,True,2.5822836813294003e-08,ID13069,2.6304804134368895,ID124,0.0
-7.25,2.75,0.43000006675720215,ID13335,True,2.5822836813294003e-08,ID13335,2.579486970901489,ID124,0.0
-7.25,3.0,0.43000006675720215,ID13335,True,2.5822836813294003e-08,ID13335,2.5284932899475097,ID124,0.0
-7.25,3.25,0.43000006675720215,ID13335,True,2.5822836813294003e-08,ID13335,2.477499370574951,ID124,0.0
-7.25,3.5,0.43000006675720215,ID13335,True,2.582275321350025e-08,ID13335,2.4265054512023925,ID124,0.0
-7.25,3.75,0.43000006675720215,ID13335,True,2.5822502469630138e-08,ID13335,2.4199980545043944,ID116,0.0
-7.25,4.0,0.43000006675720215,ID13335,True,2.5822836813294003e-08,ID13335,2.4199978160858153,ID116,0.0
-7.25,4.25,0.43000006675720215,ID13335,False,0.0032350754147569827,ID6423.001,2.4199980545043944,ID116,0.0
-7.25,4.5,0.43000006675720215,ID13069,False,0.21207992968417538,ID6423.001,2.4199980545043944,ID116,0.0
-7.25,4.75,0.43000006675720215,ID6413.001,False,0.34,ID6423.001,0.2500000047683716,ID6467.001,0.0
-7.25,5.0,-0.6799999475479126,ID13059,False,0.3006928647706248,ID6413.001,3.5299979496002196,ID116,0.0
-7.25,5.25,-0.6799999475479126,ID13059,False,0.10162040113575505,ID6413.001,3.5299979496002196,ID116,0.0
-7.25,5.5,-0.6799999475479126,ID13059,True,0.0,ID13059,3.5299977111816405,ID116,0.0
-7.25,5.75,-0.6799999475479126,ID13059,False,0.153583299709138,ID13059,3.5299977111816405,ID116,0.0
-7.25,6.0,,,False,,,,,
-7.25,6.25,,,False,,,,,
-7.25,6.5,,,False,,,,,
-7.25,6.75,,,False,,,,,
-7.25,7.0,,,False,,,,,
-7.25,7.25,,,False,,,,,
-7.25,7.5,,,False,,,,,
-7.25,7.75,,,False,,,,,
-7.25,8.0,,,False,,,,,
-7.0,-8.0,,,False,,,,,
-7.0,-7.75,,,False,,,,,
-7.0,-7.5,,,False,,,,,
-7.0,-7.25,,,False,,,,,
-7.0,-7.0,,,False,,,,,
-7.0,-6.75,,,False,,,,,
-7.0,-6.5,,,False,,,,,
-7.0,-6.25,,,False,,,,,
-7.0,-6.0,0.43000006675720215,ID14072,False,0.21363881231515938,ID1471,2.4199985313415526,ID116,0.0
-7.0,-5.75,0.43000006675720215,ID14072,False,0.006920532597185447,ID1471,2.4199985313415526,ID116,0.0
-7.0,-5.5,0.43000006675720215,ID14072,True,2.5822836813294003e-08,ID14072,2.4199985313415526,ID116,0.0
-7.0,-5.25,0.43000006675720215,ID14072,True,2.5822836813294003e-08,ID14072,2.4199987697601317,ID116,0.0
-7.0,-5.0,0.43000006675720215,ID14072,False,0.038302781222861404,ID1836,2.4199987697601317,ID116,0.0
-7.0,-4.75,0.43000006675720215,ID13069,False,0.24798343659459054,ID1836,2.4199987697601317,ID116,0.0
-7.0,-4.5,0.43000006675720215,ID13069,False,0.24233665730483983,ID1852,2.4199987697601317,ID116,0.0
-7.0,-4.25,0.43000006675720215,ID13069,False,0.28734437069557317,ID1667,2.4199985313415526,ID116,0.0
-7.0,-4.0,0.43000006675720215,ID14168,False,0.20297544551729496,ID1651,2.4199985313415526,ID116,0.019782341029446364
-7.0,-3.75,0.43000006675720215,ID14168,True,2.582275321350025e-08,ID14168,2.4409076023101806,ID124,0.019782341029446364
-7.0,-3.5,0.43000006675720215,ID14168,True,2.5822836813294003e-08,ID14168,2.5087155151367186,ID124,0.0
-7.0,-3.25,0.43000006675720215,ID14168,True,2.5822836813294003e-08,ID14168,2.5740410137176513,ID124,0.019782341029446364
-7.0,-3.0,0.43000006675720215,ID13069,True,2.582275321350025e-08,ID13069,2.6367200660705565,ID677,0.0
-7.0,-2.75,0.43000006675720215,ID13069,True,2.5822836813294003e-08,ID13069,2.694531087875366,ID677,0.0
-7.0,-2.5,0.43000006675720215,ID13315,True,2.5822836813294003e-08,ID13315,2.748838548660278,ID124,0.0
-7.0,-2.25,0.43000006675720215,ID13315,True,2.5822836813294003e-08,ID13315,2.7993625450134276,ID124,0.0
-7.0,-2.0,0.43000006675720215,ID13315,True,2.5822836813294003e-08,ID13315,2.845672254562378,ID124,0.0
-7.0,-1.75,0.43000006675720215,ID13315,True,2.582281594110114e-08,ID13315,2.8873845386505126,ID124,0.0
-7.0,-1.5,0.43000006675720215,ID13315,True,2.5822836813294003e-08,ID13315,3.0699986267089843,ID124,0.0
-7.0,-1.25,0.43000006675720215,ID13315,True,2.5822836813294003e-08,ID13315,3.0699986267089843,ID124,0.0
-7.0,-1.0,0.43000006675720215,ID13315,True,2.5822831595245788e-08,ID13315,3.0699986267089843,ID124,0.0
-7.0,-0.75,0.43000006675720215,ID13315,True,2.5822836813294003e-08,ID13315,3.069998388290405,ID124,0.0
-7.0,-0.5,0.43000006675720215,ID13315,True,2.5822831595245788e-08,ID13315,3.0699986267089843,ID124,0.0
-7.0,-0.25,0.43000006675720215,ID13315,True,2.5822835536537525e-08,ID13315,3.069998388290405,ID124,0.0
-7.0,0.0,0.43000009655952454,ID13315,True,0.0,ID13315,3.069998388290405,ID124,0.0
-7.0,0.25,0.43000006675720215,ID13315,True,2.5822836813294003e-08,ID13315,3.069998388290405,ID124,0.0
-7.0,0.5,0.43000006675720215,ID13315,True,2.5822836813294003e-08,ID13315,3.069998388290405,ID124,0.0
-7.0,0.75,0.43000006675720215,ID13345,True,2.5822836813294003e-08,ID13345,3.069997673034668,ID124,0.0
-7.0,1.0,0.43000006675720215,ID13345,True,2.5822836813294003e-08,ID13345,3.069998149871826,ID124,0.0
-7.0,1.25,0.43000006675720215,ID13345,True,2.5822836813294003e-08,ID13345,3.069998149871826,ID124,0.0
-7.0,1.5,0.43000006675720215,ID13345,True,2.5822836813294003e-08,ID13345,3.069998149871826,ID124,0.0
-7.0,1.75,0.43000006675720215,ID13345,True,2.5822836813294003e-08,ID13345,2.859544401168823,ID124,0.0
-7.0,2.0,0.43000006675720215,ID13345,True,2.5822836813294003e-08,ID13345,2.8085507202148436,ID124,0.0
-7.0,2.25,0.43000006675720215,ID13345,True,2.5822836813294003e-08,ID13345,2.757556800842285,ID124,0.0
-7.0,2.5,0.43000006675720215,ID13345,True,2.5822836813294003e-08,ID13345,2.7065633583068847,ID741,0.0
-7.0,2.75,0.43000006675720215,ID13345,True,2.5822836813294003e-08,ID13345,2.655569438934326,ID741,0.0
-7.0,3.0,0.43000006675720215,ID13335,True,2.5822836813294003e-08,ID13335,2.6045759963989257,ID741,0.0
-7.0,3.25,0.43000006675720215,ID13335,True,2.5822836813294003e-08,ID13335,2.553582077026367,ID124,0.0
-7.0,3.5,0.43000006675720215,ID13335,True,2.5822836813294003e-08,ID13335,2.5025886344909667,ID124,0.0
-7.0,3.75,0.43000006675720215,ID13335,True,2.582275321350025e-08,ID13335,2.440906648635864,ID124,0.0
-7.0,4.0,0.43000006675720215,ID13335,True,2.5822836813294003e-08,ID13335,2.4199978160858153,ID116,0.0
-7.0,4.25,0.43000006675720215,ID13335,False,0.08364869506344502,ID6423.001,2.4199978160858153,ID116,0.0
-7.0,4.5,0.43000006675720215,ID6413.001,False,0.3287399690422879,ID6423.001,0.21470438420772553,ID6413.001,0.0
-7.0,4.75,0.43000009655952454,ID6413.001,False,0.34,ID6423.001,0.2499999749660492,ID6467.001,0.0
-7.0,5.0,0.43000006675720215,ID6413.001,False,0.34,ID6423.001,0.2500000047683716,ID6467.001,0.0
-7.0,5.25,-0.6799999475479126,ID13059,False,0.2528491915038335,ID6413.001,3.5299977111816405,ID116,0.0
-7.0,5.5,-0.6799999475479126,ID13059,False,0.05377669388600653,ID6413.001,3.5299974727630614,ID116,0.0
-7.0,5.75,-0.6799999475479126,ID13059,False,0.006920633256704778,ID13059,3.5299974727630614,ID116,0.0
-7.0,6.0,-0.6799999475479126,ID13059,False,0.2136393337657905,ID13059,3.5299979496002196,ID116,0.0
-7.0,6.25,,,False,,,,,
-7.0,6.5,,,False,,,,,
-7.0,6.75,,,False,,,,,
-7.0,7.0,,,False,,,,,
-7.0,7.25,,,False,,,,,
-7.0,7.5,,,False,,,,,
-7.0,7.75,,,False,,,,,
-7.0,8.0,,,False,,,,,
-6.75,-8.0,,,False,,,,,
-6.75,-7.75,,,False,,,,,
-6.75,-7.5,,,False,,,,,
-6.75,-7.25,,,False,,,,,
-6.75,-7.0,,,False,,,,,
-6.75,-6.75,,,False,,,,,
-6.75,-6.5,,,False,,,,,
-6.75,-6.25,0.43000006675720215,ID13069,False,0.2865238158092424,ID1471,2.4199985313415526,ID116,0.0
-6.75,-6.0,0.43000006675720215,ID14072,False,0.07710184235616196,ID1471,2.4199985313415526,ID116,0.0
-6.75,-5.75,0.43000006675720215,ID14072,True,2.5822836813294003e-08,ID14072,2.4199985313415526,ID116,0.0
-6.75,-5.5,0.43000006675720215,ID14072,True,2.5822836813294003e-08,ID14072,2.4199985313415526,ID116,0.0
-6.75,-5.25,0.43000006675720215,ID14072,True,2.5822836813294003e-08,ID14072,2.4199985313415526,ID116,0.0
-6.75,-5.0,0.43000006675720215,ID14072,True,2.5822836813294003e-08,ID14072,2.4199985313415526,ID116,0.0
-6.75,-4.75,0.43000006675720215,ID14072,False,0.11184371795296022,ID1836,2.4199985313415526,ID116,0.0
-6.75,-4.5,0.43000006675720215,ID13069,False,0.32152439050194004,ID1836,2.4199985313415526,ID116,0.0
-6.75,-4.25,0.43000006675720215,ID13069,False,0.1687956441803576,ID1852,2.4199985313415526,ID116,0.0
-6.75,-4.0,0.43000006675720215,ID13069,False,0.3391151802445777,ID1651,2.433617715835571,ID124,0.0
-6.75,-3.75,0.43000006675720215,ID14168,False,0.12943454474085478,ID1651,2.5062080669403075,ID124,0.019782341029446364
-6.75,-3.5,0.43000006675720215,ID14168,True,2.5822836813294003e-08,ID14168,2.5761727142333983,ID124,0.0
-6.75,-3.25,0.43000009655952454,ID14168,True,0.0,ID14168,2.6438771533966063,ID717,0.0
-6.75,-3.0,0.43000006675720215,ID14168,True,2.5822836813294003e-08,ID14168,2.7067526626586913,ID677,0.019782341029446364
-6.75,-2.75,0.43000006675720215,ID13315,True,2.5822836813294003e-08,ID13315,2.7665442276000975,ID124,0.0
-6.75,-2.5,0.43000006675720215,ID13315,True,2.5822836813294003e-08,ID13315,2.8228284168243407,ID124,0.0
-6.75,-2.25,0.43000006675720215,ID13315,True,2.5822084470661366e-08,ID13315,2.8751274394989013,ID124,0.0
-6.75,-2.0,0.43000006675720215,ID13315,True,2.5629819933037368e-08,ID13315,3.0699986267089843,ID124,0.0
-6.75,-1.75,0.43000006675720215,ID13315,True,2.5822418869836383e-08,ID13315,3.0699986267089843,ID124,0.0
-6.75,-1.5,0.43000006675720215,ID13315,True,2.582281594110114e-08,ID13315,3.0699988651275634,ID124,0.0
-6.75,-1.25,0.43000006675720215,ID13315,True,2.5822418869836383e-08,ID13315,3.0699991035461425,ID124,0.0
-6.75,-1.0,0.43000006675720215,ID13315,True,2.58217501269975e-08,ID13315,3.069998388290405,ID124,0.0
-6.75,-0.75,0.43000006675720215,ID13315,True,2.5822831595245788e-08,ID13315,3.069998149871826,ID124,0.0
-6.75,-0.5,0.43000006675720215,ID13315,True,2.5822835536537525e-08,ID13315,3.069998149871826,ID124,0.0
-6.75,-0.25,0.43000006675720215,ID13315,True,2.5822835536537525e-08,ID13315,3.069998149871826,ID124,0.0
-6.75,0.0,0.43000009655952454,ID13315,True,0.0,ID13315,3.069997911453247,ID124,0.0
-6.75,0.25,0.43000006675720215,ID13315,True,2.5822836813294003e-08,ID13315,3.069998149871826,ID124,0.0
-6.75,0.5,0.43000006675720215,ID13069,True,2.5822836813294003e-08,ID13069,3.069997911453247,ID124,0.0
-6.75,0.75,0.43000006675720215,ID13345,True,2.5822831595245788e-08,ID13345,3.069997911453247,ID124,0.0
-6.75,1.0,0.43000006675720215,ID13345,True,2.5822836813294003e-08,ID13345,3.069998149871826,ID124,0.0
-6.75,1.25,0.43000006675720215,ID13345,True,2.582281594110114e-08,ID13345,3.069998149871826,ID124,0.0
-6.75,1.5,0.43000006675720215,ID13345,True,2.582281594110114e-08,ID13345,3.069998149871826,ID124,0.0
-6.75,1.75,0.43000006675720215,ID13345,True,2.5822836813294003e-08,ID13345,3.069998149871826,ID124,0.0
-6.75,2.0,0.43000006675720215,ID13345,True,2.5822836813294003e-08,ID13345,2.884633903503418,ID124,0.0
-6.75,2.25,0.43000006675720215,ID13345,True,2.5822836813294003e-08,ID13345,2.8336399841308593,ID124,0.0
-6.75,2.5,0.43000006675720215,ID13345,True,2.5822836813294003e-08,ID13345,2.7826463031768798,ID124,0.0
-6.75,2.75,0.43000006675720215,ID13345,True,2.5822836813294003e-08,ID13345,2.7316526222229003,ID124,0.0
-6.75,3.0,0.43000006675720215,ID13345,True,2.5822836813294003e-08,ID13345,2.680658941268921,ID124,0.0
-6.75,3.25,0.43000006675720215,ID13069,True,2.5822836813294003e-08,ID13069,2.6296657371520995,ID501,0.0
-6.75,3.5,0.43000006675720215,ID13335,True,2.5822836813294003e-08,ID13335,2.576171998977661,ID124,0.0
-6.75,3.75,0.43000006675720215,ID13335,True,2.5822836813294003e-08,ID13335,2.5062083053588866,ID124,0.0
-6.75,4.0,0.43000006675720215,ID13335,True,2.5822836813294003e-08,ID13335,2.433617238998413,ID124,0.0
-6.75,4.25,0.43000006675720215,ID13335,False,0.07747558950280348,ID6423.001,2.4199980545043944,ID116,0.0
-6.75,4.5,0.43000006675720215,ID6413.001,False,0.3192370046338757,ID6423.001,0.18805699527263642,ID6413.001,0.0
-6.75,4.75,0.43000006675720215,ID6413.001,False,0.34,ID6423.001,0.2500000047683716,ID6467.001,0.0
-6.75,5.0,0.43000006675720215,ID6413.001,False,0.34,ID6423.001,0.2499999898672104,ID6467.001,0.0
-6.75,5.25,0.43000006675720215,ID6413.001,False,0.34,ID6423.001,0.2499999898672104,ID6413.001,0.0
-6.75,5.5,-0.6799999475479126,ID13059,False,0.20500549575117497,ID6413.001,3.5299974727630614,ID116,0.0
-6.75,5.75,-0.6799999475479126,ID13059,False,0.10429870752970158,ID11556.001,3.5299974727630614,ID116,0.0
-6.75,6.0,-0.6799999475479126,ID13059,False,0.07710328062412553,ID13059,3.5299974727630614,ID116,0.0
-6.75,6.25,-0.6799999475479126,ID13059,False,0.28652645543376776,ID13059,3.5299979496002196,ID116,0.0
-6.75,6.5,,,False,,,,,
-6.75,6.75,,,False,,,,,
-6.75,7.0,,,False,,,,,
-6.75,7.25,,,False,,,,,
-6.75,7.5,,,False,,,,,
-6.75,7.75,,,False,,,,,
-6.75,8.0,,,False,,,,,
-6.5,-8.0,,,False,,,,,
-6.5,-7.75,,,False,,,,,
-6.5,-7.5,,,False,,,,,
-6.5,-7.25,,,False,,,,,
-6.5,-7.0,,,False,,,,,
-6.5,-6.75,,,False,,,,,
-6.5,-6.5,,,False,,,,,
-6.5,-6.25,0.43000006675720215,ID14072,False,0.1567981134590739,ID1471,2.4199987697601317,ID116,0.0
-6.5,-6.0,0.43000006675720215,ID14072,True,2.5822836813294003e-08,ID14072,2.4199987697601317,ID116,0.0
-6.5,-5.75,0.43000006675720215,ID14072,True,2.5822836813294003e-08,ID14072,2.4199987697601317,ID116,0.0
-6.5,-5.5,0.43000006675720215,ID14072,True,2.5822836813294003e-08,ID14072,2.4199987697601317,ID116,0.0
-6.5,-5.25,0.43000006675720215,ID14072,True,2.5822836813294003e-08,ID14072,2.4199985313415526,ID116,0.0
-6.5,-5.0,0.43000006675720215,ID14072,True,2.5822836813294003e-08,ID14072,2.4199985313415526,ID116,0.0
-6.5,-4.75,0.43000006675720215,ID14072,True,2.5822502469630138e-08,ID14072,2.4199985313415526,ID116,0.0
-6.5,-4.5,0.43000006675720215,ID14072,False,0.18538487016445424,ID1836,2.4199987697601317,ID116,0.0
-6.5,-4.25,0.43000006675720215,ID13069,False,0.2864941061580805,ID1852,2.4199982929229735,ID116,0.0
-6.5,-4.0,0.43000006675720215,ID13069,False,0.3202176964444909,ID1507,1.4684175300598143,ID1507,0.0
-6.5,-3.75,0.43000006675720215,ID13069,False,0.2655742439248925,ID1651,2.5710879611968993,ID124,0.0
-6.5,-3.5,0.43000006675720215,ID14168,False,0.05589366312627997,ID1651,2.643629913330078,ID717,0.019782341029446364
-6.5,-3.25,0.43000006675720215,ID14168,True,2.5822836813294003e-08,ID14168,2.711437349319458,ID717,0.0
-6.5,-3.0,0.43000006675720215,ID14168,True,2.5822836813294003e-08,ID14168,2.7765885639190673,ID124,0.019782341029446364
-6.5,-2.75,0.43000006675720215,ID13069,True,2.582275321350025e-08,ID13069,2.838557844161987,ID124,0.0
-6.5,-2.5,0.43000006675720215,ID13315,True,2.5822836813294003e-08,ID13315,2.8963679122924804,ID124,0.0
-6.5,-2.25,0.43000006675720215,ID13315,True,2.5822836813294003e-08,ID13315,3.0699986267089843,ID124,0.0
-6.5,-2.0,0.43000006675720215,ID13315,True,2.5822648741513632e-08,ID13315,3.069998388290405,ID124,0.0
-6.5,-1.75,0.43000006675720215,ID13315,True,2.582281594110114e-08,ID13315,3.069998388290405,ID124,0.0
-6.5,-1.5,0.43000006675720215,ID13315,True,2.5822836813294003e-08,ID13315,3.069998388290405,ID124,0.0
-6.5,-1.25,0.43000006675720215,ID13315,True,2.5820412585808583e-08,ID13315,3.069998388290405,ID124,0.0
-6.5,-1.0,0.43000006675720215,ID13315,True,2.5815731385936402e-08,ID13315,3.072603588104248,ID144,0.0
-6.5,-0.75,0.43000006675720215,ID13315,True,2.581813468571781e-08,ID13315,3.1599983024597167,ID144,0.0
-6.5,-0.5,0.43000006675720215,ID13315,True,2.5821499327616237e-08,ID13315,3.159998540878296,ID144,0.0
-6.5,-0.25,0.43000006675720215,ID13315,True,2.5822084470661366e-08,ID13315,3.1599980640411376,ID144,0.0
-6.5,0.0,0.43000006675720215,ID13315,True,2.5822833871202988e-08,ID13315,3.1599983024597167,ID144,0.0
-6.5,0.25,0.43000006675720215,ID13315,True,2.5822836813294003e-08,ID13315,3.159998540878296,ID144,0.0
-6.5,0.5,0.43000006675720215,ID13069,True,2.5822836813294003e-08,ID13069,3.1599983024597167,ID144,0.0
-6.5,0.75,0.43000006675720215,ID13345,True,2.5822836813294003e-08,ID13345,3.1599983024597167,ID144,0.0
-6.5,1.0,0.43000006675720215,ID13345,True,2.582281594110114e-08,ID13345,3.072603588104248,ID144,0.0
-6.5,1.25,0.43000006675720215,ID13345,True,2.5822836813294003e-08,ID13345,3.069998149871826,ID124,0.0
-6.5,1.5,0.43000006675720215,ID13345,True,2.5822648741513632e-08,ID13345,3.069998149871826,ID124,0.0
-6.5,1.75,0.43000006675720215,ID13345,True,2.5822836813294003e-08,ID13345,3.069998149871826,ID124,0.0
-6.5,2.0,0.43000006675720215,ID13345,True,2.582281594110114e-08,ID13345,3.069998149871826,ID124,0.0
-6.5,2.25,0.43000006675720215,ID13345,True,2.5822836813294003e-08,ID13345,3.069997911453247,ID124,0.0
-6.5,2.5,0.43000006675720215,ID13345,True,2.5822836813294003e-08,ID13345,2.858729724884033,ID124,0.0
-6.5,2.75,0.43000006675720215,ID13345,True,2.5822836813294003e-08,ID13345,2.8077362823486327,ID124,0.0
-6.5,3.0,0.43000006675720215,ID13345,True,2.5822836813294003e-08,ID13345,2.756742601394653,ID124,0.0
-6.5,3.25,0.43000006675720215,ID13345,True,2.5822836813294003e-08,ID13345,2.7057489204406737,ID501,0.0
-6.5,3.5,0.43000006675720215,ID13069,True,2.5822836813294003e-08,ID13069,2.6436289596557616,ID501,0.0
-6.5,3.75,0.43000006675720215,ID13335,True,2.5822836813294003e-08,ID13335,2.571087245941162,ID124,0.0
-6.5,4.0,0.43000006675720215,ID13335,True,2.5822836813294003e-08,ID13335,2.4967247295379638,ID124,0.0
-6.5,4.25,0.43000006675720215,ID13335,True,2.5822836813294003e-08,ID13335,2.4199982929229735,ID116,0.0
-6.5,4.5,0.43000006675720215,ID13069,False,0.1896280533140555,ID6423.001,2.4199980545043944,ID116,0.0
-6.5,4.75,0.43000006675720215,ID13059,False,0.33898710643858193,ID6423.001,0.2470218735933304,ID6413.001,0.0
-6.5,5.0,0.43000006675720215,ID6413.001,False,0.34,ID6423.001,0.2500000047683716,ID6413.001,0.0
-6.5,5.25,,,False,,,,,
-6.5,5.5,0.43000006675720215,ID13059,False,0.34,ID11586.001,0.29201409697532654,ID11556.001,0.0
-6.5,5.75,0.43000006675720215,ID13059,False,0.34,ID11556.001,1.387670760154724,ID11556.001,0.0
-6.5,6.0,-0.6799999475479126,ID13059,False,0.315152116141397,ID13059,3.5299979496002196,ID116,0.0
-6.5,6.25,-0.6799999475479126,ID13059,False,0.15680024095223188,ID13059,3.5299979496002196,ID116,0.0
-6.5,6.5,,,False,,,,,
-6.5,6.75,,,False,,,,,
-6.5,7.0,,,False,,,,,
-6.5,7.25,,,False,,,,,
-6.5,7.5,,,False,,,,,
-6.5,7.75,,,False,,,,,
-6.5,8.0,,,False,,,,,
-6.25,-8.0,,,False,,,,,
-6.25,-7.75,,,False,,,,,
-6.25,-7.5,,,False,,,,,
-6.25,-7.25,,,False,,,,,
-6.25,-7.0,,,False,,,,,
-6.25,-6.75,,,False,,,,,
-6.25,-6.5,0.43000006675720215,ID13069,False,0.24616028578161517,ID1471,2.419999008178711,ID116,0.0
-6.25,-6.25,0.43000006675720215,ID14072,False,0.030442506712613504,ID1471,2.419999008178711,ID116,0.0
-6.25,-6.0,0.43000006675720215,ID14072,True,2.5822836813294003e-08,ID14072,2.4199987697601317,ID116,0.0
-6.25,-5.75,0.43000006675720215,ID14072,True,2.5822836813294003e-08,ID14072,2.4199987697601317,ID116,0.0
-6.25,-5.5,0.43000006675720215,ID14072,True,2.5822836813294003e-08,ID14072,2.4199987697601317,ID116,0.0
-6.25,-5.25,0.43000006675720215,ID14072,True,2.5822836813294003e-08,ID14072,2.4199987697601317,ID116,0.0
-6.25,-5.0,0.43000006675720215,ID14072,True,2.5822836813294003e-08,ID14072,2.4199987697601317,ID116,0.0
-6.25,-4.75,0.43000006675720215,ID14072,True,2.5822836813294003e-08,ID14072,2.4199987697601317,ID116,0.0
-6.25,-4.5,0.43000006675720215,ID14072,False,0.04924509449649522,ID1836,2.4199985313415526,ID116,0.0
-6.25,-4.25,0.43000006675720215,ID13069,False,0.2589257193025419,ID1836,2.4803637313842772,ID124,0.0
-6.25,-4.0,0.43000006675720215,ID13069,False,0.34,ID1507,1.0263754177093505,ID1507,0.0
-6.25,-3.75,0.5200091600418091,ID1495,False,0.34,ID1495,0.37287593364715577,ID1495,32.75896433445386
-6.25,-3.5,0.43000006675720215,ID14168,False,0.19203316450350394,ID1651,2.7085586833953856,ID717,0.019782341029446364
-6.25,-3.25,0.43000006675720215,ID14168,True,2.5822836813294003e-08,ID14168,2.7788947868347167,ID124,0.0
-6.25,-3.0,0.43000006675720215,ID14168,True,2.5822836813294003e-08,ID14168,2.8464247035980224,ID124,0.0
-6.25,-2.75,0.43000006675720215,ID14168,True,2.5822836813294003e-08,ID14168,3.0699988651275634,ID124,0.019782341029446364
-6.25,-2.5,0.43000006675720215,ID13069,True,2.5822836813294003e-08,ID13069,3.0699988651275634,ID124,0.0
-6.25,-2.25,0.43000006675720215,ID13315,True,2.5822836813294003e-08,ID13315,3.069998388290405,ID124,0.0
-6.25,-2.0,0.43000006675720215,ID13315,True,2.582281594110114e-08,ID13315,3.0699986267089843,ID124,0.0
-6.25,-1.75,0.43000006675720215,ID13315,True,2.5822836813294003e-08,ID13315,3.069998388290405,ID124,0.0
-6.25,-1.5,0.43000006675720215,ID13315,True,2.5822836813294003e-08,ID13315,3.1094211387634276,ID144,0.0
-6.25,-1.25,0.43000006675720215,ID13315,True,2.5822836813294003e-08,ID13315,3.1599983024597167,ID144,0.0
-6.25,-1.0,0.43000006675720215,ID13315,True,2.5822836813294003e-08,ID13315,3.1599983024597167,ID144,0.0
-6.25,-0.75,0.43000006675720215,ID13069,True,2.5822836813294003e-08,ID13069,3.1599983024597167,ID144,0.0
-6.25,-0.5,0.43000006675720215,ID13069,True,2.582281594110114e-08,ID13069,3.1599983024597167,ID144,0.0
-6.25,-0.25,0.43000006675720215,ID13069,True,2.5814054283035404e-08,ID13069,3.1599983024597167,ID144,0.0
-6.25,0.0,0.43000006675720215,ID13069,True,2.5809775372476196e-08,ID13069,3.1599983024597167,ID144,0.0
-6.25,0.25,0.43000006675720215,ID13069,True,2.5820532767451e-08,ID13069,3.1599983024597167,ID144,0.0
-6.25,0.5,0.43000006675720215,ID13069,True,2.5488399724160615e-08,ID13069,3.1599983024597167,ID144,0.019782341029446364
-6.25,0.75,0.43000006675720215,ID13069,True,2.5822836813294003e-08,ID13069,3.1599983024597167,ID144,0.0
-6.25,1.0,0.43000006675720215,ID13345,True,2.5822836813294003e-08,ID13345,3.1599983024597167,ID144,0.0
-6.25,1.25,0.43000006675720215,ID13345,True,2.582275321350025e-08,ID13345,3.159998540878296,ID144,0.0
-6.25,1.5,0.43000006675720215,ID13345,True,2.581949309909959e-08,ID13345,3.069998149871826,ID124,0.0
-6.25,1.75,0.43000006675720215,ID13345,True,2.5642087286836812e-08,ID13345,3.069998149871826,ID124,0.0
-6.25,2.0,0.43000006675720215,ID13345,True,2.570212814800854e-08,ID13345,3.069998149871826,ID124,0.0
-6.25,2.25,0.43000006675720215,ID13345,True,2.495313244921249e-08,ID13345,3.069998149871826,ID124,0.0
-6.25,2.5,0.43000006675720215,ID13345,True,2.5822836813294003e-08,ID13345,3.069998149871826,ID124,0.019782341029446364
-6.25,2.75,0.43000006675720215,ID13345,True,2.5822836813294003e-08,ID13345,2.8838189888000487,ID124,0.019782341029446364
-6.25,3.0,0.43000006675720215,ID13345,True,2.5822836813294003e-08,ID13345,2.8328257846832274,ID124,0.019782341029446364
-6.25,3.25,0.43000006675720215,ID13345,True,2.5822836813294003e-08,ID13345,2.7788945484161376,ID124,0.019782341029446364
-6.25,3.5,0.43000006675720215,ID13345,True,2.5822836813294003e-08,ID13345,2.7085582065582274,ID501,0.019782341029446364
-6.25,3.75,0.43000006675720215,ID13345,True,2.5822836813294003e-08,ID13345,2.6359669017791747,ID637,0.019782341029446364
-6.25,4.0,0.43000006675720215,ID13335,True,2.5822836813294003e-08,ID13335,2.5588315773010253,ID124,0.0
-6.25,4.25,0.43000006675720215,ID13069,True,2.5822836813294003e-08,ID13069,2.48036301612854,ID124,0.0
-6.25,4.5,0.43000006675720215,ID13355,True,2.5822836813294003e-08,ID13355,2.4199978160858153,ID116,0.0
-6.25,4.75,0.43000006675720215,ID13355,False,0.1031741643600268,ID6423.001,2.4199980545043944,ID116,0.0
-6.25,5.0,0.43000006675720215,ID13355,False,0.1265144642229538,ID6374.001,2.4199978160858153,ID116,0.0
-6.25,5.25,0.43000006675720215,ID13355,False,0.2411063436794023,ID11586.001,2.419997577667236,ID116,0.019782341029446364
-6.25,5.5,0.43000006675720215,ID13059,False,0.34,ID11586.001,0.18569012463092804,ID11556.001,0.0
-6.25,5.75,0.43000006675720215,ID13059,False,0.34,ID11556.001,0.3405829119682312,ID11556.001,0.0
-6.25,6.0,0.43000006675720215,ID13059,False,0.284607687335536,ID11576.001,2.4199978160858153,ID116,0.0
-6.25,6.25,-0.6800000667572021,ID13059,False,0.25056841694252857,ID11556.001,3.5299979496002196,ID116,0.019782341029446364
-6.25,6.5,-0.6800000667572021,ID13059,False,0.24616176207899296,ID13059,3.5299979496002196,ID116,0.019782341029446364
-6.25,6.75,,,False,,,,,
-6.25,7.0,,,False,,,,,
-6.25,7.25,,,False,,,,,
-6.25,7.5,,,False,,,,,
-6.25,7.75,,,False,,,,,
-6.25,8.0,,,False,,,,,
-6.0,-8.0,,,False,,,,,
-6.0,-7.75,,,False,,,,,
-6.0,-7.5,,,False,,,,,
-6.0,-7.25,,,False,,,,,
-6.0,-7.0,,,False,,,,,
-6.0,-6.75,,,False,,,,,
-6.0,-6.5,0.43000006675720215,ID14072,False,0.12893982957403494,ID1471,2.419999008178711,ID116,0.0
-6.0,-6.25,0.43000006675720215,ID14072,True,2.5822836813294003e-08,ID14072,2.419999008178711,ID116,0.0
-6.0,-6.0,0.43000006675720215,ID14072,True,2.5822836813294003e-08,ID14072,2.419999008178711,ID116,0.0
-6.0,-5.75,0.43000006675720215,ID14072,True,2.5822836813294003e-08,ID14072,2.419999008178711,ID116,0.0
-6.0,-5.5,0.43000006675720215,ID14072,True,2.5822836813294003e-08,ID14072,2.4199987697601317,ID116,0.0
-6.0,-5.25,0.43000006675720215,ID14072,True,2.5822836813294003e-08,ID14072,2.4199987697601317,ID116,0.0
-6.0,-5.0,0.43000006675720215,ID14072,True,2.5822836813294003e-08,ID14072,2.4199987697601317,ID116,0.0
-6.0,-4.75,0.43000006675720215,ID14072,True,2.5822836813294003e-08,ID14072,2.419999008178711,ID116,0.0
-6.0,-4.5,0.43000006675720215,ID14072,True,2.5822836813294003e-08,ID14072,2.457278137207031,ID124,0.0
-6.0,-4.25,0.43000006675720215,ID14072,False,0.12278594376637517,ID1836,2.53950608253479,ID124,0.0
-6.0,-4.0,0.43000006675720215,ID13069,False,0.3324666156318501,ID1836,2.6209396171569823,ID629,0.0
-6.0,-3.75,0.5003818869590759,ID1495,False,0.34,ID1495,0.5654217648506165,ID1495,0.019782341029446364
-6.0,-3.5,0.43000006675720215,ID13069,False,0.32817281318881536,ID1651,2.7734392929077147,ID124,0.0
-6.0,-3.25,0.43000006675720215,ID14168,False,0.11849220016264789,ID1651,2.846029644012451,ID124,0.019782341029446364
-6.0,-3.0,0.43000006675720215,ID14168,True,2.5822836813294003e-08,ID14168,3.0699986267089843,ID124,0.0
-6.0,-2.75,0.43000009655952454,ID14168,True,0.0,ID14168,3.069998149871826,ID124,0.0
-6.0,-2.5,0.43000006675720215,ID14168,True,2.5822836813294003e-08,ID14168,3.069998388290405,ID124,0.019782341029446364
-6.0,-2.25,0.43000006675720215,ID13315,True,2.5822836813294003e-08,ID13315,3.0699991035461425,ID124,0.0
-6.0,-2.0,0.43000006675720215,ID13315,True,2.5822836813294003e-08,ID13315,3.0699986267089843,ID124,0.0
-6.0,-1.75,0.43000006675720215,ID13315,True,2.5822836813294003e-08,ID13315,3.1599983024597167,ID144,0.0
-6.0,-1.5,0.43000006675720215,ID13069,True,2.5822836813294003e-08,ID13069,3.1599983024597167,ID144,0.0
-6.0,-1.25,0.2499999701976776,ID1950,False,0.17999612392939834,ID13069,3.339998846054077,ID144,0.0
-6.0,-1.0,0.24999994039535522,ID1950,False,0.1621666552989117,ID13069,3.339998607635498,ID144,0.0
-6.0,-0.75,0.2499999701976776,ID1950,False,0.12809789941857827,ID13069,3.339998846054077,ID144,0.0
-6.0,-0.5,0.2499999701976776,ID1950,False,0.09626202026074779,ID13069,3.339998607635498,ID144,0.0
-6.0,-0.25,0.24999994039535522,ID1950,False,0.07480770470077047,ID13069,3.339998607635498,ID144,0.0
-6.0,0.0,0.2499999701976776,ID1950,False,0.06703569739990961,ID13069,3.339998607635498,ID144,0.0
-6.0,0.25,0.24999994039535522,ID1950,False,0.07480769981706736,ID13069,3.339998607635498,ID144,0.0
-6.0,0.5,0.24999994039535522,ID1950,False,0.09626228390982075,ID13069,3.3399981307983397,ID144,0.0
-6.0,0.75,0.24999994039535522,ID1950,False,0.12809795243400346,ID13069,3.339998607635498,ID144,0.0
-6.0,1.0,0.2499999701976776,ID1950,False,0.16216665415330647,ID13069,3.3399981307983397,ID144,0.0
-6.0,1.25,0.2499999701976776,ID1950,False,0.17999613110037735,ID13069,3.339998369216919,ID144,0.0
-6.0,1.5,0.43000006675720215,ID13069,True,2.5822836813294003e-08,ID13069,3.1599983024597167,ID144,0.019782341029446364
-6.0,1.75,0.43000006675720215,ID13345,True,2.5822836813294003e-08,ID13345,3.0784107494354247,ID144,0.0
-6.0,2.0,0.43000006675720215,ID13345,True,2.5822836813294003e-08,ID13345,3.069998388290405,ID124,0.0
-6.0,2.25,0.43000006675720215,ID13345,True,2.582275321350025e-08,ID13345,3.069997911453247,ID124,0.0
-6.0,2.5,0.43000006675720215,ID13345,True,2.5822084470661366e-08,ID13345,3.069998149871826,ID124,0.0
-6.0,2.75,0.43000006675720215,ID13345,True,2.582275321350025e-08,ID13345,3.069998388290405,ID124,0.0
-6.0,3.0,0.43000006675720215,ID13345,True,2.5822836813294003e-08,ID13345,3.069998388290405,ID124,0.0
-6.0,3.25,0.43000006675720215,ID13345,True,2.582216807045512e-08,ID13345,2.8460289287567138,ID124,0.0
-6.0,3.5,0.43000006675720215,ID13345,True,2.5822836813294003e-08,ID13345,2.773437623977661,ID124,0.0
-6.0,3.75,0.43000006675720215,ID13345,True,2.5822836813294003e-08,ID13345,2.698145751953125,ID637,0.0
-6.0,4.0,0.43000006675720215,ID13305,True,2.5822836813294003e-08,ID13305,2.620938663482666,ID637,0.019782341029446364
-6.0,4.25,0.43000006675720215,ID13355,True,2.5822836813294003e-08,ID13355,2.5395048904418944,ID124,0.0
-6.0,4.5,0.43000006675720215,ID13355,True,2.5822836813294003e-08,ID13355,2.4572771835327147,ID124,0.0
-6.0,4.75,0.43000006675720215,ID13355,False,0.10528914197035485,ID11355.003,2.4199980545043944,ID116,0.0
-6.0,5.0,0.43000006675720215,ID13355,False,0.27604212718830606,ID11120.003,2.4199978160858153,ID116,0.0
-6.0,5.25,0.43000006675720215,ID13355,False,0.34,ID11120.003,0.45689204812049866,ID11120.003,0.0
-6.0,5.5,0.43000006675720215,ID13069,False,0.30573607190723023,ID11586.001,2.4199978160858153,ID116,0.0
-6.0,5.75,0.43000006675720215,ID13059,False,0.34,ID11586.001,0.2342589694261551,ID11556.001,0.0
-6.0,6.0,0.43000006675720215,ID13059,False,0.34,ID7927.001,1.0646275329589843,ID7927.001,0.0
-6.0,6.25,-0.679999828338623,ID13059,False,0.287948559949476,ID11556.001,3.5299974727630614,ID116,0.019782341029446364
-6.0,6.5,-0.679999828338623,ID13059,False,0.18593878556269464,ID11556.001,3.5299977111816405,ID116,0.019782341029446364
-6.0,6.75,,,False,,,,,
-6.0,7.0,,,False,,,,,
-6.0,7.25,,,False,,,,,
-6.0,7.5,,,False,,,,,
-6.0,7.75,,,False,,,,,
-6.0,8.0,,,False,,,,,
-5.75,-8.0,,,False,,,,,
-5.75,-7.75,,,False,,,,,
-5.75,-7.5,,,False,,,,,
-5.75,-7.25,,,False,,,,,
-5.75,-7.0,,,False,,,,,
-5.75,-6.75,0.43000009655952454,ID13069,False,0.2351020886990611,ID1471,2.41999924659729,ID116,0.0
-5.75,-6.5,0.43000006675720215,ID14072,False,0.01279316298925992,ID1471,2.4199987697601317,ID116,0.0
-5.75,-6.25,0.43000006675720215,ID14072,True,2.5822836813294003e-08,ID14072,2.4199987697601317,ID116,0.0
-5.75,-6.0,0.43000006675720215,ID14072,True,2.5822836813294003e-08,ID14072,2.4199987697601317,ID116,0.0
-5.75,-5.75,0.43000006675720215,ID14072,True,2.5822836813294003e-08,ID14072,2.419999008178711,ID116,0.0
-5.75,-5.5,0.43000006675720215,ID14072,True,2.5822836813294003e-08,ID14072,2.4199985313415526,ID116,0.0
-5.75,-5.25,0.43000006675720215,ID14072,True,2.5822836813294003e-08,ID14072,2.4199985313415526,ID116,0.0
-5.75,-5.0,0.43000006675720215,ID14072,True,2.5822502469630138e-08,ID14072,2.4199982929229735,ID116,0.0
-5.75,-4.75,0.43000006675720215,ID14072,True,2.5822836813294003e-08,ID14072,2.4273909378051757,ID124,0.0
-5.75,-4.5,0.43000006675720215,ID14072,True,2.5822836813294003e-08,ID14072,2.513268356323242,ID124,0.0
-5.75,-4.25,0.43000006675720215,ID14072,True,2.5822836813294003e-08,ID14072,2.598647480010986,ID581,0.0
-5.75,-4.0,0.43000006675720215,ID14072,False,0.19632695321959712,ID1836,2.6802901077270507,ID629,0.0
-5.75,-3.75,0.5003818869590759,ID1495,False,0.34,ID1495,0.5088108229637146,ID1495,0.019782341029446364
-5.75,-3.5,0.5003818869590759,ID1495,False,0.34,ID1495,0.4720119881629944,ID1495,0.0
-5.75,-3.25,0.43000006675720215,ID13069,False,0.2546320061492636,ID1651,3.0699986267089843,ID124,0.0
-5.75,-3.0,0.43000006675720215,ID14168,False,0.044951398804941534,ID1651,3.0699986267089843,ID124,0.0
-5.75,-2.75,0.43000006675720215,ID14168,True,2.5822836813294003e-08,ID14168,3.069998388290405,ID124,0.0
-5.75,-2.5,0.43000006675720215,ID14168,True,2.5822836813294003e-08,ID14168,3.0699986267089843,ID124,0.0
-5.75,-2.25,0.43000006675720215,ID13069,True,2.5822836813294003e-08,ID13069,3.0942164707183837,ID144,0.0
-5.75,-2.0,0.43000006675720215,ID13069,True,2.5822836813294003e-08,ID13069,3.1599983024597167,ID144,0.019782341029446364
-5.75,-1.75,0.25,ID1950,False,0.17754997670357822,ID13069,3.339998369216919,ID144,0.019782341029446364
-5.75,-1.5,0.2499999701976776,ID1950,False,0.1289388455681489,ID13069,3.339998369216919,ID144,0.019782341029446364
-5.75,-1.25,0.24999994039535522,ID1950,False,0.05636795756974272,ID13069,3.339998369216919,ID144,0.019782341029446364
-5.75,-1.0,0.24999994039535522,ID1950,True,2.5822314342338615e-08,ID1950,3.339998846054077,ID144,0.019782341029446364
-5.75,-0.75,0.24999994039535522,ID1950,True,2.582275321350025e-08,ID1950,3.339998846054077,ID144,0.019782341029446364
-5.75,-0.5,0.24999994039535522,ID1950,True,2.5819304971808066e-08,ID1950,3.339998846054077,ID144,0.019782341029446364
-5.75,-0.25,0.24999994039535522,ID1950,True,2.582275321350025e-08,ID1950,3.339999084472656,ID144,0.019782341029446364
-5.75,0.0,0.2499999701976776,ID1950,True,0.0,ID1950,3.20999849319458,ID152,0.0
-5.75,0.25,0.2499999701976776,ID1950,True,0.0,ID1950,3.339998369216919,ID144,0.0
-5.75,0.5,0.24999994039535522,ID1950,True,2.582281594110114e-08,ID1950,3.339998369216919,ID144,0.0
-5.75,0.75,0.24999994039535522,ID1950,True,2.582281594110114e-08,ID1950,3.339998607635498,ID144,0.0
-5.75,1.0,0.24999994039535522,ID1950,True,2.5822706195555156e-08,ID1950,3.3399981307983397,ID144,0.0
-5.75,1.25,0.24999994039535522,ID1950,False,0.05636839017898432,ID13069,3.3399981307983397,ID144,0.0
-5.75,1.5,0.24999994039535522,ID1950,False,0.1289392482157428,ID13069,3.339998369216919,ID144,0.0
-5.75,1.75,0.2499999701976776,ID1950,False,0.17755017843290258,ID13069,3.339998846054077,ID144,0.0
-5.75,2.0,0.43000006675720215,ID13069,True,2.5822836813294003e-08,ID13069,3.159998540878296,ID144,0.0
-5.75,2.25,0.43000006675720215,ID13345,True,2.5822836813294003e-08,ID13345,3.069998149871826,ID124,0.0
-5.75,2.5,0.43000006675720215,ID13345,True,2.5822836813294003e-08,ID13345,3.069998149871826,ID124,0.0
-5.75,2.75,0.43000006675720215,ID13345,True,2.5822836813294003e-08,ID13345,3.069998149871826,ID124,0.0
-5.75,3.0,0.43000006675720215,ID13345,True,2.5822836813294003e-08,ID13345,3.069998149871826,ID124,0.0
-5.75,3.25,0.43000006675720215,ID13345,True,2.5822836813294003e-08,ID13345,3.069998149871826,ID124,0.0
-5.75,3.5,0.43000006675720215,ID13345,True,2.5822836813294003e-08,ID13345,2.837460880279541,ID124,0.0
-5.75,3.75,0.43000006675720215,ID13305,True,2.5822836813294003e-08,ID13305,2.7602533149719237,ID124,0.019782341029446364
-5.75,4.0,0.43000006675720215,ID13305,True,2.5822836813294003e-08,ID13305,2.680288915634155,ID637,0.0
-5.75,4.25,0.43000006675720215,ID13305,True,2.5822836813294003e-08,ID13305,2.598646764755249,ID124,0.0
-5.75,4.5,0.43000006675720215,ID13355,False,0.004979769814981938,ID11089.003,2.5132666873931884,ID124,0.0
-5.75,4.75,0.43000006675720215,ID13355,False,0.25312895842365324,ID11089.003,2.427389030456543,ID124,0.0
-5.75,5.0,0.43000006675720215,ID13355,False,0.34,ID11300.003,0.3922402012348175,ID11355.003,0.0
-5.75,5.25,0.47727131843566895,ID11393.003,False,0.34,ID11300.003,0.37928760528564454,ID11120.003,32.14489050324172
-5.75,5.5,0.45893532037734985,ID11423.003,False,0.34,ID11210.003,0.41867176175117493,ID11210.003,0.0
-5.75,5.75,0.43000006675720215,ID13069,False,0.34,ID11586.001,0.7775749611854553,ID11556.001,0.0
-5.75,6.0,0.43000006675720215,ID13059,False,0.34,ID11586.001,0.28282779932022095,ID11556.001,0.0
-5.75,6.25,-0.679999828338623,ID13059,False,0.3382275778580516,ID13059,2.048966770172119,ID7141.004,0.0
-5.75,6.5,-0.679999828338623,ID13059,False,0.30442708791177275,ID11556.001,3.5299977111816405,ID116,0.0
-5.75,6.75,-0.6800000667572021,ID13059,False,0.23510358693486416,ID13059,3.5299974727630614,ID116,0.0
-5.75,7.0,,,False,,,,,
-5.75,7.25,,,False,,,,,
-5.75,7.5,,,False,,,,,
-5.75,7.75,,,False,,,,,
-5.75,8.0,,,False,,,,,
-5.5,-8.0,,,False,,,,,
-5.5,-7.75,,,False,,,,,
-5.5,-7.5,,,False,,,,,
-5.5,-7.25,,,False,,,,,
-5.5,-7.0,,,False,,,,,
-5.5,-6.75,0.43000006675720215,ID14072,False,0.12917283718681832,ID1471,2.41999924659729,ID116,0.0
-5.5,-6.5,0.43000006675720215,ID14072,True,2.5822836813294003e-08,ID14072,2.4199987697601317,ID116,0.0
-5.5,-6.25,0.43000006675720215,ID14072,True,2.5822836813294003e-08,ID14072,2.419999008178711,ID116,0.0
-5.5,-6.0,0.43000006675720215,ID14072,True,2.5822836813294003e-08,ID14072,2.419999008178711,ID116,0.0
-5.5,-5.75,0.43000006675720215,ID14072,True,2.5822836813294003e-08,ID14072,2.419999008178711,ID116,0.0
-5.5,-5.5,0.43000006675720215,ID14072,True,2.5822836813294003e-08,ID14072,2.4199987697601317,ID116,0.0
-5.5,-5.25,0.43000006675720215,ID14072,True,2.5822836813294003e-08,ID14072,2.4199987697601317,ID116,0.0
-5.5,-5.0,0.43000006675720215,ID14072,True,2.5822836813294003e-08,ID14072,2.4199985313415526,ID116,0.0
-5.5,-4.75,0.43000006675720215,ID14072,True,2.5822836813294003e-08,ID14072,2.480342512130737,ID124,0.0
-5.5,-4.5,0.43000006675720215,ID14072,True,2.5822836813294003e-08,ID14072,2.5692576217651366,ID124,0.0
-5.5,-4.25,0.43000006675720215,ID14072,True,2.5822836813294003e-08,ID14072,2.655135278701782,ID581,0.0
-5.5,-4.0,0.43000006675720215,ID13069,False,0.06018730339064021,ID1836,2.739431743621826,ID124,0.0
-5.5,-3.75,0.31000006198883057,ID13069,False,0.2698680441239311,ID1836,2.9410740184783934,ID124,0.019782341029446364
-5.5,-3.5,0.5003818869590759,ID1495,False,0.34,ID1507,0.4153350639343262,ID1495,0.019782341029446364
-5.5,-3.25,0.4960471987724304,ID1495,False,0.34,ID1507,0.38469908118247986,ID1495,28.294876033925032
-5.5,-3.0,0.43000006675720215,ID14168,False,0.18109121539159606,ID1651,3.0699986267089843,ID124,0.0
-5.5,-2.75,0.43000006675720215,ID14168,True,2.5822836813294003e-08,ID14168,3.069998388290405,ID124,0.0
-5.5,-2.5,0.43000006675720215,ID14168,True,2.5822836813294003e-08,ID14168,3.114485626220703,ID144,0.0
-5.5,-2.25,0.43000006675720215,ID13069,True,2.5822836813294003e-08,ID13069,3.1599983024597167,ID144,0.0
-5.5,-2.0,0.25,ID1950,False,0.1404062969477482,ID13069,3.339998607635498,ID144,0.0
-5.5,-1.75,0.24999994039535522,ID1950,False,0.044999582063134536,ID13069,3.339998607635498,ID144,0.0
-5.5,-1.5,0.24999991059303284,ID1950,True,2.5822836813294003e-08,ID1950,3.339998607635498,ID144,0.0
-5.5,-1.25,0.2499999701976776,ID1950,True,0.0,ID1950,3.339998607635498,ID144,0.0
-5.5,-1.0,0.24999991059303284,ID1950,True,2.5822648741513632e-08,ID1950,3.209998731613159,ID152,0.0
-5.5,-0.75,0.24999994039535522,ID1950,True,2.5822836813294003e-08,ID1950,3.20999849319458,ID152,0.0
-5.5,-0.5,0.1006942093372345,ID1940,False,0.1442066766073487,ID1950,3.3593040752410888,ID152,0.0
-5.5,-0.25,0.10069417953491211,ID1940,False,0.1344783703865646,ID1950,3.3593040752410888,ID152,0.0
-5.5,0.0,0.1006942093372345,ID1940,False,0.12970427384913313,ID1950,3.3593040752410888,ID152,0.0
-5.5,0.25,0.10069414973258972,ID1940,False,0.13447846783167594,ID1950,3.3593052673339843,ID152,0.0
-5.5,0.5,0.10069414973258972,ID1940,False,0.14420684011765803,ID1950,3.3593040752410888,ID152,0.0
-5.5,0.75,0.2499999701976776,ID1950,True,0.0,ID1950,3.20999849319458,ID152,0.0
-5.5,1.0,0.24999994039535522,ID1950,True,2.582281594110114e-08,ID1950,3.339998607635498,ID144,0.0
-5.5,1.25,0.24999994039535522,ID1950,True,2.5822648741513632e-08,ID1950,3.339998369216919,ID144,0.0
-5.5,1.5,0.24999994039535522,ID1950,True,2.582281594110114e-08,ID1950,3.339998369216919,ID144,0.0
-5.5,1.75,0.24999991059303284,ID1950,False,0.044999848831546896,ID13069,3.3399981307983397,ID144,0.0
-5.5,2.0,0.2499999701976776,ID1950,False,0.14040640193484508,ID13069,3.339998369216919,ID144,0.0
-5.5,2.25,0.43000006675720215,ID13069,True,2.5822836813294003e-08,ID13069,3.1599978256225585,ID144,0.0
-5.5,2.5,0.43000006675720215,ID13345,False,0.1029051154791869,ID6790,3.075244789123535,ID144,0.0
-5.5,2.75,0.43000006675720215,ID13345,False,0.18814817388493843,ID6790,3.069998149871826,ID124,0.0
-5.5,3.0,0.43000006675720215,ID13345,False,0.1084455725895977,ID6790,3.069997911453247,ID124,0.0
-5.5,3.25,0.43000006675720215,ID13069,False,0.21368896809387775,ID6790,3.069998149871826,ID124,0.0
-5.5,3.5,0.43000006675720215,ID13305,False,0.17389822166032032,ID6790,2.8995684432983397,ID124,0.019782341029446364
-5.5,3.75,0.43000006675720215,ID13305,True,2.5822836813294003e-08,ID13305,2.821072940826416,ID124,0.0
-5.5,4.0,0.43000006675720215,ID13305,True,2.5822836813294003e-08,ID13305,2.7394298362731933,ID124,0.0
-5.5,4.25,0.43000006675720215,ID13305,True,2.5822836813294003e-08,ID13305,2.6551338481903075,ID525,0.0
-5.5,4.5,0.43000006675720215,ID13069,True,2.5822836813294003e-08,ID13069,2.5692569065093993,ID124,0.0
-5.5,4.75,0.43000006675720215,ID13355,False,0.20230065642500272,ID11089.003,2.4803413200378417,ID124,0.0
-5.5,5.0,0.43000006675720215,ID13355,False,0.34,ID11101.003,0.8504545140266419,ID11101.003,0.0
-5.5,5.25,,,False,,,,,
-5.5,5.5,0.43000006675720215,ID13355,False,0.34,ID11210.003,0.4777957546710968,ID11210.003,0.0
-5.5,5.75,0.43000006675720215,ID13355,False,0.34,ID11556.001,0.7250354933738709,ID11556.001,0.0
-5.5,6.0,0.43000006675720215,ID13059,False,0.34,ID12872.001,0.19469228863716126,ID11556.001,0.0
-5.5,6.25,0.43000006675720215,ID13059,False,0.34,ID11586.001,0.3617252457141876,ID11556.001,0.0
-5.5,6.5,-0.6800000667572021,ID13059,False,0.26113022340057135,ID11556.001,3.5299979496002196,ID116,0.0
-5.5,6.75,-0.6800000667572021,ID13059,False,0.19660253752683032,ID11556.001,3.5299974727630614,ID116,0.0
-5.5,7.0,,,False,,,,,
-5.5,7.25,,,False,,,,,
-5.5,7.5,,,False,,,,,
-5.5,7.75,,,False,,,,,
-5.5,8.0,,,False,,,,,
-5.25,-8.0,,,False,,,,,
-5.25,-7.75,,,False,,,,,
-5.25,-7.5,,,False,,,,,
-5.25,-7.25,,,False,,,,,
-5.25,-7.0,0.3100000321865082,ID13069,False,0.25225249300075825,ID1471,2.5399986553192138,ID116,0.0
-5.25,-6.75,0.43000006675720215,ID13069,False,0.02324367439335806,ID1471,2.419999008178711,ID116,0.0
-5.25,-6.5,0.43000009655952454,ID14072,True,0.0,ID14072,2.4199987697601317,ID116,0.0
-5.25,-6.25,0.43000009655952454,ID14072,True,0.0,ID14072,2.4199987697601317,ID116,0.0
-5.25,-6.0,0.43000006675720215,ID14072,True,2.5822836813294003e-08,ID14072,2.4199987697601317,ID116,0.0
-5.25,-5.75,0.43000006675720215,ID14072,True,2.5822836813294003e-08,ID14072,2.4199987697601317,ID116,0.0
-5.25,-5.5,0.43000006675720215,ID14072,True,2.5822836813294003e-08,ID14072,2.4199987697601317,ID116,0.0
-5.25,-5.25,0.43000009655952454,ID14072,True,0.0,ID14072,2.4199985313415526,ID116,0.0
-5.25,-5.0,0.43000006675720215,ID14072,True,2.5822836813294003e-08,ID14072,2.4410132217407225,ID124,0.0
-5.25,-4.75,0.43000009655952454,ID14072,True,0.0,ID14072,2.532998924255371,ID124,0.0
-5.25,-4.5,0.43000006675720215,ID14072,True,2.5822836813294003e-08,ID14072,2.6228958415985106,ID581,0.0
-5.25,-4.25,0.43000006675720215,ID13069,True,2.5822836813294003e-08,ID13069,2.711125020980835,ID581,0.0
-5.25,-4.0,0.31000006198883057,ID14158,False,0.08327220854744727,ID13069,2.9170030403137206,ID124,0.0
-5.25,-3.75,0.31000006198883057,ID14158,False,0.13372840925720533,ID1836,3.000215892791748,ID124,0.0
-5.25,-3.5,0.4705502986907959,ID1495,False,0.34,ID1507,0.4010711658000946,ID1495,28.294789577439676
-5.25,-3.25,0.5003818869590759,ID1495,False,0.34,ID1507,0.32185927510261536,ID1495,0.0
-5.25,-3.0,0.43000006675720215,ID13069,False,0.3172310271537738,ID1651,3.0699986267089843,ID124,0.0
-5.25,-2.75,0.43000006675720215,ID14168,False,0.10755041800484441,ID1651,3.0999792861938475,ID144,0.0
-5.25,-2.5,0.24999994039535522,ID1950,False,0.17740952161431256,ID13069,3.339998607635498,ID144,0.0
-5.25,-2.25,0.2499999701976776,ID1950,False,0.09581193049807016,ID13069,3.339998607635498,ID144,0.0
-5.25,-2.0,0.24999994039535522,ID1950,True,2.582275321350025e-08,ID1950,3.339998846054077,ID144,0.0
-5.25,-1.75,0.24999991059303284,ID1950,True,2.582281594110114e-08,ID1950,3.339998607635498,ID144,0.0
-5.25,-1.5,0.24999994039535522,ID1950,True,2.5822836813294003e-08,ID1950,3.339998369216919,ID144,0.0
-5.25,-1.25,0.1006942093372345,ID1940,False,0.13878197054798336,ID1950,3.359304313659668,ID152,0.0
-5.25,-1.0,0.10069417953491211,ID1940,False,0.09199199027320004,ID1950,3.3593040752410888,ID152,0.0
-5.25,-0.75,0.10069417953491211,ID1940,False,0.03693013829733921,ID1950,3.4893041896820067,ID220,0.0
-5.25,-0.5,0.10069417953491211,ID1940,True,0.0,ID1940,3.4893039512634276,ID220,0.0
-5.25,-0.25,0.10069417953491211,ID1940,True,0.0,ID1940,3.4893041896820067,ID220,0.0
-5.25,0.0,0.10069417953491211,ID1940,True,0.0,ID1940,3.3593365001678466,ID160,0.0
-5.25,0.25,0.10069417953491211,ID1940,True,0.0,ID1940,3.489304428100586,ID220,0.0
-5.25,0.5,0.10069417953491211,ID1940,True,0.0,ID1940,3.489304428100586,ID220,0.0
-5.25,0.75,0.10069417953491211,ID1940,False,0.03693056659190741,ID1950,3.489304428100586,ID220,0.0
-5.25,1.0,0.10069417953491211,ID1940,False,0.09199232730367723,ID1950,3.3593040752410888,ID152,0.0
-5.25,1.25,0.10069417953491211,ID1940,False,0.13878233836347534,ID1950,3.3593038368225097,ID152,0.0
-5.25,1.5,0.24999994039535522,ID1950,True,2.5822836813294003e-08,ID1950,3.339998369216919,ID144,0.0
-5.25,1.75,0.24999994039535522,ID1950,True,2.5822836813294003e-08,ID1950,3.339998607635498,ID144,0.0
-5.25,2.0,0.24999994039535522,ID1950,True,2.5822836813294003e-08,ID1950,3.3399981307983397,ID144,0.0
-5.25,2.25,0.2499999701976776,ID1950,False,0.11336004775396011,ID6790,3.3399981307983397,ID144,0.0
-5.25,2.5,-0.019999980926513672,ID13535,False,0.31109099083936476,ID14208,3.6099978733062743,ID144,0.0
-5.25,2.75,0.43000006675720215,ID13345,False,0.34,ID6790,1.3221323537826537,ID6790,0.0
-5.25,3.0,0.43000006675720215,ID13069,False,0.3180360862568692,ID6790,3.069998388290405,ID124,0.0
-5.25,3.25,0.43000006675720215,ID13305,False,0.34,ID6790,0.7678960013389587,ID6790,0.0
-5.25,3.5,0.43000006675720215,ID13305,False,0.2952771269974875,ID6622,3.069998149871826,ID124,0.0
-5.25,3.75,0.43000006675720215,ID13305,False,0.16234531134869615,ID6622,2.8802145767211913,ID124,0.0
-5.25,4.0,0.43000006675720215,ID13305,True,2.5822836813294003e-08,ID13305,2.7970012474060058,ID124,0.0
-5.25,4.25,0.43000006675720215,ID13305,True,2.5822836813294003e-08,ID13305,2.7111238288879393,ID525,0.0
-5.25,4.5,0.43000006675720215,ID13305,True,2.5822836813294003e-08,ID13305,2.622893934249878,ID525,0.0
-5.25,4.75,0.43000006675720215,ID13069,False,0.05394600505357294,ID11089.003,2.5329977321624755,ID124,0.0
-5.25,5.0,0.43000006675720215,ID13355,False,0.254817109305176,ID11089.003,2.4410127449035643,ID124,0.0
-5.25,5.25,0.43000006675720215,ID13355,False,0.30461352177755474,ID11355.003,2.4199978160858153,ID116,0.0
-5.25,5.5,0.43000006675720215,ID13355,False,0.1745204523613435,ID11210.003,2.4199978160858153,ID116,0.0
-5.25,5.75,0.43000006675720215,ID13355,False,0.2731532765766533,ID11556.001,2.4199978160858153,ID116,0.0
-5.25,6.0,0.43000006675720215,ID13069,False,0.34,ID12872.001,0.765044276714325,ID11556.001,0.0
-5.25,6.25,0.43000006675720215,ID13059,False,0.34,ID12872.001,0.27572182297706604,ID11556.001,0.0
-5.25,6.5,-0.679999828338623,ID13059,False,0.2745060408859543,ID13059,2.048966770172119,ID7141.007,0.019782341029446364
-5.25,6.75,-0.6800000667572021,ID13059,False,0.3083218702997909,ID11556.001,3.5299974727630614,ID116,0.019782341029446364
-5.25,7.0,-0.679999828338623,ID13059,False,0.25225293214253774,ID13059,3.5299974727630614,ID116,0.019782341029446364
-5.25,7.25,,,False,,,,,
-5.25,7.5,,,False,,,,,
-5.25,7.75,,,False,,,,,
-5.25,8.0,,,False,,,,,
-5.0,-8.0,,,False,,,,,
-5.0,-7.75,,,False,,,,,
-5.0,-7.5,,,False,,,,,
-5.0,-7.25,,,False,,,,,
-5.0,-7.0,0.31000006198883057,ID14158,False,0.1565309535638738,ID1471,2.5399986553192138,ID116,0.0
-5.0,-6.75,0.31000006198883057,ID13069,False,0.10453801080550734,ID13069,2.539998893737793,ID116,0.0
-5.0,-6.5,0.43000006675720215,ID13069,True,2.5822836813294003e-08,ID13069,2.419999008178711,ID116,0.0
-5.0,-6.25,0.43000006675720215,ID14072,True,2.5822836813294003e-08,ID14072,2.4199987697601317,ID116,0.0
-5.0,-6.0,0.43000006675720215,ID14072,True,2.5822836813294003e-08,ID14072,2.4199987697601317,ID116,0.0
-5.0,-5.75,0.43000006675720215,ID14072,True,2.5822836813294003e-08,ID14072,2.4199985313415526,ID116,0.0
-5.0,-5.5,0.43000006675720215,ID14072,True,2.5822836813294003e-08,ID14072,2.4199985313415526,ID116,0.0
-5.0,-5.25,0.43000006675720215,ID14072,True,2.5822836813294003e-08,ID14072,2.4199985313415526,ID116,0.0
-5.0,-5.0,0.43000009655952454,ID14072,True,0.0,ID14072,2.4901632118225097,ID124,0.0
-5.0,-4.75,0.43000006675720215,ID14072,True,2.5822836813294003e-08,ID14072,2.583846216201782,ID124,0.0
-5.0,-4.5,0.43000006675720215,ID14072,True,2.5822836813294003e-08,ID14072,2.6755520153045653,ID661,0.0
-5.0,-4.25,0.31000006198883057,ID13069,False,0.10683842435684474,ID13069,2.885449056625366,ID124,0.0
-5.0,-4.0,0.31000006198883057,ID14158,True,2.5822836813294003e-08,ID14158,2.9729925441741942,ID124,0.0
-5.0,-3.75,0.31000006198883057,ID14158,True,2.5822836813294003e-08,ID14158,3.1899987506866454,ID124,0.0
-5.0,-3.5,0.31000006198883057,ID14158,False,0.20726948344330423,ID1836,3.1899985122680663,ID124,0.0
-5.0,-3.25,0.5003818869590759,ID1495,False,0.34,ID1507,0.26518235087394715,ID1495,0.019782341029446364
-5.0,-3.0,0.5003818869590759,ID1495,False,0.34,ID1507,0.22838351607322693,ID1495,0.0
-5.0,-2.75,-0.020000040531158447,ID13435,False,0.2876593385458217,ID14208,3.6099988269805907,ID144,0.0
-5.0,-2.5,0.24999991059303284,ID1950,False,0.06828055000175981,ID13069,3.339999084472656,ID144,0.0
-5.0,-2.25,0.24999994039535522,ID1950,True,2.5822836813294003e-08,ID1950,3.339998846054077,ID144,0.0
-5.0,-2.0,0.24999994039535522,ID1950,True,2.5822836813294003e-08,ID1950,3.339998607635498,ID144,0.0
-5.0,-1.75,0.1006942093372345,ID1940,False,0.14437929926457188,ID1950,3.359304313659668,ID152,0.019782341029446364
-5.0,-1.5,0.10069417953491211,ID1940,False,0.08162153391839883,ID1950,3.359304313659668,ID152,0.019782341029446364
-5.0,-1.25,0.10069417953491211,ID1940,True,0.0,ID1940,3.4893041896820067,ID220,0.0
-5.0,-1.0,0.10069414973258972,ID1940,True,2.5774352707674808e-08,ID1940,3.4893039512634276,ID220,0.0
-5.0,-0.75,0.10069417953491211,ID1940,True,0.0,ID1940,3.4893041896820067,ID220,0.0
-5.0,-0.5,0.10069417953491211,ID1940,True,0.0,ID1940,3.4893041896820067,ID220,0.0
-5.0,-0.25,0.10069417953491211,ID1940,True,0.0,ID1940,3.4893041896820067,ID220,0.0
-5.0,0.0,0.10069417953491211,ID1940,True,0.0,ID1940,3.3593710708618163,ID160,0.0
-5.0,0.25,0.10069411993026733,ID1940,True,5.868205166237317e-08,ID1940,3.489304428100586,ID220,0.0
-5.0,0.5,0.10069417953491211,ID1940,True,0.0,ID1940,3.489304428100586,ID220,0.0
-5.0,0.75,0.10069417953491211,ID1940,True,0.0,ID1940,3.4893039512634276,ID220,0.0
-5.0,1.0,0.10069417953491211,ID1940,True,0.0,ID1940,3.4893039512634276,ID220,0.0
-5.0,1.25,0.1006942093372345,ID1940,True,0.0,ID1940,3.3593038368225097,ID152,0.0
-5.0,1.5,0.1006942093372345,ID1940,False,0.0816225107370116,ID1950,3.3593038368225097,ID152,0.0
-5.0,1.75,0.10069417953491211,ID1940,False,0.14437956140954647,ID1950,3.4893041896820067,ID144,0.0
-5.0,2.0,0.2499999701976776,ID1950,False,0.11529069260624145,ID6790,3.339998369216919,ID144,0.0
-5.0,2.25,-0.020000040531158447,ID13535,False,0.2952869369699473,ID6790,3.6099983501434325,ID144,0.0
-5.0,2.5,-0.020000040531158447,ID13535,False,0.34,ID6790,1.1117844629287719,ID6790,0.0
-5.0,2.75,-0.020000040531158447,ID13535,False,0.34,ID6790,1.331133370399475,ID6790,0.0
-5.0,3.0,0.43000006675720215,ID13305,False,0.34,ID6790,0.4099516022205353,ID6790,0.0
-5.0,3.25,0.43000006675720215,ID13305,False,0.34,ID6622,0.64495361328125,ID6622,0.0
-5.0,3.5,0.43000006675720215,ID13305,False,0.3114205772956292,ID6622,3.069998149871826,ID124,0.0
-5.0,3.75,0.43000006675720215,ID13305,False,0.13987959984032106,ID6622,3.069998149871826,ID124,0.0
-5.0,4.0,0.43000006675720215,ID13305,True,2.5822836813294003e-08,ID13305,2.8529912281036376,ID124,0.0
-5.0,4.25,0.43000006675720215,ID13305,True,2.5822836813294003e-08,ID13305,2.7654475021362304,ID124,0.0
-5.0,4.5,0.43000006675720215,ID13305,True,2.5822836813294003e-08,ID13305,2.67555082321167,ID701,0.0
-5.0,4.75,0.43000006675720215,ID13305,True,2.5822836813294003e-08,ID13305,2.583845500946045,ID124,0.0
-5.0,5.0,0.43000006675720215,ID13355,False,0.028011968046194657,ID11355.003,2.4901624965667724,ID124,0.0
-5.0,5.25,0.43000006675720215,ID13355,False,0.07339905210537895,ID11355.003,2.419997339248657,ID116,0.0
-5.0,5.5,0.43000006675720215,ID13355,True,2.5822836813294003e-08,ID13355,2.419997339248657,ID116,0.0
-5.0,5.75,0.43000006675720215,ID13069,False,0.1587102340365823,ID11556.001,2.419997339248657,ID116,0.0
-5.0,6.0,0.43000006675720215,ID13325,False,0.34,ID11556.001,0.7215088653564453,ID11556.001,0.0
-5.0,6.25,0.43000006675720215,ID13059,False,0.34,ID11586.001,0.1961049336194992,ID11556.001,0.0
-5.0,6.5,0.43000006675720215,ID13059,False,0.34,ID11586.001,0.3726266670227051,ID11556.001,0.0
-5.0,6.75,-0.679999828338623,ID13059,False,0.286092028219917,ID11556.001,3.5299974727630614,ID116,0.019782341029446364
-5.0,7.0,-0.679999828338623,ID13059,False,0.15901434125341207,ID11556.001,3.5299974727630614,ID116,0.019782341029446364
-5.0,7.25,,,False,,,,,
-5.0,7.5,,,False,,,,,
-5.0,7.75,,,False,,,,,
-5.0,8.0,,,False,,,,,
-4.75,-8.0,,,False,,,,,
-4.75,-7.75,,,False,,,,,
-4.75,-7.5,,,False,,,,,
-4.75,-7.25,0.31000006198883057,ID13069,False,0.2955301763202008,ID1471,2.539998893737793,ID116,0.0
-4.75,-7.0,0.31000006198883057,ID14158,False,0.06080937986215179,ID1471,2.539998893737793,ID116,0.0
-4.75,-6.75,0.31000009179115295,ID14158,True,0.0,ID14158,2.5399986553192138,ID116,0.0
-4.75,-6.5,0.31000006198883057,ID14158,False,0.08317787755112177,ID13069,2.539998893737793,ID116,0.0
-4.75,-6.25,0.43000006675720215,ID13069,True,2.5822836813294003e-08,ID13069,2.419999008178711,ID116,0.019782341029446364
-4.75,-6.0,0.43000006675720215,ID14072,True,2.5822836813294003e-08,ID14072,2.4199987697601317,ID116,0.0
-4.75,-5.75,0.43000006675720215,ID14072,True,2.5822836813294003e-08,ID14072,2.4199985313415526,ID116,0.0
-4.75,-5.5,0.43000006675720215,ID14072,True,2.5822836813294003e-08,ID14072,2.4199985313415526,ID116,0.0
-4.75,-5.25,0.43000006675720215,ID14072,True,2.5822836813294003e-08,ID14072,2.441110734939575,ID124,0.0
-4.75,-5.0,0.43000006675720215,ID14072,True,2.5822836813294003e-08,ID14072,2.5383311557769774,ID124,0.0
-4.75,-4.75,0.43000006675720215,ID14072,True,2.5822836813294003e-08,ID14072,2.6329964447021483,ID661,0.0
-4.75,-4.5,0.31000006198883057,ID13069,False,0.11888919812674242,ID13069,2.846679573059082,ID661,0.0
-4.75,-4.25,0.31000006198883057,ID14158,False,0.025817903425703947,ID13069,2.938105945587158,ID124,0.0
-4.75,-4.0,0.31000006198883057,ID14158,True,2.5822836813294003e-08,ID14158,3.189998273849487,ID124,0.0
-4.75,-3.75,0.31000006198883057,ID14158,True,2.5822836813294003e-08,ID14158,3.1899985122680663,ID124,0.0
-4.75,-3.5,0.31000006198883057,ID14158,False,0.07112986624305012,ID1836,3.189998273849487,ID124,0.0
-4.75,-3.25,0.31000009179115295,ID13069,False,0.28081056324213494,ID1836,3.189998273849487,ID124,0.0
-4.75,-3.0,-0.020000040531158447,ID13535,False,0.34,ID1507,1.1684029150009154,ID1507,0.0
-4.75,-2.75,-0.019999980926513672,ID13535,False,0.34,ID1507,1.2859998989105224,ID1507,0.019782341029446364
-4.75,-2.5,-0.019999980926513672,ID13435,False,0.24203665857019313,ID1950,3.6099985885620116,ID144,0.0
-4.75,-2.25,0.24999994039535522,ID1950,False,0.010467833867991605,ID1523,3.339998846054077,ID144,0.0
-4.75,-2.0,0.10069417953491211,ID1940,False,0.12485299456215646,ID1950,3.359304552078247,ID152,0.0
-4.75,-1.75,0.10069417953491211,ID1940,False,0.025957486636785432,ID1950,3.359304313659668,ID152,0.0
-4.75,-1.5,0.10069417953491211,ID1940,True,0.0,ID1940,3.4893041896820067,ID220,0.0
-4.75,-1.25,0.10069417953491211,ID1940,True,0.0,ID1940,3.4893041896820067,ID220,0.0
-4.75,-1.0,0.1006942093372345,ID1940,True,0.0,ID1940,3.4893041896820067,ID220,0.0
-4.75,-0.75,-0.019999980926513672,ID13435,False,0.10633985778754049,ID1940,3.6099981117248534,ID220,0.0
-4.75,-0.5,-0.019999980926513672,ID14082,False,0.0753019466140949,ID1940,3.6099981117248534,ID220,0.0
-4.75,-0.25,-0.019999980926513672,ID14082,False,0.04951508738720728,ID1940,3.6099983501434325,ID220,0.0
-4.75,0.0,-0.019999980926513672,ID14082,False,0.03910723107341485,ID1940,3.4800990867614745,ID160,0.0
-4.75,0.25,-0.019999980926513672,ID14082,False,0.049515109429119464,ID1940,3.6099988269805907,ID220,0.0
-4.75,0.5,-0.020000040531158447,ID14082,False,0.07530223270689684,ID1940,3.6099988269805907,ID220,0.0
-4.75,0.75,-0.020000040531158447,ID13435,False,0.10634010403537114,ID1940,3.6099988269805907,ID220,0.0
-4.75,1.0,0.10069414973258972,ID1940,True,2.5822836813294003e-08,ID1940,3.489304666519165,ID220,0.0
-4.75,1.25,0.10069417953491211,ID1940,True,0.0,ID1940,3.489304428100586,ID220,0.0
-4.75,1.5,0.10069414973258972,ID1940,True,2.5822836813294003e-08,ID1940,3.489304666519165,ID220,0.0
-4.75,1.75,0.10069417953491211,ID1940,False,0.06567840009359194,ID6790,3.3593038368225097,ID152,0.019782341029446364
-4.75,2.0,-0.019999980926513672,ID13535,False,0.280351266428031,ID6790,3.4799979972839354,ID152,0.0
-4.75,2.25,,,False,,,,,
-4.75,2.5,,,False,,,,,
-4.75,2.75,-0.01999986171722412,ID6790,False,0.2637698310385873,ID6790,3.599999313354492,ID6790,0.0
-4.75,3.0,,,False,,,,,
-4.75,3.25,0.43000006675720215,ID13305,False,0.34,ID6622,0.8557568836212158,ID6622,0.0
-4.75,3.5,0.43000006675720215,ID13305,False,0.22214077347970362,ID6622,3.069998149871826,ID124,0.0
-4.75,3.75,0.43000006675720215,ID13305,False,0.019367777066763403,ID6622,3.069997911453247,ID124,0.0
-4.75,4.0,0.43000006675720215,ID13305,True,2.5822836813294003e-08,ID13305,3.069998149871826,ID124,0.0
-4.75,4.25,0.43000006675720215,ID13305,True,2.5822836813294003e-08,ID13305,2.8181043910980224,ID124,0.0
-4.75,4.5,0.43000006675720215,ID13305,True,2.5822836813294003e-08,ID13305,2.726678018569946,ID701,0.0
-4.75,4.75,0.43000006675720215,ID13305,True,2.582216807045512e-08,ID13305,2.632995729446411,ID701,0.0
-4.75,5.0,0.43000006675720215,ID13305,True,2.5822836813294003e-08,ID13305,2.538330202102661,ID124,0.0
-4.75,5.25,0.43000006675720215,ID13355,True,2.5822836813294003e-08,ID13355,2.4411095428466796,ID124,0.0
-4.75,5.5,0.43000006675720215,ID13069,True,2.5822502469630138e-08,ID13069,2.419997577667236,ID116,0.0
-4.75,5.75,0.43000006675720215,ID13325,False,0.031465280843089194,ID11556.001,2.419997339248657,ID116,0.0
-4.75,6.0,0.43000006675720215,ID13325,False,0.13195141072644467,ID11586.001,2.419997339248657,ID116,0.0
-4.75,6.25,0.43000006675720215,ID13069,False,0.34,ID11586.001,0.7761958289146423,ID11556.001,0.0
-4.75,6.5,0.43000006675720215,ID13059,False,0.34,ID11586.001,0.30830899357795716,ID11556.001,0.0
-4.75,6.75,-0.679999828338623,ID13059,False,0.21078453163989402,ID13059,3.5299977111816405,ID116,0.0
-4.75,7.0,-0.6800000667572021,ID13059,False,0.24460052662295706,ID11556.001,3.5299977111816405,ID116,0.0
-4.75,7.25,-0.6799999475479126,ID13059,False,0.29553139788793553,ID13059,3.5299977111816405,ID116,0.0
-4.75,7.5,,,False,,,,,
-4.75,7.75,,,False,,,,,
-4.75,8.0,,,False,,,,,
-4.5,-8.0,,,False,,,,,
-4.5,-7.75,,,False,,,,,
-4.5,-7.5,,,False,,,,,
-4.5,-7.25,0.31000009179115295,ID14158,False,0.20999752602100058,ID1471,2.5399986553192138,ID116,0.0
-4.5,-7.0,0.3100000321865082,ID14158,True,2.5822836813294003e-08,ID14158,2.5399986553192138,ID116,0.0
-4.5,-6.75,0.31000009179115295,ID14158,True,0.0,ID14158,2.539998893737793,ID116,0.0
-4.5,-6.5,0.31000012159347534,ID14158,True,0.0,ID14158,2.539998893737793,ID116,0.0
-4.5,-6.25,0.31000006198883057,ID14158,False,0.05505403760656208,ID13069,2.5399986553192138,ID116,0.0
-4.5,-6.0,0.31000006198883057,ID13069,False,0.11792522051754892,ID13069,2.539998893737793,ID116,0.0
-4.5,-5.75,0.31000009179115295,ID13069,False,0.11918603825766597,ID13069,2.5399984169006347,ID116,0.0
-4.5,-5.5,0.31000009179115295,ID13069,False,0.11918603825766597,ID13069,2.5399984169006347,ID116,0.0
-4.5,-5.25,0.31000006198883057,ID13069,False,0.11918609730519034,ID13069,2.6065894412994384,ID124,0.0
-4.5,-5.0,0.31000006198883057,ID13069,False,0.11918609730519034,ID13069,2.7038089084625243,ID124,0.0
-4.5,-4.75,0.31000006198883057,ID13069,False,0.11918609730519034,ID13069,2.801030282974243,ID661,0.0
-4.5,-4.5,0.31000006198883057,ID14158,False,0.062455693280386304,ID13069,2.8958305168151854,ID124,0.0
-4.5,-4.25,0.31000006198883057,ID14158,True,2.5822836813294003e-08,ID14158,2.989513759613037,ID124,0.0
-4.5,-4.0,0.31000009179115295,ID14158,True,0.0,ID14158,3.1899985122680663,ID124,0.0
-4.5,-3.75,0.31000009179115295,ID14158,True,0.0,ID14158,3.1899985122680663,ID124,0.0
-4.5,-3.5,0.31000006198883057,ID14158,True,2.5822836813294003e-08,ID14158,3.1899985122680663,ID124,0.0
-4.5,-3.25,-0.020000040531158447,ID13455,False,0.3167438504050326,ID13069,3.6099988269805907,ID144,0.0
-4.5,-3.0,-0.019999980926513672,ID13535,False,0.34,ID1804,0.9425624060630798,ID1804,0.0
-4.5,-2.75,,,False,,,,,
-4.5,-2.5,0.4604499340057373,ID1540,False,0.34,ID1523,0.3324933397769928,ID1540,1.4999826611365912
-4.5,-2.25,-0.020000040531158447,ID13435,False,0.16883001664614744,ID1950,3.6099988269805907,ID144,0.0
-4.5,-2.0,0.1006942093372345,ID1940,True,0.0,ID1940,3.3593038368225097,ID152,0.0
-4.5,-1.75,0.1006942093372345,ID1940,True,0.0,ID1940,3.489304428100586,ID220,0.019782341029446364
-4.5,-1.5,0.1006942093372345,ID1940,True,0.0,ID1940,3.489304428100586,ID220,0.019782341029446364
-4.5,-1.25,-0.020000040531158447,ID14082,False,0.09880380725752475,ID1940,3.6099988269805907,ID220,0.0
-4.5,-1.0,-0.020000040531158447,ID14082,False,0.031071700712771988,ID1940,3.6099988269805907,ID220,0.0
-4.5,-0.75,-0.020000040531158447,ID14082,True,0.0,ID14082,3.6099985885620116,ID220,0.0
-4.5,-0.5,-0.020000040531158447,ID14082,True,0.0,ID14082,3.6099985885620116,ID220,0.0
-4.5,-0.25,-0.020000040531158447,ID14082,True,0.0,ID14082,3.6099988269805907,ID220,0.0
-4.5,0.0,-0.020000040531158447,ID14082,True,0.0,ID14082,3.4801336574554442,ID160,0.0
-4.5,0.25,-0.020000040531158447,ID14082,True,0.0,ID14082,3.6099985885620116,ID220,0.0
-4.5,0.5,-0.020000040531158447,ID14082,True,0.0,ID14082,3.6099983501434325,ID220,0.0
-4.5,0.75,-0.020000040531158447,ID14082,True,0.0,ID14082,3.6099983501434325,ID220,0.0
-4.5,1.0,-0.020000040531158447,ID14082,False,0.031072297621661027,ID1940,3.6099983501434325,ID220,0.0
-4.5,1.25,-0.020000040531158447,ID14082,False,0.09880424840752902,ID1940,3.6099985885620116,ID220,0.0
-4.5,1.5,0.10069423913955688,ID1940,False,0.003403730378179759,ID6810,3.4893039512634276,ID220,0.0
-4.5,1.75,-0.020000040531158447,ID13535,False,0.2266586830783175,ID6790,3.6099983501434325,ID220,0.019782341029446364
-4.5,2.0,-0.019999921321868896,ID6790,False,0.34,ID6810,0.9536130475997925,ID6810,0.019782341029446364
-4.5,2.25,-0.019999980926513672,ID6790,False,0.19061829644072661,ID6790,1.750306611061096,ID6790,0.0
-4.5,2.5,-0.019999921321868896,ID6790,False,0.14975063498571023,ID6790,3.599999313354492,ID6790,0.0
-4.5,2.75,-0.019999980926513672,ID13535,False,0.29705665366009676,ID4906,3.599999551773071,ID6622,0.0
-4.5,3.0,0.43000003695487976,ID13079,False,0.34,ID6622,0.4136335599422455,ID6622,0.0
-4.5,3.25,0.43000006675720215,ID13079,False,0.34,ID4906,0.7755700993537903,ID4906,0.0
-4.5,3.5,0.43000006675720215,ID13305,False,0.335997217407524,ID6622,1.4329055595397948,ID6622,0.0
-4.5,3.75,0.43000006675720215,ID13305,False,0.10101791531623516,ID6622,3.069997911453247,ID124,0.0
-4.5,4.0,0.43000006675720215,ID13305,True,2.5822836813294003e-08,ID13305,3.069997911453247,ID124,0.0
-4.5,4.25,0.43000006675720215,ID13305,True,2.5822836813294003e-08,ID13305,2.869511728286743,ID124,0.0
-4.5,4.5,0.43000006675720215,ID13305,True,2.5822836813294003e-08,ID13305,2.7758284854888915,ID124,0.0
-4.5,4.75,0.43000006675720215,ID13305,True,2.5822836813294003e-08,ID13305,2.6810287284851073,ID701,0.0
-4.5,5.0,0.43000006675720215,ID13069,True,2.5822836813294003e-08,ID13069,2.583808307647705,ID124,0.019782341029446364
-4.5,5.25,0.43000006675720215,ID13325,True,2.5822836813294003e-08,ID13325,2.4865881252288817,ID124,0.0
-4.5,5.5,0.43000006675720215,ID13325,False,0.035222033579669076,ID11089.002,2.419997339248657,ID116,0.0
-4.5,5.75,0.43000006675720215,ID13325,False,0.10670256010702134,ID11120.002,2.419997339248657,ID116,0.0
-4.5,6.0,0.43000006675720215,ID13325,False,0.17963918266856282,ID11120.002,2.419997577667236,ID116,0.0
-4.5,6.25,0.43000006675720215,ID13069,False,0.2812592392633406,ID11586.001,2.419997577667236,ID116,0.0
-4.5,6.5,0.43000006675720215,ID13059,False,0.34,ID11586.001,0.24399160325527192,ID11556.001,0.0
-4.5,6.75,-0.679999828338623,ID13059,False,0.29637066131080203,ID13059,2.0489753532409667,ID7141.006,0.0
-4.5,7.0,-0.679999828338623,ID13059,False,0.3184683858974978,ID11556.001,3.5299974727630614,ID116,0.0
-4.5,7.25,-0.679999828338623,ID13059,False,0.2099991952165518,ID13059,3.5299974727630614,ID116,0.0
-4.5,7.5,,,False,,,,,
-4.5,7.75,,,False,,,,,
-4.5,8.0,,,False,,,,,
-4.25,-8.0,,,False,,,,,
-4.25,-7.75,,,False,,,,,
-4.25,-7.5,,,False,,,,,
-4.25,-7.25,0.31000006198883057,ID14158,False,0.12552793228623413,ID1471,2.5399986553192138,ID116,0.0
-4.25,-7.0,0.31000006198883057,ID14158,True,2.5822836813294003e-08,ID14158,2.5399986553192138,ID116,0.0
-4.25,-6.75,0.3100000321865082,ID14158,True,2.5822836813294003e-08,ID14158,2.539998893737793,ID116,0.0
-4.25,-6.5,0.31000006198883057,ID14158,True,2.5822836813294003e-08,ID14158,2.5399986553192138,ID116,0.0
-4.25,-6.25,0.31000012159347534,ID14158,True,0.0,ID14158,2.5399984169006347,ID116,0.0
-4.25,-6.0,0.3100000321865082,ID14158,True,2.5822836813294003e-08,ID14158,2.5399984169006347,ID116,0.0
-4.25,-5.75,0.31000009179115295,ID14158,True,0.0,ID14158,2.5399986553192138,ID116,0.0
-4.25,-5.5,0.31000006198883057,ID14158,True,2.5822836813294003e-08,ID14158,2.5479162979125975,ID124,0.0
-4.25,-5.25,0.31000009179115295,ID14158,True,0.0,ID14158,2.6484087753295897,ID124,0.0
-4.25,-5.0,0.31000006198883057,ID14158,True,2.5822836813294003e-08,ID14158,2.74890172958374,ID573,0.0
-4.25,-4.75,0.3100000321865082,ID14158,True,2.5822836813294003e-08,ID14158,2.846507911682129,ID573,0.0
-4.25,-4.5,0.31000009179115295,ID14158,True,0.0,ID14158,2.9437285709381102,ID124,0.019782341029446364
-4.25,-4.25,0.31000006198883057,ID14158,True,2.5806118186810778e-08,ID14158,3.1899987506866454,ID124,0.019782341029446364
-4.25,-4.0,0.31000009179115295,ID14158,True,0.0,ID14158,3.1899985122680663,ID124,0.019782341029446364
-4.25,-3.75,0.31000006198883057,ID14158,True,2.582275321350025e-08,ID14158,3.1899985122680663,ID124,0.019782341029446364
-4.25,-3.5,0.31000006198883057,ID13069,True,2.5822836813294003e-08,ID13069,3.1899985122680663,ID124,0.0
-4.25,-3.25,-0.019999980926513672,ID6975,False,0.164693219891186,ID13069,3.6099985885620116,ID144,0.0
-4.25,-3.0,-0.020000040531158447,ID13455,False,0.2682108976627497,ID1731,3.6099985885620116,ID144,0.0
-4.25,-2.75,0.47359979152679443,ID1739,False,0.3084484467635058,ID1739,0.30619308829307557,ID1739,22.500486133148822
-4.25,-2.5,-0.019999980926513672,ID13535,False,0.3251548321915882,ID1651,2.7670201110839843,ID1651,0.0
-4.25,-2.25,-0.020000040531158447,ID13435,False,0.23274800902631315,ID1651,3.4799987125396727,ID152,0.0
-4.25,-2.0,-0.020000040531158447,ID13435,False,0.07482248188134416,ID1940,3.6099985885620116,ID220,0.0
-4.25,-1.75,-0.020000040531158447,ID13435,False,0.12025882784418351,ID1940,3.6099985885620116,ID220,0.0
-4.25,-1.5,-0.020000040531158447,ID14082,False,0.06272653865951355,ID1940,3.6099988269805907,ID220,0.019782341029446364
-4.25,-1.25,-0.019999980926513672,ID14082,True,0.0,ID14082,3.6099978733062743,ID220,0.019782341029446364
-4.25,-1.0,-0.019999980926513672,ID14082,True,0.0,ID14082,3.6099981117248534,ID220,0.019782341029446364
-4.25,-0.75,-0.019999980926513672,ID14082,True,0.0,ID14082,3.6099981117248534,ID220,0.019782341029446364
-4.25,-0.5,-0.019999980926513672,ID14082,True,0.0,ID14082,3.6099985885620116,ID220,0.0
-4.25,-0.25,-0.020000040531158447,ID14082,True,0.0,ID14082,3.6099985885620116,ID220,0.0
-4.25,0.0,-0.020000100135803223,ID14082,True,5.869304736672021e-08,ID14082,3.4801677513122558,ID160,0.0
-4.25,0.25,-0.019999980926513672,ID14082,True,0.0,ID14082,3.6099981117248534,ID220,0.0
-4.25,0.5,-0.020000040531158447,ID14082,True,0.0,ID14082,3.6099981117248534,ID220,0.0
-4.25,0.75,-0.020000040531158447,ID14082,True,0.0,ID14082,3.6099985885620116,ID220,0.0
-4.25,1.0,-0.020000040531158447,ID14082,True,0.0,ID14082,3.6099985885620116,ID220,0.0
-4.25,1.25,-0.020000040531158447,ID14082,True,0.0,ID14082,3.6099985885620116,ID220,0.0
-4.25,1.5,-0.019999921321868896,ID13535,False,0.12454487661706665,ID6790,3.6099983501434325,ID220,0.019782341029446364
-4.25,1.75,,,False,,,,,
-4.25,2.0,-0.019999921321868896,ID13535,False,0.34,ID6790,1.1590744304656981,ID6790,0.019782341029446364
-4.25,2.25,-0.019999921321868896,ID13535,False,0.2608797515353354,ID6790,3.4799979972839354,ID152,0.019782341029446364
-4.25,2.5,-0.019999980926513672,ID6622,False,0.09276719600415037,ID6622,3.599999313354492,ID6622,0.019782341029446364
-4.25,2.75,-0.019999980926513672,ID13535,False,0.26658935651990406,ID4906,1.9812059450149535,ID6622,0.0
-4.25,3.0,0.4300001263618469,ID7087,False,0.34,ID4906,0.47064218401908875,ID6622,0.0
-4.25,3.25,0.4300001263618469,ID7087,False,0.34,ID4906,0.7081899690628052,ID6622,0.0
-4.25,3.5,0.43000006675720215,ID13069,False,0.266441606581026,ID4906,3.069998149871826,ID124,0.0
-4.25,3.75,0.43000006675720215,ID13305,False,0.05067459875487479,ID4906,3.069997911453247,ID124,0.019782341029446364
-4.25,4.0,0.43000006675720215,ID13305,True,2.5822836813294003e-08,ID13305,3.069997911453247,ID124,0.019782341029446364
-4.25,4.25,0.43000009655952454,ID13305,True,0.0,ID13305,3.069997673034668,ID124,0.019782341029446364
-4.25,4.5,0.43000006675720215,ID13305,True,2.5822836813294003e-08,ID13305,2.823727970123291,ID124,0.0
-4.25,4.75,0.43000006675720215,ID13069,True,2.5822502469630138e-08,ID13069,2.7265070724487304,ID509,0.0
-4.25,5.0,0.43000006675720215,ID13325,True,2.5822836813294003e-08,ID13325,2.6289004135131835,ID509,0.0
-4.25,5.25,0.43000006675720215,ID13325,True,2.5822836813294003e-08,ID13325,2.5284079360961913,ID124,0.0
-4.25,5.5,0.43000006675720215,ID13325,False,0.19296857838781312,ID11089.002,2.42791522026062,ID124,0.0
-4.25,5.75,0.43000006675720215,ID13325,False,0.34,ID11355.002,0.6035812544822693,ID11355.002,0.0
-4.25,6.0,0.43000006675720215,ID13325,False,0.34,ID11120.002,0.4448941397666931,ID11120.002,0.0
-4.25,6.25,0.43000006675720215,ID13325,False,0.3017022268742772,ID11120.002,2.419997577667236,ID116,0.0
-4.25,6.5,0.43000006675720215,ID13059,False,0.34,ID11586.001,0.1961831945180893,ID11556.001,0.019782341029446364
-4.25,6.75,0.43000006675720215,ID13059,False,0.34,ID11586.001,0.3793909001350403,ID11556.001,0.0
-4.25,7.0,-0.6799999475479126,ID13059,False,0.30616107392355785,ID11556.001,3.5299974727630614,ID116,0.0
-4.25,7.25,-0.6799999475479126,ID13059,False,0.13004804386452365,ID11556.001,3.5299974727630614,ID116,0.0
-4.25,7.5,,,False,,,,,
-4.25,7.75,,,False,,,,,
-4.25,8.0,,,False,,,,,
-4.0,-8.0,,,False,,,,,
-4.0,-7.75,,,False,,,,,
-4.0,-7.5,0.3100000321865082,ID13069,False,0.2885255576926464,ID1471,2.5399986553192138,ID116,0.0
-4.0,-7.25,0.31000009179115295,ID14158,False,0.05015746500547541,ID1471,2.5399986553192138,ID116,0.0
-4.0,-7.0,0.31000009179115295,ID14158,True,0.0,ID14158,2.539998893737793,ID116,0.0
-4.0,-6.75,0.31000009179115295,ID14158,True,0.0,ID14158,2.5399986553192138,ID116,0.0
-4.0,-6.5,0.3100000321865082,ID14158,True,2.5822836813294003e-08,ID14158,2.5399986553192138,ID116,0.0
-4.0,-6.25,0.31000009179115295,ID14158,True,0.0,ID14158,2.5399986553192138,ID116,0.0
-4.0,-6.0,0.31000009179115295,ID14158,True,0.0,ID14158,2.5399986553192138,ID116,0.0
-4.0,-5.75,0.31000009179115295,ID14158,True,0.0,ID14158,2.5399986553192138,ID116,0.0
-4.0,-5.5,0.31000006198883057,ID14158,True,2.5822502469630138e-08,ID14158,2.5872796821594237,ID124,0.0
-4.0,-5.25,0.31000006198883057,ID14158,True,2.5822836813294003e-08,ID14158,2.690060739517212,ID124,0.0
-4.0,-5.0,0.31000012159347534,ID14158,True,0.0,ID14158,2.790552978515625,ID573,0.0
-4.0,-4.75,0.31000006198883057,ID14158,True,2.5822836813294003e-08,ID14158,2.891045455932617,ID124,0.0
-4.0,-4.5,0.31000006198883057,ID14158,True,2.5822836813294003e-08,ID14158,2.9892071533203124,ID124,0.0
-4.0,-4.25,0.31000006198883057,ID14158,True,2.5822836813294003e-08,ID14158,3.1899987506866454,ID124,0.0
-4.0,-4.0,0.31000006198883057,ID14158,True,2.5822836813294003e-08,ID14158,3.1899985122680663,ID124,0.0
-4.0,-3.75,0.31000006198883057,ID13069,True,2.5822836813294003e-08,ID13069,3.189998273849487,ID124,0.0
-4.0,-3.5,-0.019999980926513672,ID6975,False,0.2261169048107214,ID13069,3.6099985885620116,ID144,0.0
-4.0,-3.25,-0.019999980926513672,ID6975,False,0.018160583196906888,ID13069,3.6099985885620116,ID144,0.0
-4.0,-3.0,-0.019999980926513672,ID6975,False,0.13207126795378932,ID1739,3.6099985885620116,ID144,0.0
-4.0,-2.75,-0.020000040531158447,ID13535,False,0.291752782106118,ID1836,3.6099988269805907,ID144,0.0
-4.0,-2.5,-0.020000040531158447,ID13535,False,0.34,ID1860,0.9023476886749268,ID1860,0.0
-4.0,-2.25,-0.020000040531158447,ID13535,False,0.26135393226139825,ID1651,2.1132267761230468,ID1651,0.0
-4.0,-2.0,-0.020000040531158447,ID13435,False,0.011855111366548321,ID1651,3.6099985885620116,ID220,0.019782341029446364
-4.0,-1.75,-0.019999980926513672,ID14092,False,0.003987623598557921,ID1940,3.6099985885620116,ID220,0.0
-4.0,-1.5,-0.020000040531158447,ID13435,True,0.0,ID13435,3.6099985885620116,ID220,0.0
-4.0,-1.25,-0.019999980926513672,ID14082,True,0.0,ID14082,3.6099985885620116,ID220,0.0
-4.0,-1.0,-0.020000040531158447,ID14082,True,0.0,ID14082,3.6099985885620116,ID220,0.0
-4.0,-0.75,-0.020000040531158447,ID14082,True,0.0,ID14082,3.6099985885620116,ID220,0.0
-4.0,-0.5,-0.019999980926513672,ID14082,True,0.0,ID14082,3.6099985885620116,ID220,0.0
-4.0,-0.25,-0.019999980926513672,ID14082,True,0.0,ID14082,3.6099985885620116,ID220,0.0
-4.0,0.0,-0.020000040531158447,ID14082,True,0.0,ID14082,3.4802025604248046,ID160,0.0
-4.0,0.25,-0.020000100135803223,ID14082,True,5.8693049420632804e-08,ID14082,3.6099985885620116,ID220,0.0
-4.0,0.5,-0.020000040531158447,ID14082,True,0.0,ID14082,3.6099988269805907,ID220,0.0
-4.0,0.75,-0.020000040531158447,ID14082,True,0.0,ID14082,3.6099985885620116,ID220,0.0
-4.0,1.0,-0.020000040531158447,ID14082,True,0.0,ID14082,3.6099988269805907,ID220,0.0
-4.0,1.25,-0.020000040531158447,ID13435,True,0.0,ID13435,3.6099985885620116,ID220,0.0
-4.0,1.5,-0.020000040531158447,ID13535,False,0.15552361252435037,ID6790,3.6099985885620116,ID220,0.0
-4.0,1.75,,,False,,,,,
-4.0,2.0,-0.019999980926513672,ID13535,False,0.34,ID6840,1.3515139865875243,ID6840,0.0
-4.0,2.25,-0.019999980926513672,ID13535,False,0.2791445076709443,ID6622,3.599999313354492,ID6622,0.0
-4.0,2.5,-0.020000040531158447,ID6622,False,0.27469008690422203,ID6622,1.6223410415649413,ID6622,0.0
-4.0,2.75,-0.020000040531158447,ID6622,False,0.34,ID6622,1.397076015472412,ID6622,0.0
-4.0,3.0,0.43000006675720215,ID13079,False,0.34,ID4906,0.517276828289032,ID4906,0.0
-4.0,3.25,0.43000006675720215,ID7087,False,0.34,ID4906,0.7755727815628052,ID4906,0.0
-4.0,3.5,0.43000006675720215,ID7087,False,0.34,ID3946.001,0.7755703973770142,ID4906,0.0
-4.0,3.75,0.43000006675720215,ID13069,False,0.1769465763272067,ID5274,3.069997911453247,ID124,0.0
-4.0,4.0,0.43000006675720215,ID13305,True,2.582275321350025e-08,ID13305,3.069998149871826,ID124,0.0
-4.0,4.25,0.43000006675720215,ID13305,True,2.5822836813294003e-08,ID13305,3.0699974346160888,ID124,0.0
-4.0,4.5,0.43000006675720215,ID13325,True,2.5822836813294003e-08,ID13325,2.869206314086914,ID124,0.0
-4.0,4.75,0.43000006675720215,ID13325,True,2.5822836813294003e-08,ID13325,2.7710443782806395,ID124,0.0
-4.0,5.0,0.43000006675720215,ID13325,True,2.5822836813294003e-08,ID13325,2.670551424026489,ID509,0.0
-4.0,5.25,0.43000006675720215,ID13325,True,2.5822836813294003e-08,ID13325,2.570059185028076,ID124,0.0
-4.0,5.5,0.43000006675720215,ID13325,False,0.23714325661092917,ID11089.002,2.467278604507446,ID124,0.0
-4.0,5.75,0.43000006675720215,ID13325,False,0.34,ID11300.002,0.3869374144077301,ID11089.002,0.0
-4.0,6.0,,,False,,,,,
-4.0,6.25,0.45893532037734985,ID11393.002,False,0.34,ID11210.002,0.4201850938796997,ID11210.002,0.0
-4.0,6.5,,,False,,,,,
-4.0,6.75,0.43000006675720215,ID13059,False,0.34,ID11586.001,0.33778024196624756,ID11556.001,0.0
-4.0,7.0,-0.6799999475479126,ID13059,False,0.2507907490324508,ID11556.001,3.5299972343444823,ID116,0.0
-4.0,7.25,-0.6799999475479126,ID13059,False,0.18541838811536004,ID11556.001,3.5299974727630614,ID116,0.0
-4.0,7.5,-0.679999828338623,ID13059,False,0.2885275198215719,ID13059,3.5299972343444823,ID116,0.0
-4.0,7.75,,,False,,,,,
-4.0,8.0,,,False,,,,,
-3.75,-8.0,,,False,,,,,
-3.75,-7.75,,,False,,,,,
-3.75,-7.5,0.31000006198883057,ID14158,False,0.21495068921091368,ID1471,2.5399986553192138,ID116,0.0
-3.75,-7.25,0.31000009179115295,ID14158,True,0.0,ID14158,2.539998893737793,ID116,0.0
-3.75,-7.0,0.3100000321865082,ID14158,True,2.5822418869836383e-08,ID14158,2.5399986553192138,ID116,0.0
-3.75,-6.75,0.31000006198883057,ID14158,True,2.5821499327616237e-08,ID14158,2.5399986553192138,ID116,0.0
-3.75,-6.5,0.31000009179115295,ID14158,True,0.0,ID14158,2.5399986553192138,ID116,0.0
-3.75,-6.25,0.31000006198883057,ID14158,True,2.5822418869836383e-08,ID14158,2.539998893737793,ID116,0.0
-3.75,-6.0,0.31000009179115295,ID14158,True,0.0,ID14158,2.5399986553192138,ID116,0.0
-3.75,-5.75,0.31000006198883057,ID14158,True,2.5822836813294003e-08,ID14158,2.5399986553192138,ID116,0.0
-3.75,-5.5,0.31000006198883057,ID14158,True,2.5822836813294003e-08,ID14158,2.6249593544006347,ID124,0.019782341029446364
-3.75,-5.25,0.31000006198883057,ID14158,True,2.5822836813294003e-08,ID14158,2.7284447002410888,ID597,0.019782341029446364
-3.75,-5.0,0.31000006198883057,ID14158,True,2.5822836813294003e-08,ID14158,2.8319298076629638,ID124,0.019782341029446364
-3.75,-4.75,0.31000006198883057,ID14158,True,2.5822836813294003e-08,ID14158,2.932696943283081,ID124,0.019782341029446364
-3.75,-4.5,0.31000009179115295,ID14158,True,0.0,ID14158,3.1899987506866454,ID124,0.019782341029446364
-3.75,-4.25,0.31000006198883057,ID14158,True,2.5822836813294003e-08,ID14158,3.1899987506866454,ID124,0.019782341029446364
-3.75,-4.0,0.31000006198883057,ID14158,True,2.5822836813294003e-08,ID14158,3.1899985122680663,ID124,0.019782341029446364
-3.75,-3.75,-0.019999980926513672,ID13455,False,0.3061511575380965,ID13069,3.519998197555542,ID124,0.019782341029446364
-3.75,-3.5,-0.019999921321868896,ID6975,False,0.09174179478258063,ID13069,3.6099988269805907,ID144,0.019782341029446364
-3.75,-3.25,-0.019999921321868896,ID6975,False,0.127942071606286,ID21832,3.6099985885620116,ID144,0.019782341029446364
-3.75,-3.0,-0.019999921321868896,ID6975,False,0.20120902645907116,ID21832,3.6099985885620116,ID144,0.019782341029446364
-3.75,-2.75,-0.019999980926513672,ID6975,False,0.2602059155029444,ID21832,3.6099988269805907,ID144,0.0
-3.75,-2.5,-0.020000040531158447,ID13455,False,0.30428754696663696,ID21832,2.1460307884216308,ID1836,0.0
-3.75,-2.25,-0.019999980926513672,ID13535,False,0.13286148492852118,ID21832,2.102294807434082,ID1675,0.0
-3.75,-2.0,-0.020000040531158447,ID14092,True,0.0,ID14092,3.6099988269805907,ID220,0.0
-3.75,-1.75,-0.019999980926513672,ID14092,True,0.0,ID14092,3.6099985885620116,ID220,0.0
-3.75,-1.5,-0.020000040531158447,ID14092,True,0.0,ID14092,3.6099985885620116,ID220,0.0
-3.75,-1.25,-0.019999980926513672,ID13435,True,0.0,ID13435,3.6099983501434325,ID220,0.0
-3.75,-1.0,-0.019999980926513672,ID14082,True,0.0,ID14082,3.6099983501434325,ID220,0.0
-3.75,-0.75,-0.019999980926513672,ID14082,True,0.0,ID14082,3.6099983501434325,ID220,0.0
-3.75,-0.5,-0.020000040531158447,ID14082,True,0.0,ID14082,3.6099985885620116,ID220,0.0
-3.75,-0.25,-0.020000040531158447,ID14082,True,0.0,ID14082,3.6099985885620116,ID220,0.0
-3.75,0.0,-0.019999980926513672,ID14082,True,0.0,ID14082,3.480236654281616,ID160,0.0
-3.75,0.25,-0.020000040531158447,ID14082,True,0.0,ID14082,3.4802352237701415,ID160,0.0
-3.75,0.5,-0.020000040531158447,ID14082,True,0.0,ID14082,3.6099985885620116,ID220,0.0
-3.75,0.75,-0.020000040531158447,ID14082,True,0.0,ID14082,3.6099985885620116,ID220,0.0
-3.75,1.0,-0.020000100135803223,ID14082,True,5.869304420258459e-08,ID14082,3.6099983501434325,ID220,0.0
-3.75,1.25,-0.020000040531158447,ID13435,True,0.0,ID13435,3.6099985885620116,ID220,0.0
-3.75,1.5,-0.019999980926513672,ID13535,False,0.1933121155744681,ID6790,3.6099981117248534,ID220,0.0
-3.75,1.75,-0.020000040531158447,ID13535,False,0.34,ID6790,0.740076367855072,ID6790,0.0
-3.75,2.0,-0.019999980926513672,ID13535,False,0.34,ID6622,1.1322833347320556,ID6622,0.0
-3.75,2.25,-0.020000040531158447,ID13535,False,0.34,ID6622,1.0233993577957152,ID6622,0.0
-3.75,2.5,,,False,,,,,
-3.75,2.75,-0.020000040531158447,ID13535,False,0.2676540977988886,ID6622,3.6099981117248534,ID144,0.0
-3.75,3.0,-0.020000040531158447,ID13535,False,0.33076235986682584,ID4992,3.6099981117248534,ID144,0.0
-3.75,3.25,0.4300001263618469,ID7087,False,0.34,ID3473,0.7755721259117127,ID4906,0.019782341029446364
-3.75,3.5,0.43000006675720215,ID7087,False,0.34,ID4906,0.7755718278884888,ID4906,0.0
-3.75,3.75,0.43000006675720215,ID13079,False,0.3032184828404187,ID4906,3.069998149871826,ID124,0.0
-3.75,4.0,0.43000006675720215,ID13069,False,0.08745145816995481,ID4906,3.069998149871826,ID124,0.019782341029446364
-3.75,4.25,0.43000006675720215,ID13325,True,2.5822836813294003e-08,ID13325,3.069998149871826,ID124,0.0
-3.75,4.5,0.43000006675720215,ID13325,True,2.5822502469630138e-08,ID13325,3.069997673034668,ID124,0.0
-3.75,4.75,0.43000006675720215,ID13325,True,2.5822836813294003e-08,ID13325,2.8126961040496825,ID124,0.0
-3.75,5.0,0.43000006675720215,ID13325,True,2.5822836813294003e-08,ID13325,2.7119292068481444,ID124,0.0
-3.75,5.25,0.43000006675720215,ID13325,True,2.5822836813294003e-08,ID13325,2.608443145751953,ID645,0.0
-3.75,5.5,0.43000006675720215,ID13325,False,0.18218173384281838,ID11089.002,2.504958038330078,ID124,0.0
-3.75,5.75,0.43000006675720215,ID13325,False,0.34,ID11355.002,0.44843414902687073,ID11101.002,0.0
-3.75,6.0,0.43000006675720215,ID13325,False,0.34,ID11300.002,0.2477876591682434,ID11210.002,0.0
-3.75,6.25,0.43000006675720215,ID13325,False,0.34,ID11210.002,0.48767966508865357,ID11210.002,0.0
-3.75,6.5,0.43000006675720215,ID13069,False,0.34,ID11586.001,0.7690182375907898,ID11556.001,0.0
-3.75,6.75,0.43000006675720215,ID13059,False,0.34,ID11586.001,0.2985056984424591,ID11556.001,0.0
-3.75,7.0,-0.679999828338623,ID13059,False,0.3182351988683504,ID13059,3.5299977111816405,ID116,0.0
-3.75,7.25,-0.6799999475479126,ID13059,False,0.22114839586739515,ID11556.001,3.5299977111816405,ID116,0.0
-3.75,7.5,-0.6799999475479126,ID13059,False,0.21495292817839826,ID13059,3.5299974727630614,ID116,0.0
-3.75,7.75,,,False,,,,,
-3.75,8.0,,,False,,,,,
-3.5,-8.0,,,False,,,,,
-3.5,-7.75,,,False,,,,,
-3.5,-7.5,0.31000009179115295,ID14158,False,0.1497125076892494,ID1471,2.5399986553192138,ID116,0.0
-3.5,-7.25,0.31000009179115295,ID14158,True,0.0,ID14158,2.539998893737793,ID116,0.0
-3.5,-7.0,0.31000009179115295,ID14158,True,0.0,ID14158,2.539998893737793,ID116,0.0
-3.5,-6.75,0.31000006198883057,ID14158,True,2.5822836813294003e-08,ID14158,2.5399986553192138,ID116,0.0
-3.5,-6.5,0.31000009179115295,ID14158,True,0.0,ID14158,2.5399986553192138,ID116,0.0
-3.5,-6.25,0.31000009179115295,ID14158,True,0.0,ID14158,2.5399986553192138,ID116,0.0
-3.5,-6.0,0.31000006198883057,ID14158,True,2.5822836813294003e-08,ID14158,2.5399986553192138,ID116,0.0
-3.5,-5.75,0.31000009179115295,ID14158,True,0.0,ID14158,2.5545476722717284,ID124,0.0
-3.5,-5.5,0.31000009179115295,ID14158,True,0.0,ID14158,2.660731678009033,ID124,0.0
-3.5,-5.25,0.31000009179115295,ID14158,True,0.0,ID14158,2.7661236572265624,ID597,0.0
-3.5,-5.0,0.31000009179115295,ID14158,True,0.0,ID14158,2.8696092414855956,ID124,0.0
-3.5,-4.75,0.31000009179115295,ID14158,True,0.0,ID14158,2.9730945873260497,ID124,0.0
-3.5,-4.5,0.31000006198883057,ID14158,True,2.5822836813294003e-08,ID14158,3.1899987506866454,ID124,0.0
-3.5,-4.25,0.31000009179115295,ID14158,True,0.0,ID14158,3.1899987506866454,ID124,0.0
-3.5,-4.0,0.31000009179115295,ID13069,False,0.05918143184525482,ID21832,3.1899987506866454,ID124,0.0
-3.5,-3.75,,,False,,,,,
-3.5,-3.5,,,False,,,,,
-3.5,-3.25,-0.019999921321868896,ID6975,False,0.34,ID21832,0.6558386135101318,ID21832,0.019782341029446364
-3.5,-3.0,-0.019999921321868896,ID6975,False,0.34,ID21832,0.6558382558822632,ID21832,0.019782341029446364
-3.5,-2.75,-0.019999921321868896,ID6975,False,0.34,ID21844,0.6558379578590393,ID21832,0.019782341029446364
-3.5,-2.5,-0.019999921321868896,ID6975,False,0.34,ID21832,0.6558376002311707,ID21832,0.019782341029446364
-3.5,-2.25,-0.020000040531158447,ID13455,False,0.2828156547068084,ID21832,2.3557030010223388,ID1836,0.0
-3.5,-2.0,-0.019999980926513672,ID13435,False,0.0651535509739733,ID21832,2.6463238048553466,ID1651,0.0
-3.5,-1.75,-0.019999980926513672,ID14092,True,0.0,ID14092,3.6099983501434325,ID220,0.0
-3.5,-1.5,-0.020000040531158447,ID14092,True,0.0,ID14092,3.6099983501434325,ID220,0.0
-3.5,-1.25,-0.020000040531158447,ID14092,True,0.0,ID14092,3.6099983501434325,ID220,0.0
-3.5,-1.0,-0.020000040531158447,ID14092,True,0.0,ID14092,3.6099983501434325,ID220,0.0
-3.5,-0.75,-0.019999980926513672,ID14082,True,0.0,ID14082,3.6099983501434325,ID220,0.0
-3.5,-0.5,-0.020000040531158447,ID14082,True,0.0,ID14082,3.6099983501434325,ID220,0.0
-3.5,-0.25,-0.020000040531158447,ID14082,True,0.0,ID14082,3.6099983501434325,ID220,0.0
-3.5,0.0,-0.020000040531158447,ID14082,True,0.0,ID14082,3.4802709865570067,ID160,0.0
-3.5,0.25,-0.020000040531158447,ID14082,True,0.0,ID14082,3.480269556045532,ID160,0.0
-3.5,0.5,-0.020000040531158447,ID14082,True,0.0,ID14082,3.6099983501434325,ID220,0.0
-3.5,0.75,-0.019999980926513672,ID14082,True,0.0,ID14082,3.6099983501434325,ID220,0.0
-3.5,1.0,-0.020000100135803223,ID14082,True,5.8693049420632804e-08,ID14082,3.6099983501434325,ID220,0.0
-3.5,1.25,-0.019999980926513672,ID13535,True,0.0,ID13535,3.6099983501434325,ID220,0.0
-3.5,1.5,-0.020000040531158447,ID13535,False,0.13790158936883024,ID6790,3.6099983501434325,ID220,0.0
-3.5,1.75,,,False,,,,,
-3.5,2.0,,,False,,,,,
-3.5,2.25,-0.020000040531158447,ID13535,False,0.28163597194023393,ID6622,3.6099983501434325,ID220,0.0
-3.5,2.5,-0.020000040531158447,ID13535,False,0.1860610312161737,ID6642,3.6099978733062743,ID220,0.0
-3.5,2.75,-0.019999980926513672,ID13535,False,0.05930601771242339,ID6622,3.4799977588653563,ID152,0.0
-3.5,3.0,-0.020000040531158447,ID13485,False,0.20448802332267493,ID4992,3.6099983501434325,ID144,0.0
-3.5,3.25,0.43000006675720215,ID13079,False,0.34,ID4906,0.775569920539856,ID4906,0.0
-3.5,3.5,0.43000009655952454,ID7087,False,0.34,ID4906,0.7755708742141724,ID4906,0.0
-3.5,3.75,0.4300001263618469,ID7087,False,0.34,ID4906,0.7755708146095276,ID4906,0.0
-3.5,4.0,0.43000006675720215,ID13069,False,0.2137233800436495,ID5212,3.069998149871826,ID124,0.0
-3.5,4.25,0.43000006675720215,ID13325,True,2.5822836813294003e-08,ID13325,3.069997911453247,ID124,0.0
-3.5,4.5,0.43000006675720215,ID13325,True,2.5822836813294003e-08,ID13325,3.069997673034668,ID124,0.019782341029446364
-3.5,4.75,0.43000006675720215,ID13325,True,2.582275321350025e-08,ID13325,2.853093509674072,ID124,0.019782341029446364
-3.5,5.0,0.43000006675720215,ID13325,True,2.5822836813294003e-08,ID13325,2.749608402252197,ID124,0.019782341029446364
-3.5,5.25,0.43000006675720215,ID13325,True,2.5822836813294003e-08,ID13325,2.646123056411743,ID645,0.019782341029446364
-3.5,5.5,0.43000006675720215,ID13325,False,0.06661259633252992,ID11355.002,2.5407310771942138,ID124,0.019782341029446364
-3.5,5.75,0.43000006675720215,ID13325,False,0.21733601783185702,ID11355.002,2.434546594619751,ID124,0.019782341029446364
-3.5,6.0,0.43000006675720215,ID13325,False,0.18648210146363497,ID11210.002,2.419997577667236,ID116,0.019782341029446364
-3.5,6.25,0.43000006675720215,ID13325,False,0.14578822958859472,ID11210.002,2.4199978160858153,ID116,0.019782341029446364
-3.5,6.5,0.43000006675720215,ID13069,False,0.3242467315621689,ID11586.001,2.419997577667236,ID116,0.0
-3.5,6.75,0.43000006675720215,ID13059,False,0.34,ID11586.001,0.28026241540908814,ID11556.001,0.0
-3.5,7.0,0.43000006675720215,ID13059,False,0.321149126805446,ID11576.001,2.419997577667236,ID116,0.019782341029446364
-3.5,7.25,-0.6799999475479126,ID13059,False,0.24542445137180374,ID11556.001,3.5299974727630614,ID116,0.0
-3.5,7.5,-0.6799999475479126,ID13059,False,0.14971330362445165,ID13059,3.5299974727630614,ID116,0.0
-3.5,7.75,,,False,,,,,
-3.5,8.0,,,False,,,,,
-3.25,-8.0,,,False,,,,,
-3.25,-7.75,0.31000009179115295,ID13069,False,0.3277913510142592,ID1471,2.539998893737793,ID116,0.0
-3.25,-7.5,0.31000006198883057,ID14158,False,0.08447426727873925,ID1471,2.539998893737793,ID116,0.0
-3.25,-7.25,0.31000006198883057,ID14158,True,2.5822836813294003e-08,ID14158,2.539998893737793,ID116,0.0
-3.25,-7.0,0.31000006198883057,ID14158,True,2.5822836813294003e-08,ID14158,2.539998893737793,ID116,0.0
-3.25,-6.75,0.31000006198883057,ID14158,True,2.5822836813294003e-08,ID14158,2.539998893737793,ID116,0.0
-3.25,-6.5,0.31000006198883057,ID14158,True,2.5822836813294003e-08,ID14158,2.539998893737793,ID116,0.0
-3.25,-6.25,0.31000009179115295,ID13069,True,0.0,ID13069,2.539998893737793,ID116,0.0
-3.25,-6.0,-0.019999980926513672,ID14046,False,0.29426833276866754,ID13069,2.8699985790252684,ID116,0.019782341029446364
-3.25,-5.75,-0.020000040531158447,ID14046,False,0.3093536049882382,ID13069,2.918029670715332,ID124,0.019782341029446364
-3.25,-5.5,0.31000009179115295,ID14158,True,0.0,ID14158,2.6943062591552733,ID124,0.0
-3.25,-5.25,0.31000009179115295,ID14158,True,0.0,ID14158,2.800490741729736,ID597,0.0
-3.25,-5.0,0.31000006198883057,ID14158,True,2.5822836813294003e-08,ID14158,2.90667498588562,ID124,0.0
-3.25,-4.75,0.31000006198883057,ID14158,True,2.5822836813294003e-08,ID14158,3.0107735443115233,ID124,0.0
-3.25,-4.5,0.31000006198883057,ID14158,True,2.5822836813294003e-08,ID14158,3.1899987506866454,ID124,0.0
-3.25,-4.25,0.31000006198883057,ID14158,True,2.5822836813294003e-08,ID14158,3.1899987506866454,ID124,0.0
-3.25,-4.0,-0.020000040531158447,ID13455,False,0.29571437956025515,ID13069,3.519998912811279,ID124,0.0
-3.25,-3.75,,,False,,,,,
-3.25,-3.5,-0.019999980926513672,ID6975,False,0.34,ID21860,0.724904363155365,ID21860,0.0
-3.25,-3.25,,,False,,,,,
-3.25,-3.0,-0.019999921321868896,ID6975,False,0.34,ID21868,0.6558382558822632,ID21832,0.019782341029446364
-3.25,-2.75,-0.019999921321868896,ID6975,False,0.34,ID21832,0.6558378982543945,ID21832,0.019782341029446364
-3.25,-2.5,-0.019999921321868896,ID6975,False,0.30409338674584085,ID21832,3.6099985885620116,ID220,0.019782341029446364
-3.25,-2.25,-0.019999921321868896,ID6975,False,0.18204966673448286,ID21832,3.6099985885620116,ID220,0.019782341029446364
-3.25,-2.0,-0.020000040531158447,ID13535,False,0.024336418324050646,ID21832,3.0079528141021727,ID1908,0.0
-3.25,-1.75,-0.019999980926513672,ID14092,True,0.0,ID14092,3.503004674911499,ID1651,0.0
-3.25,-1.5,-0.019999980926513672,ID14092,True,0.0,ID14092,3.6099981117248534,ID220,0.0
-3.25,-1.25,-0.019999980926513672,ID14092,True,0.0,ID14092,3.6099981117248534,ID220,0.0
-3.25,-1.0,-0.019999980926513672,ID14092,True,0.0,ID14092,3.6099981117248534,ID220,0.0
-3.25,-0.75,-0.019999980926513672,ID14092,True,0.0,ID14092,3.6099981117248534,ID220,0.0
-3.25,-0.5,-0.020000040531158447,ID13435,True,0.0,ID13435,3.6099988269805907,ID220,0.0
-3.25,-0.25,-0.019999980926513672,ID14082,True,0.0,ID14082,3.4803034114837645,ID160,0.0
-3.25,0.0,-0.019999980926513672,ID14082,True,0.0,ID14082,3.4803050804138183,ID160,0.0
-3.25,0.25,-0.020000040531158447,ID14082,True,0.0,ID14082,3.4803038883209227,ID160,0.0
-3.25,0.5,-0.020000040531158447,ID14082,True,0.0,ID14082,3.6099985885620116,ID220,0.0
-3.25,0.75,-0.019999980926513672,ID13535,True,0.0,ID13535,3.6099981117248534,ID220,0.0
-3.25,1.0,-0.020000040531158447,ID13535,True,0.0,ID13535,3.6099988269805907,ID220,0.0
-3.25,1.25,-0.020000040531158447,ID13535,True,0.0,ID13535,3.6099985885620116,ID220,0.0
-3.25,1.5,-0.020000040531158447,ID13535,True,0.0,ID13535,3.6099985885620116,ID220,0.0
-3.25,1.75,-0.020000040531158447,ID13535,False,0.05868414675021011,ID6622,3.6099985885620116,ID220,0.0
-3.25,2.0,-0.020000040531158447,ID13485,False,0.03590805101981892,ID6622,3.6099985885620116,ID220,0.0
-3.25,2.25,-0.020000040531158447,ID13485,False,0.05043890622444619,ID6622,3.6099985885620116,ID220,0.0
-3.25,2.5,-0.020000040531158447,ID13485,True,0.0,ID13485,3.6099985885620116,ID220,0.0
-3.25,2.75,-0.020000100135803223,ID13485,False,0.11095255675904528,ID13079,3.4799984741210936,ID152,0.0
-3.25,3.0,-0.020000040531158447,ID13485,False,0.24422694902134745,ID13079,3.6099981117248534,ID144,0.0
-3.25,3.25,0.2699999511241913,ID13079,False,0.3189533361234321,ID3755,3.319997911453247,ID144,0.0
-3.25,3.5,0.43000009655952454,ID7087,False,0.34,ID3186,0.775569920539856,ID4906,0.0
-3.25,3.75,0.43000009655952454,ID7087,False,0.34,ID4906,0.7755698609352112,ID4906,0.0
-3.25,4.0,0.43000006675720215,ID13079,False,0.3399953320041149,ID5212,3.069998149871826,ID124,0.0
-3.25,4.25,0.43000006675720215,ID13325,False,0.12422842964541703,ID5114,3.069997911453247,ID124,0.0
-3.25,4.5,0.43000006675720215,ID13325,True,2.5822836813294003e-08,ID13325,3.069997911453247,ID124,0.0
-3.25,4.75,0.43000006675720215,ID13325,True,2.5822502469630138e-08,ID13325,2.890773420333862,ID124,0.0
-3.25,5.0,0.43000006675720215,ID13325,True,2.5822836813294003e-08,ID13325,2.7866734313964843,ID124,0.0
-3.25,5.25,0.43000006675720215,ID13325,True,2.5822836813294003e-08,ID13325,2.6804891872406005,ID645,0.019782341029446364
-3.25,5.5,0.43000006675720215,ID13325,True,2.5822836813294003e-08,ID13325,2.574305419921875,ID124,0.019782341029446364
-3.25,5.75,0.43000006675720215,ID13325,True,2.5822836813294003e-08,ID13325,2.4680277156829833,ID124,0.019782341029446364
-3.25,6.0,0.43000006675720215,ID13325,True,2.5822836813294003e-08,ID13325,2.419997577667236,ID116,0.019782341029446364
-3.25,6.25,0.43000006675720215,ID13325,False,0.051152076218973996,ID11586.001,2.419997577667236,ID116,0.019782341029446364
-3.25,6.5,0.43000006675720215,ID13069,False,0.29997060891972577,ID11586.001,2.419997577667236,ID116,0.0
-3.25,6.75,0.43000006675720215,ID13059,False,0.34,ID11586.001,0.2620191025733948,ID11556.001,0.0
-3.25,7.0,0.43000006675720215,ID13059,False,0.34,ID11576.001,1.3994067955017089,ID11576.001,0.0
-3.25,7.25,-0.6799999475479126,ID13059,False,0.2697005076132338,ID11556.001,3.529996995925903,ID116,0.0
-3.25,7.5,-0.6799999475479126,ID13059,False,0.08447401852546321,ID13059,3.5299977111816405,ID116,0.0
-3.25,7.75,-0.6799999475479126,ID13059,False,0.32779135101946083,ID13059,3.5299977111816405,ID116,0.0
-3.25,8.0,,,False,,,,,
-3.0,-8.0,,,False,,,,,
-3.0,-7.75,0.31000006198883057,ID13069,False,0.2726539759839389,ID1471,2.539998893737793,ID116,0.0
-3.0,-7.5,0.31000006198883057,ID14158,False,0.028809958145919468,ID1471,2.5399986553192138,ID116,0.0
-3.0,-7.25,0.31000006198883057,ID14158,True,2.5822836813294003e-08,ID14158,2.5399986553192138,ID116,0.0
-3.0,-7.0,0.31000006198883057,ID14158,True,2.5822836813294003e-08,ID14158,2.539998893737793,ID116,0.0
-3.0,-6.75,0.31000006198883057,ID13069,True,2.5822836813294003e-08,ID13069,2.539998893737793,ID116,0.019782341029446364
-3.0,-6.5,-0.020000040531158447,ID14046,False,0.3107317838920931,ID13069,2.8699988174438475,ID116,0.019782341029446364
-3.0,-6.25,-0.019999921321868896,ID7023,False,0.1935531247226067,ID13069,2.8699985790252684,ID116,0.0
-3.0,-6.0,-0.019999921321868896,ID7023,False,0.07510804309621166,ID13069,2.8699988174438475,ID116,0.0
-3.0,-5.75,-0.019999921321868896,ID7023,False,0.13929645058106876,ID13069,2.9473794746398925,ID124,0.0
-3.0,-5.5,-0.020000040531158447,ID14046,False,0.31893522494688775,ID13069,3.055955295562744,ID557,0.019782341029446364
-3.0,-5.25,0.3100000321865082,ID14158,True,2.5822836813294003e-08,ID14158,2.8340653228759765,ID557,0.0
-3.0,-5.0,0.31000006198883057,ID14158,True,2.5822836813294003e-08,ID14158,2.9402495670318602,ID124,0.0
-3.0,-4.75,0.31000006198883057,ID14158,True,2.5822836813294003e-08,ID14158,3.1899989891052245,ID124,0.0
-3.0,-4.5,0.31000006198883057,ID13069,True,2.5822836813294003e-08,ID13069,3.1899989891052245,ID124,0.019782341029446364
-3.0,-4.25,-0.020000040531158447,ID13385,False,0.3061672593028689,ID13069,3.5199986743927,ID124,0.0
-3.0,-4.0,-0.020000040531158447,ID13535,False,0.28900570452575874,ID21832,3.6099985885620116,ID144,0.0
-3.0,-3.75,,,False,,,,,
-3.0,-3.5,,,False,,,,,
-3.0,-3.25,-0.020000040531158447,ID6975,False,0.34,ID21844,0.6558385539054871,ID21832,0.0
-3.0,-3.0,-0.019999980926513672,ID6975,False,0.34,ID21832,0.6558381962776184,ID21832,0.0
-3.0,-2.75,-0.019999980926513672,ID6975,False,0.221232837220095,ID21832,3.6099985885620116,ID220,0.0
-3.0,-2.5,-0.019999921321868896,ID6975,False,0.08775368354148505,ID21832,3.6099985885620116,ID220,0.0
-3.0,-2.25,-0.019999921321868896,ID6975,True,0.0,ID6975,3.6099985885620116,ID220,0.019782341029446364
-3.0,-2.0,-0.019999980926513672,ID13455,True,0.0,ID13455,3.6099985885620116,ID220,0.0
-3.0,-1.75,-0.020000040531158447,ID13535,True,0.0,ID13535,3.6099988269805907,ID220,0.0
-3.0,-1.5,-0.019999980926513672,ID14092,True,0.0,ID14092,3.6099985885620116,ID220,0.0
-3.0,-1.25,-0.019999980926513672,ID14092,True,0.0,ID14092,3.6099981117248534,ID220,0.0
-3.0,-1.0,-0.019999980926513672,ID14092,True,0.0,ID14092,3.6099985885620116,ID220,0.0
-3.0,-0.75,-0.019999980926513672,ID14092,True,0.0,ID14092,3.6099985885620116,ID220,0.0
-3.0,-0.5,-0.019999980926513672,ID14092,True,0.0,ID14092,3.6099985885620116,ID220,0.0
-3.0,-0.25,-0.020000040531158447,ID13435,True,0.0,ID13435,3.4803382205963134,ID160,0.0
-3.0,0.0,-0.019999980926513672,ID14082,True,0.0,ID14082,3.4803391742706298,ID160,0.0
-3.0,0.25,-0.020000100135803223,ID14082,True,5.869269120717391e-08,ID14082,3.480337743759155,ID160,0.0
-3.0,0.5,-0.019999980926513672,ID13535,True,0.0,ID13535,3.6099978733062743,ID220,0.019782341029446364
-3.0,0.75,-0.020000040531158447,ID13485,True,0.0,ID13485,3.6099981117248534,ID220,0.0
-3.0,1.0,-0.019999980926513672,ID13485,False,0.09102936706157322,ID2030,3.6099981117248534,ID220,0.019782341029446364
-3.0,1.25,-0.020000040531158447,ID13485,False,0.10786963734840369,ID2030,3.6099981117248534,ID220,0.019782341029446364
-3.0,1.5,-0.020000040531158447,ID13485,False,0.10811222758132874,ID2030,3.6099981117248534,ID220,0.019782341029446364
-3.0,1.75,-0.020000040531158447,ID13485,False,0.10835260434790564,ID2030,3.6099981117248534,ID220,0.0
-3.0,2.0,-0.020000100135803223,ID13485,False,0.10712027709586541,ID2030,3.6099981117248534,ID220,0.0
-3.0,2.25,-0.020000040531158447,ID13485,False,0.03454899952886942,ID13079,3.6099981117248534,ID220,0.0
-3.0,2.5,-0.020000100135803223,ID13485,False,0.17285346736442178,ID13079,3.6099978733062743,ID220,0.0
-3.0,2.75,-0.019999980926513672,ID13485,False,0.28697454851718435,ID13079,3.6099981117248534,ID220,0.0
-3.0,3.0,0.2699999213218689,ID13525,True,2.5822836813294003e-08,ID13525,3.189998273849487,ID152,0.0
-3.0,3.25,0.2699999213218689,ID13525,False,0.18835574988207998,ID3186,3.319997911453247,ID144,0.0
-3.0,3.5,0.43000006675720215,ID13079,False,0.34,ID4978,0.775569920539856,ID4906,0.0
-3.0,3.75,0.43000009655952454,ID7087,False,0.34,ID4906,0.7755698609352112,ID4906,0.0
-3.0,4.0,0.4300001263618469,ID7087,False,0.34,ID4906,0.7755698609352112,ID4906,0.0
-3.0,4.25,0.43000003695487976,ID13069,False,0.24205425613763334,ID4906,3.069997911453247,ID124,0.0
-3.0,4.5,0.43000006675720215,ID13325,True,2.582275321350025e-08,ID13325,3.069997911453247,ID124,0.0
-3.0,4.75,0.43000006675720215,ID13325,True,2.5822836813294003e-08,ID13325,3.069997673034668,ID124,0.0
-3.0,5.0,0.43000006675720215,ID13325,True,2.5822836813294003e-08,ID13325,2.820248727798462,ID124,0.0
-3.0,5.25,0.43000006675720215,ID13325,True,2.5822418869836383e-08,ID13325,2.7140637683868407,ID669,0.0
-3.0,5.5,0.43000006675720215,ID13325,True,2.5822502469630138e-08,ID13325,2.6059538173675536,ID669,0.0
-3.0,5.75,0.43000006675720215,ID13325,True,2.5822836813294003e-08,ID13325,2.497377519607544,ID124,0.019782341029446364
-3.0,6.0,0.43000006675720215,ID13325,True,2.5822836813294003e-08,ID13325,2.419997577667236,ID116,0.019782341029446364
-3.0,6.25,0.43000006675720215,ID13325,False,0.026875922799488472,ID11586.001,2.419997577667236,ID116,0.019782341029446364
-3.0,6.5,0.43000006675720215,ID13069,False,0.27569448500634725,ID11586.001,2.419997577667236,ID116,0.0
-3.0,6.75,0.43000006675720215,ID13059,False,0.34,ID11586.001,0.24377580463886261,ID11556.001,0.0
-3.0,7.0,0.43000006675720215,ID13059,False,0.32249415890072597,ID11556.001,2.419997577667236,ID116,0.0
-3.0,7.25,-0.6799999475479126,ID13059,False,0.17510002658878845,ID13059,3.5299979496002196,ID116,0.0
-3.0,7.5,-0.6799999475479126,ID13059,False,0.028810397336336557,ID13059,3.5299977111816405,ID116,0.0
-3.0,7.75,-0.6800000667572021,ID13059,False,0.2726540284906219,ID13059,3.5299974727630614,ID116,0.0
-3.0,8.0,,,False,,,,,
-2.75,-8.0,,,False,,,,,
-2.75,-7.75,0.31000006198883057,ID13069,False,0.21751618825005775,ID1471,2.539999132156372,ID116,0.0
-2.75,-7.5,0.31000006198883057,ID14148,True,2.5822836813294003e-08,ID14148,2.539999132156372,ID116,0.0
-2.75,-7.25,0.31000006198883057,ID14148,True,2.5822836813294003e-08,ID14148,2.539998893737793,ID116,0.0
-2.75,-7.0,0.3100000321865082,ID13069,True,2.5822836813294003e-08,ID13069,2.539998893737793,ID116,0.0
-2.75,-6.75,-0.019999921321868896,ID7023,False,0.2106258731692855,ID13069,2.8699985790252684,ID116,0.0
-2.75,-6.5,-0.020000040531158447,ID7023,False,0.09221287996470434,ID13069,2.8699988174438475,ID116,0.0
-2.75,-6.25,-0.019999921321868896,ID7023,True,0.0,ID7023,2.8699985790252684,ID116,0.0
-2.75,-6.0,-0.019999921321868896,ID7023,True,0.0,ID7023,2.8699985790252684,ID116,0.0
-2.75,-5.75,-0.020000040531158447,ID7023,True,8.060652623154141e-08,ID7023,2.976682071685791,ID124,0.0
-2.75,-5.5,-0.020000040531158447,ID7023,False,0.14971200772653226,ID13069,3.085305814743042,ID557,0.0
-2.75,-5.25,-0.019999980926513672,ID14046,False,0.3271243464580408,ID13069,3.1938811588287352,ID124,0.0
-2.75,-5.0,0.31000009179115295,ID13069,True,0.0,ID13069,2.9724575328826903,ID124,0.0
-2.75,-4.75,-0.020000040531158447,ID13385,False,0.32180239701581215,ID13069,3.519998912811279,ID124,0.0
-2.75,-4.5,-0.019999980926513672,ID7031,False,0.2058251448286183,ID13069,3.519998912811279,ID124,0.0
-2.75,-4.25,-0.019999921321868896,ID7031,False,0.2127615774480593,ID21832,3.5199986743927,ID124,0.0
-2.75,-4.0,-0.020000100135803223,ID13385,False,0.34,ID21860,0.6558395671844482,ID21832,0.0
-2.75,-3.75,-0.020000040531158447,ID13535,False,0.34,ID21883,0.6558391499519348,ID21832,0.0
-2.75,-3.5,-0.019999980926513672,ID6975,False,0.34,ID21832,0.6558387923240662,ID21832,0.0
-2.75,-3.25,-0.019999980926513672,ID6975,False,0.3019554666766336,ID21832,3.6099985885620116,ID144,0.0
-2.75,-3.0,-0.019999980926513672,ID6975,False,0.27183361285602103,ID21356.003,3.4799984741210936,ID152,0.0
-2.75,-2.75,-0.019999980926513672,ID6975,False,0.26362819524610803,ID21356.003,3.6099985885620116,ID220,0.0
-2.75,-2.5,-0.020000040531158447,ID6975,False,0.06396926669114406,ID21356.003,3.6099988269805907,ID220,0.0
-2.75,-2.25,-0.020000040531158447,ID6975,True,8.060644263174765e-08,ID6975,3.6099985885620116,ID220,0.0
-2.75,-2.0,-0.019999980926513672,ID6975,True,2.5822836813294003e-08,ID6975,3.6099985885620116,ID220,0.0
-2.75,-1.75,-0.020000040531158447,ID13455,True,0.0,ID13455,3.6099985885620116,ID220,0.0
-2.75,-1.5,-0.020000040531158447,ID13535,True,0.0,ID13535,3.6099985885620116,ID220,0.0
-2.75,-1.25,-0.020000040531158447,ID13535,True,0.0,ID13535,3.6099985885620116,ID220,0.0
-2.75,-1.0,-0.020000040531158447,ID13535,True,0.0,ID13535,3.6099988269805907,ID220,0.0
-2.75,-0.75,-0.019999980926513672,ID13535,True,0.0,ID13535,3.6099985885620116,ID220,0.0
-2.75,-0.5,-0.020000040531158447,ID13535,True,0.0,ID13535,3.6080244827270507,ID160,0.0
-2.75,-0.25,-0.019999980926513672,ID13535,True,0.0,ID13535,3.4662603187561034,ID160,0.0
-2.75,0.0,-0.020000040531158447,ID13535,True,0.0,ID13535,3.461423759460449,ID160,0.0
-2.75,0.25,-0.020000040531158447,ID13535,True,0.0,ID13535,3.4664098072052,ID160,0.019782341029446364
-2.75,0.5,-0.020000040531158447,ID13485,True,0.0,ID13485,3.6089907932281493,ID160,0.0
-2.75,0.75,-0.019999980926513672,ID13485,False,0.08934468716796717,ID13079,3.6099981117248534,ID220,0.0
-2.75,1.0,-0.020000100135803223,ID13485,False,0.14787478380272634,ID13079,3.6099983501434325,ID220,0.0
-2.75,1.25,0.10000002384185791,ID2030,False,0.089179493000832,ID13079,3.4899982261657714,ID220,0.019782341029446364
-2.75,1.5,0.09999996423721313,ID2030,False,0.08997590737296685,ID13079,3.489997749328613,ID220,0.019782341029446364
-2.75,1.75,0.09999996423721313,ID2030,False,0.09077002014938895,ID13079,3.4899982261657714,ID220,0.0
-2.75,2.0,0.09999996423721313,ID2030,False,0.09156201524663357,ID13079,3.4899982261657714,ID220,0.0
-2.75,2.25,-0.020000040531158447,ID13485,False,0.23223614637824913,ID13079,3.6099983501434325,ID220,0.0
-2.75,2.5,0.2699999511241913,ID13079,True,0.0,ID13079,3.319998388290405,ID220,0.0
-2.75,2.75,0.2699999213218689,ID13525,True,2.582275321350025e-08,ID13525,3.319998388290405,ID220,0.0
-2.75,3.0,0.2700001895427704,ID6999,True,0.0,ID6999,3.189998035430908,ID152,0.0
-2.75,3.25,0.2700001895427704,ID6999,False,0.03792851452109852,ID4906,3.319997911453247,ID144,0.0
-2.75,3.5,0.2699999213218689,ID13079,False,0.2432134384307018,ID5104,3.319997911453247,ID144,0.0
-2.75,3.75,0.43000009655952454,ID7087,False,0.34,ID4906,0.7755698609352112,ID4906,0.0
-2.75,4.0,0.4300001263618469,ID7087,False,0.24545199080726554,ID4906,3.1599975872039794,ID144,0.0
-2.75,4.25,0.43000006675720215,ID13079,False,0.11911167193204736,ID4906,3.069997673034668,ID124,0.0
-2.75,4.5,0.43000006675720215,ID13325,True,2.5822836813294003e-08,ID13325,3.0699974346160888,ID124,0.0
-2.75,4.75,0.43000006675720215,ID13325,True,2.5822836813294003e-08,ID13325,3.0699974346160888,ID124,0.0
-2.75,5.0,0.43000006675720215,ID13325,True,2.5822836813294003e-08,ID13325,2.852456693649292,ID124,0.0
-2.75,5.25,0.43000006675720215,ID13325,True,2.5822836813294003e-08,ID13325,2.743880157470703,ID124,0.0
-2.75,5.5,0.43000006675720215,ID13325,True,2.5822836813294003e-08,ID13325,2.6353043365478515,ID669,0.0
-2.75,5.75,0.43000006675720215,ID13325,True,2.5822502469630138e-08,ID13325,2.5266808319091796,ID124,0.0
-2.75,6.0,0.43000006675720215,ID13325,True,2.582275321350025e-08,ID13325,2.419997577667236,ID116,0.0
-2.75,6.25,0.43000006675720215,ID13325,False,0.0025997999538172056,ID11586.001,2.419997577667236,ID116,0.0
-2.75,6.5,0.43000006675720215,ID13325,False,0.2514183637674675,ID11586.001,2.419997339248657,ID116,0.019782341029446364
-2.75,6.75,0.43000006675720215,ID13059,False,0.34,ID11586.001,0.22553226828575135,ID11556.001,0.0
-2.75,7.0,-0.6799999475479126,ID13059,False,0.18654687450204238,ID13059,3.5299977111816405,ID116,0.0
-2.75,7.25,-0.679999828338623,ID13059,False,0.00413942374963,ID13059,3.5299974727630614,ID116,0.0
-2.75,7.5,-0.679999828338623,ID13059,True,0.0,ID13059,3.5299974727630614,ID116,0.0
-2.75,7.75,-0.679999828338623,ID13059,False,0.21751722496107045,ID13059,3.529996995925903,ID116,0.0
-2.75,8.0,,,False,,,,,
-2.5,-8.0,,,False,,,,,
-2.5,-7.75,0.31000009179115295,ID14148,False,0.17197912828036835,ID1471,2.5399986553192138,ID116,0.019782341029446364
-2.5,-7.5,0.31000009179115295,ID14148,True,0.0,ID14148,2.5399986553192138,ID116,0.019782341029446364
-2.5,-7.25,0.31000006198883057,ID14148,True,2.5822836813294003e-08,ID14148,2.539998893737793,ID116,0.0
-2.5,-7.0,-0.019999980926513672,ID14046,False,0.3132258982178925,ID13129,2.8699985790252684,ID116,0.0
-2.5,-6.75,-0.019999921321868896,ID7023,False,0.06907428088594536,ID13129,2.8699983406066893,ID116,0.0
-2.5,-6.5,-0.019999921321868896,ID7023,True,0.0,ID7023,2.8699988174438475,ID116,0.0
-2.5,-6.25,-0.020000040531158447,ID7023,True,8.060652623154141e-08,ID7023,2.8699988174438475,ID116,0.0
-2.5,-6.0,-0.019999980926513672,ID7023,True,2.5822836813294003e-08,ID7023,2.891052370071411,ID124,0.0
-2.5,-5.75,-0.020000040531158447,ID7023,True,8.060652623154141e-08,ID7023,3.001701955795288,ID124,0.0
-2.5,-5.5,-0.020000040531158447,ID13535,True,0.0,ID13535,3.1123510646820067,ID557,0.0
-2.5,-5.25,-0.019999980926513672,ID13415,False,0.1601259427333868,ID13069,3.222999458312988,ID124,0.019782341029446364
-2.5,-5.0,-0.020000040531158447,ID13415,False,0.2228879607102901,ID13069,3.331807975769043,ID124,0.0
-2.5,-4.75,-0.020000040531158447,ID13385,False,0.10450533675594939,ID13069,3.519998912811279,ID124,0.0
-2.5,-4.5,-0.019999980926513672,ID7031,False,0.10835327823871954,ID21832,3.5199986743927,ID124,0.0
-2.5,-4.25,-0.019999980926513672,ID7031,False,0.3327385750187695,ID21832,3.5199986743927,ID124,0.0
-2.5,-4.0,-0.019999980926513672,ID7031,False,0.34,ID21832,0.6558392691612244,ID21832,0.0
-2.5,-3.75,-0.020000040531158447,ID13385,False,0.34,ID21883,0.6558391499519348,ID21832,0.0
-2.5,-3.5,-0.020000040531158447,ID13455,False,0.2620583041200337,ID21832,3.6099985885620116,ID144,0.0
-2.5,-3.25,-0.020000040531158447,ID6975,False,0.3210387837138855,ID21442.003,3.4799987125396727,ID152,0.0
-2.5,-3.0,0.41007664799690247,ID21442.003,False,0.05949961343960192,ID21356.003,3.179921989440918,ID220,5.9714971384110305
-2.5,-2.75,0.4049738347530365,ID21442.003,False,0.17151644124321697,ID21356.003,3.1850248622894286,ID220,38.77712201510568
-2.5,-2.5,-0.019999980926513672,ID6975,False,0.19061513026574595,ID21484.003,3.6099988269805907,ID220,0.0
-2.5,-2.25,-0.019999980926513672,ID6975,True,2.5822836813294003e-08,ID6975,3.6099988269805907,ID220,0.0
-2.5,-2.0,-0.020000040531158447,ID13455,True,0.0,ID13455,3.6099988269805907,ID220,0.019782341029446364
-2.5,-1.75,-0.019999980926513672,ID13535,True,0.0,ID13535,3.6099985885620116,ID220,0.0
-2.5,-1.5,-0.019999980926513672,ID13535,True,0.0,ID13535,3.6099988269805907,ID220,0.0
-2.5,-1.25,-0.019999921321868896,ID7055,True,0.0,ID7055,3.6076391983032225,ID160,0.0
-2.5,-1.0,-0.019999980926513672,ID7055,True,2.5822836813294003e-08,ID7055,3.522859697341919,ID160,0.0
-2.5,-0.75,-0.020000040531158447,ID7055,True,8.060652101349319e-08,ID7055,3.4540790367126464,ID160,0.0
-2.5,-0.5,-0.019999980926513672,ID7055,True,2.5822836813294003e-08,ID7055,3.4034510898590087,ID160,0.0
-2.5,-0.25,-0.01999986171722412,ID7055,True,0.0,ID7055,3.3711353588104247,ID160,0.0
-2.5,0.0,-0.019999980926513672,ID7055,True,2.5822836813294003e-08,ID7055,3.3699981021881102,ID160,0.0
-2.5,0.25,-0.020000040531158447,ID13535,True,0.0,ID13535,3.371283893585205,ID160,0.0
-2.5,0.5,-0.020000040531158447,ID13485,True,0.0,ID13485,3.4044181156158446,ID160,0.0
-2.5,0.75,-0.020000040531158447,ID13485,False,0.21374581572590207,ID13079,3.4556783485412597,ID160,0.0
-2.5,1.0,0.2699999511241913,ID13079,True,0.0,ID13079,3.235074405670166,ID160,0.0
-2.5,1.25,0.2699999213218689,ID13079,True,2.5822836813294003e-08,ID13079,3.3199986267089843,ID220,0.0
-2.5,1.5,0.2699999511241913,ID13079,True,0.0,ID13079,3.3199986267089843,ID220,0.0
-2.5,1.75,0.2699999511241913,ID13079,True,0.0,ID13079,3.3199986267089843,ID220,0.0
-2.5,2.0,0.2699999213218689,ID13079,True,2.5822836813294003e-08,ID13079,3.319998388290405,ID220,0.0
-2.5,2.25,0.2699998915195465,ID13079,True,2.5822836813294003e-08,ID13079,3.319998149871826,ID220,0.0
-2.5,2.5,0.270000159740448,ID6999,True,2.5822836813294003e-08,ID6999,3.319998149871826,ID220,0.0
-2.5,2.75,0.270000159740448,ID6999,True,2.5822836813294003e-08,ID6999,3.319998149871826,ID220,0.0
-2.5,3.0,0.270000159740448,ID6999,True,2.5822836813294003e-08,ID6999,3.319997673034668,ID220,0.0
-2.5,3.25,0.270000159740448,ID6999,True,2.5822836813294003e-08,ID6999,3.189997797012329,ID152,0.0
-2.5,3.5,0.2699999511241913,ID13525,False,0.09849628070571678,ID4906,3.319998388290405,ID144,0.0
-2.5,3.75,0.43000006675720215,ID13079,False,0.1504552958557118,ID4906,3.1599980640411376,ID144,0.0
-2.5,4.0,0.43000006675720215,ID13079,False,0.0296901135252175,ID4906,3.1599980640411376,ID144,0.0
-2.5,4.25,0.43000006675720215,ID13079,True,2.5822836813294003e-08,ID13079,3.069998149871826,ID124,0.0
-2.5,4.5,0.43000006675720215,ID13069,True,2.5822836813294003e-08,ID13069,3.069997673034668,ID124,0.0
-2.5,4.75,0.43000006675720215,ID13069,True,2.5810715786889205e-08,ID13069,3.069997673034668,ID124,0.0
-2.5,5.0,0.43000006675720215,ID13325,True,2.581748687058294e-08,ID13325,2.8818062591552733,ID124,0.0
-2.5,5.25,0.43000006675720215,ID13325,True,2.5821499327616237e-08,ID13325,2.772998695373535,ID124,0.0
-2.5,5.5,0.43000006675720215,ID13325,True,2.581447750005239e-08,ID13325,2.662349348068237,ID669,0.019782341029446364
-2.5,5.75,0.43000006675720215,ID13325,True,2.5822836813294003e-08,ID13325,2.5517002391815184,ID124,0.0
-2.5,6.0,0.43000006675720215,ID13325,True,2.5821499327616237e-08,ID13325,2.4410508918762206,ID124,0.0
-2.5,6.25,0.43000006675720215,ID13325,False,0.08036005019953874,ID13059,2.419997577667236,ID116,0.0
-2.5,6.5,0.43000006675720215,ID13069,False,0.29772245246501383,ID14038,2.419997577667236,ID116,0.0
-2.5,6.75,-0.6799999475479126,ID13059,False,0.19799376335541702,ID13059,3.5299974727630614,ID116,0.0
-2.5,7.0,-0.6799999475479126,ID13059,False,0.015586305190168126,ID13059,3.5299974727630614,ID116,0.0
-2.5,7.25,-0.679999828338623,ID13059,True,0.0,ID13059,3.5299977111816405,ID116,0.0
-2.5,7.5,-0.6799999475479126,ID13059,True,0.0,ID13059,3.5299974727630614,ID116,0.0
-2.5,7.75,-0.679999828338623,ID13059,False,0.17197908532291337,ID13059,3.5299974727630614,ID116,0.0
-2.5,8.0,,,False,,,,,
-2.25,-8.0,,,False,,,,,
-2.25,-7.75,0.31000006198883057,ID14148,False,0.12691311682605888,ID1471,2.539998893737793,ID116,0.0
-2.25,-7.5,0.31000006198883057,ID14148,True,2.5822836813294003e-08,ID14148,2.5399986553192138,ID116,0.0
-2.25,-7.25,0.31000006198883057,ID14148,True,2.5822836813294003e-08,ID14148,2.5399986553192138,ID116,0.0
-2.25,-7.0,-0.020000040531158447,ID14046,False,0.2693861645211273,ID13069,2.8699988174438475,ID116,0.0
-2.25,-6.75,-0.020000040531158447,ID7023,False,0.024034738285456436,ID13129,2.8699990558624267,ID116,0.0
-2.25,-6.5,-0.020000040531158447,ID7023,True,8.060652623154141e-08,ID7023,2.8699990558624267,ID116,0.0
-2.25,-6.25,-0.019999921321868896,ID7023,True,0.0,ID7023,2.8699988174438475,ID116,0.0
-2.25,-6.0,-0.020000040531158447,ID14046,True,0.0,ID14046,2.914008264541626,ID124,0.0
-2.25,-5.75,-0.020000040531158447,ID13535,True,0.0,ID13535,3.0264014053344725,ID124,0.0
-2.25,-5.5,-0.020000040531158447,ID7071,True,8.060652623154141e-08,ID7071,3.1373707103729247,ID549,0.0
-2.25,-5.25,-0.019999980926513672,ID7071,True,2.5822836813294003e-08,ID7071,3.2480195808410643,ID124,0.0
-2.25,-5.0,-0.019999921321868896,ID7071,True,0.0,ID7071,3.5199986743927,ID124,0.0
-2.25,-4.75,-0.020000040531158447,ID13535,True,0.0,ID13535,3.519998912811279,ID124,0.0
-2.25,-4.5,-0.020000040531158447,ID13385,False,0.13962794267220707,ID21832,3.5199986743927,ID124,0.0
-2.25,-4.25,-0.019999980926513672,ID7031,False,0.34,ID21832,0.6558395671844482,ID21832,0.019782341029446364
-2.25,-4.0,-0.019999980926513672,ID7031,False,0.34,ID21832,0.6558392691612244,ID21832,0.0
-2.25,-3.75,-0.019999980926513672,ID7031,False,0.24012383892661948,ID21832,3.6099985885620116,ID144,0.0
-2.25,-3.5,-0.020000040531158447,ID13385,False,0.192410921611326,ID21270.003,3.60999906539917,ID144,0.0
-2.25,-3.25,,,False,,,,,
-2.25,-3.0,0.3891921639442444,ID21442.003,False,0.18707987295756862,ID21492.003,3.2008067417144774,ID220,5.971464311512478
-2.25,-2.75,0.390121728181839,ID21492.003,False,0.33028497239836085,ID21492.003,0.30770522832870484,ID21492.003,17.42205144133644
-2.25,-2.5,-0.020000040531158447,ID13455,False,0.26655320930152654,ID21250.003,3.6099988269805907,ID220,0.019782341029446364
-2.25,-2.25,-0.020000040531158447,ID13535,False,0.03833082741738447,ID21484.003,3.6099988269805907,ID220,0.0
-2.25,-2.0,-0.020000040531158447,ID13445,True,0.0,ID13445,3.6099988269805907,ID220,0.0
-2.25,-1.75,-0.019999921321868896,ID6967,True,0.0,ID6967,3.6099983501434325,ID220,0.019782341029446364
-2.25,-1.5,-0.020000040531158447,ID13445,True,0.0,ID13445,3.5319343852996825,ID160,0.0
-2.25,-1.25,-0.020000040531158447,ID13535,True,0.0,ID13535,3.423090581893921,ID160,0.0
-2.25,-1.0,-0.019999921321868896,ID7055,True,0.0,ID7055,3.3699981021881102,ID160,0.0
-2.25,-0.75,-0.019999980926513672,ID7055,True,2.5822836813294003e-08,ID7055,3.3799985694885253,ID1133,0.0
-2.25,-0.5,-0.019999980926513672,ID7055,True,2.5822836813294003e-08,ID7055,3.3699981021881102,ID200,0.0
-2.25,-0.25,-0.019999921321868896,ID7055,True,0.0,ID7055,3.379998331069946,ID1093,0.0
-2.25,0.0,-0.01999986171722412,ID7055,True,0.0,ID7055,3.3699983406066893,ID200,0.0
-2.25,0.25,-0.020000040531158447,ID13485,True,0.0,ID13485,3.379998331069946,ID1109,0.0
-2.25,0.5,-0.019999980926513672,ID13485,False,0.1080872916540172,ID20991,3.369997863769531,ID200,0.0
-2.25,0.75,-0.019999980926513672,ID13485,False,0.28838483159037676,ID13079,3.379998092651367,ID1141,0.0
-2.25,1.0,0.2700001895427704,ID7063,False,0.16760644157427784,ID20991,3.079997901916504,ID160,0.0
-2.25,1.25,0.270000159740448,ID7063,False,0.15121180903365392,ID20991,3.1358956146240233,ID160,0.0
-2.25,1.5,0.270000159740448,ID7063,True,2.5822836813294003e-08,ID7063,3.2452997016906737,ID160,0.0
-2.25,1.75,0.2699999213218689,ID13079,True,2.582281594110114e-08,ID13079,3.319998388290405,ID220,0.019782341029446364
-2.25,2.0,0.2699999511241913,ID13525,True,0.0,ID13525,3.319998149871826,ID220,0.0
-2.25,2.25,0.270000159740448,ID6999,True,2.5822836813294003e-08,ID6999,3.319997911453247,ID220,0.0
-2.25,2.5,0.270000159740448,ID6999,True,2.5822836813294003e-08,ID6999,3.319997911453247,ID220,0.0
-2.25,2.75,0.2700001895427704,ID6999,True,0.0,ID6999,3.319997911453247,ID220,0.0
-2.25,3.0,0.270000159740448,ID6999,True,2.5822836813294003e-08,ID6999,3.319997911453247,ID220,0.0
-2.25,3.25,0.270000159740448,ID6999,True,2.5822836813294003e-08,ID6999,3.189998035430908,ID152,0.0
-2.25,3.5,0.2699999213218689,ID13525,False,0.09199697912209265,ID13069,3.319997911453247,ID144,0.019782341029446364
-2.25,3.75,0.43000006675720215,ID13069,True,2.5822836813294003e-08,ID13069,3.1599975872039794,ID144,0.0
-2.25,4.0,0.43000006675720215,ID13295,True,2.5822836813294003e-08,ID13295,3.1599975872039794,ID144,0.0
-2.25,4.25,0.4300001263618469,ID7047,True,0.0,ID7047,3.1319378662109374,ID144,0.0
-2.25,4.5,0.43000006675720215,ID13069,True,2.5822836813294003e-08,ID13069,3.069997911453247,ID124,0.0
-2.25,4.75,0.43000009655952454,ID7007,True,0.0,ID7007,3.069997911453247,ID124,0.0
-2.25,5.0,0.43000009655952454,ID7007,True,0.0,ID7007,3.0699971961975097,ID124,0.0
-2.25,5.25,0.43000006675720215,ID7007,True,5.8693049420632804e-08,ID7007,2.798018102645874,ID124,0.0
-2.25,5.5,0.43000006675720215,ID13285,True,2.5822836813294003e-08,ID13285,2.687368993759155,ID797,0.0
-2.25,5.75,0.43000006675720215,ID13285,True,2.5822836813294003e-08,ID13285,2.576399927139282,ID124,0.0
-2.25,6.0,0.43000006675720215,ID13285,True,2.5822836813294003e-08,ID13285,2.4640067863464354,ID124,0.0
-2.25,6.25,0.43000006675720215,ID13285,False,0.13004954874364735,ID13982,2.419997339248657,ID116,0.0
-2.25,6.5,-0.6799999475479126,ID13059,False,0.29995044700303725,ID13059,2.076860074996948,ID13982,0.0
-2.25,6.75,-0.6799999475479126,ID13059,False,0.049950444061318044,ID13059,3.5299977111816405,ID116,0.0
-2.25,7.0,-0.679999828338623,ID13059,True,0.0,ID13059,3.5299974727630614,ID116,0.0
-2.25,7.25,-0.6799999475479126,ID13059,True,0.0,ID13059,3.5299974727630614,ID116,0.0
-2.25,7.5,-0.679999828338623,ID13059,True,0.0,ID13059,3.5299974727630614,ID116,0.0
-2.25,7.75,-0.6799999475479126,ID13059,False,0.12691311682442497,ID13059,3.5299977111816405,ID116,0.0
-2.25,8.0,,,False,,,,,
-2.0,-8.0,0.31000006198883057,ID13069,False,0.33676662577181554,ID1471,2.5399986553192138,ID116,0.0
-2.0,-7.75,0.31000006198883057,ID14148,False,0.08923154932829835,ID1471,2.5399986553192138,ID116,0.0
-2.0,-7.5,0.31000006198883057,ID14148,True,2.5822836813294003e-08,ID14148,2.5399986553192138,ID116,0.0
-2.0,-7.25,0.31000006198883057,ID14148,True,2.5822836813294003e-08,ID14148,2.5399986553192138,ID116,0.0
-2.0,-7.0,-0.019999980926513672,ID7023,False,0.22708146464760434,ID13069,2.8699985790252684,ID116,0.0
-2.0,-6.75,-0.020000040531158447,ID7023,True,8.060652623154141e-08,ID7023,2.8699990558624267,ID116,0.0
-2.0,-6.5,-0.020000040531158447,ID14046,True,0.0,ID14046,2.8699988174438475,ID116,0.0
-2.0,-6.25,-0.019999980926513672,ID13535,True,0.0,ID13535,2.8699985790252684,ID116,0.0
-2.0,-6.0,-0.020000100135803223,ID13415,True,5.8693049420632804e-08,ID13415,2.9346061992645263,ID124,0.0
-2.0,-5.75,-0.019999980926513672,ID7071,True,2.5822836813294003e-08,ID7071,3.046999340057373,ID549,0.0
-2.0,-5.5,-0.019999921321868896,ID7071,True,0.0,ID7071,3.1593922424316405,ID549,0.0
-2.0,-5.25,-0.019999980926513672,ID7071,True,2.5822836813294003e-08,ID7071,3.2717856216430663,ID124,0.0
-2.0,-5.0,-0.019999980926513672,ID7071,True,2.5822836813294003e-08,ID7071,3.519998435974121,ID124,0.0
-2.0,-4.75,-0.019999980926513672,ID7071,True,2.5822836813294003e-08,ID7071,3.5199986743927,ID124,0.0
-2.0,-4.5,-0.019999980926513672,ID13535,True,0.0,ID13535,3.519998435974121,ID124,0.0
-2.0,-4.25,-0.020000040531158447,ID13385,False,0.19294746909167151,ID21832,3.6099988269805907,ID144,0.0
-2.0,-4.0,-0.019999980926513672,ID7031,False,0.23640543906354805,ID21832,3.6099985885620116,ID144,0.019782341029446364
-2.0,-3.75,-0.019999980926513672,ID7031,False,0.06120027840161629,ID21832,3.6099985885620116,ID144,0.019782341029446364
-2.0,-3.5,-0.019999980926513672,ID7031,False,0.04195723245233768,ID21270.003,3.6099988269805907,ID144,0.0
-2.0,-3.25,-0.020000040531158447,ID13385,False,0.2210681869465858,ID21270.003,3.4799984741210936,ID152,0.0
-2.0,-3.0,,,False,,,,,
-2.0,-2.75,-0.020000040531158447,ID13535,False,0.30419413422218017,ID21250.003,3.6099985885620116,ID220,0.0
-2.0,-2.5,-0.020000100135803223,ID13445,False,0.15374036760244464,ID21250.003,3.60999906539917,ID220,0.0
-2.0,-2.25,-0.019999980926513672,ID6967,True,2.5822836813294003e-08,ID6967,3.6099981117248534,ID220,0.019782341029446364
-2.0,-2.0,-0.019999980926513672,ID6967,True,2.5822836813294003e-08,ID6967,3.6099983501434325,ID220,0.019782341029446364
-2.0,-1.75,-0.019999921321868896,ID6967,True,0.0,ID6967,3.4916015911102294,ID160,0.019782341029446364
-2.0,-1.5,-0.019999921321868896,ID6967,True,0.0,ID6967,3.3699985790252684,ID160,0.019782341029446364
-2.0,-1.25,-0.020000040531158447,ID13535,True,0.0,ID13535,3.3799985694885253,ID1085,0.0
-2.0,-1.0,-0.020000040531158447,ID13495,True,0.0,ID13495,3.3799985694885253,ID1085,0.0
-2.0,-0.75,-0.019999980926513672,ID7055,True,2.5822836813294003e-08,ID7055,3.379998092651367,ID1133,0.0
-2.0,-0.5,-0.019999980926513672,ID7055,True,2.5822836813294003e-08,ID7055,3.3699985790252684,ID200,0.0
-2.0,-0.25,-0.019999921321868896,ID7055,True,0.0,ID7055,3.3699983406066893,ID212,0.0
-2.0,0.0,-0.020000040531158447,ID13495,True,0.0,ID13495,3.3699985790252684,ID212,0.0
-2.0,0.25,-0.020000040531158447,ID13485,False,0.02193229040753153,ID21920,3.3699981021881102,ID212,0.0
-2.0,0.5,-0.019999980926513672,ID13485,False,0.20741623607937068,ID20991,3.3699983406066893,ID200,0.019782341029446364
-2.0,0.75,0.2699999511241913,ID13079,False,0.34,ID20991,0.5564717698097229,ID20991,0.0
-2.0,1.0,0.270000159740448,ID7063,False,0.34,ID20991,0.5564712333679199,ID20991,0.0
-2.0,1.25,0.2699999511241913,ID13515,False,0.2447406416803497,ID20991,3.089998369216919,ID973,0.0
-2.0,1.5,0.2699999213218689,ID13079,False,0.003964795165549095,ID20991,3.079998617172241,ID160,0.019782341029446364
-2.0,1.75,0.2700001895427704,ID6999,True,0.0,ID6999,3.205491666793823,ID160,0.0
-2.0,2.0,0.2700001299381256,ID6999,True,2.5822836813294003e-08,ID6999,3.319998149871826,ID220,0.0
-2.0,2.25,0.270000159740448,ID6999,True,2.5822836813294003e-08,ID6999,3.319998388290405,ID220,0.0
-2.0,2.5,0.2700001895427704,ID6999,True,0.0,ID6999,3.319998149871826,ID220,0.0
-2.0,2.75,0.270000159740448,ID6999,True,2.5822836813294003e-08,ID6999,3.319997911453247,ID220,0.0
-2.0,3.0,0.270000159740448,ID6999,True,2.5822836813294003e-08,ID6999,3.319997911453247,ID220,0.0
-2.0,3.25,0.270000159740448,ID6999,False,0.03591944882869902,ID13069,3.189998035430908,ID152,0.0
-2.0,3.5,0.2699999213218689,ID13079,False,0.15662273496504858,ID13069,3.319998149871826,ID144,0.0
-2.0,3.75,0.43000006675720215,ID13295,True,2.5822836813294003e-08,ID13295,3.1599978256225585,ID144,0.0
-2.0,4.0,0.43000006675720215,ID7047,True,5.8693049420632804e-08,ID7047,3.1599980640411376,ID144,0.0
-2.0,4.25,0.4300001263618469,ID7047,True,0.0,ID7047,3.1599980640411376,ID144,0.0
-2.0,4.5,0.43000006675720215,ID13069,True,2.5822836813294003e-08,ID13069,3.0699974346160888,ID124,0.0
-2.0,4.75,0.43000009655952454,ID7007,True,0.0,ID7007,3.069997673034668,ID124,0.0
-2.0,5.0,0.4300001263618469,ID7007,True,0.0,ID7007,3.069997911453247,ID124,0.0
-2.0,5.25,0.43000009655952454,ID7007,True,0.0,ID7007,2.821784858703613,ID124,0.0
-2.0,5.5,0.4300001263618469,ID7007,True,0.0,ID7007,2.7093914794921874,ID797,0.0
-2.0,5.75,0.4300001263618469,ID7007,True,0.0,ID7007,2.5969981002807616,ID797,0.0
-2.0,6.0,0.4300001263618469,ID7007,True,0.0,ID7007,2.484604959487915,ID124,0.0
-2.0,6.25,0.43000006675720215,ID13285,False,0.13004954874364735,ID13059,2.419997339248657,ID116,0.0
-2.0,6.5,-0.679999828338623,ID13059,False,0.29995044700303725,ID13059,3.5299974727630614,ID116,0.0
-2.0,6.75,-0.679999828338623,ID13059,False,0.049950444061318044,ID13059,3.5299977111816405,ID116,0.0
-2.0,7.0,-0.679999828338623,ID13059,True,0.0,ID13059,3.5299974727630614,ID116,0.0
-2.0,7.25,-0.679999828338623,ID13059,True,0.0,ID13059,3.5299974727630614,ID116,0.0
-2.0,7.5,-0.679999828338623,ID13059,True,0.0,ID13059,3.5299972343444823,ID116,0.0
-2.0,7.75,-0.679999828338623,ID13059,False,0.08923154932855337,ID13059,3.5299974727630614,ID116,0.0
-2.0,8.0,-0.6799999475479126,ID13059,False,0.33676665916505977,ID13059,3.5299974727630614,ID116,0.0
-1.75,-8.0,0.31000009179115295,ID13069,False,0.3017457314724869,ID1471,2.5399986553192138,ID116,0.0
-1.75,-7.75,0.31000009179115295,ID14148,False,0.05421063785497299,ID1471,2.5399986553192138,ID116,0.0
-1.75,-7.5,0.31000006198883057,ID14148,True,2.5822836813294003e-08,ID14148,2.5399986553192138,ID116,0.0
-1.75,-7.25,0.31000006198883057,ID13069,True,2.5822836813294003e-08,ID13069,2.539998893737793,ID116,0.0
-1.75,-7.0,-0.020000040531158447,ID13535,False,0.19216513694906992,ID13069,2.8699988174438475,ID116,0.0
-1.75,-6.75,-0.020000040531158447,ID13535,True,0.0,ID13535,2.8699988174438475,ID116,0.0
-1.75,-6.5,-0.019999980926513672,ID13415,True,0.0,ID13415,2.8699985790252684,ID116,0.0
-1.75,-6.25,-0.020000040531158447,ID7071,True,8.060652623154141e-08,ID7071,2.8699988174438475,ID116,0.0
-1.75,-6.0,-0.019999980926513672,ID7071,True,2.5822836813294003e-08,ID7071,2.9529358196258544,ID124,0.0
-1.75,-5.75,-0.019999921321868896,ID7071,True,0.0,ID7071,3.066735153198242,ID124,0.0
-1.75,-5.5,-0.019999980926513672,ID7071,True,2.5822836813294003e-08,ID7071,3.179989938735962,ID124,0.0
-1.75,-5.25,-0.020000040531158447,ID7071,True,8.060650535934855e-08,ID7071,3.292384033203125,ID124,0.0
-1.75,-5.0,-0.019999921321868896,ID7071,True,0.0,ID7071,3.5199986743927,ID124,0.0
-1.75,-4.75,-0.019999980926513672,ID7071,True,2.5822836813294003e-08,ID7071,3.519998912811279,ID124,0.0
-1.75,-4.5,-0.019999980926513672,ID7071,True,2.5822836813294003e-08,ID7071,3.5199991512298583,ID124,0.0
-1.75,-4.25,-0.019999980926513672,ID13535,False,0.008384613283029196,ID21832,3.6099985885620116,ID144,0.0
-1.75,-4.0,-0.020000040531158447,ID13385,False,0.02713955358010378,ID21832,3.6099988269805907,ID144,0.0
-1.75,-3.75,-0.019999980926513672,ID7031,True,2.5822836813294003e-08,ID7031,3.6099988269805907,ID144,0.019782341029446364
-1.75,-3.5,-0.020000040531158447,ID7031,True,8.060652623154141e-08,ID7031,3.6099985885620116,ID144,0.019782341029446364
-1.75,-3.25,-0.020000040531158447,ID13385,False,0.06722509828949841,ID21250.003,3.479998950958252,ID152,0.0
-1.75,-3.0,-0.020000040531158447,ID13535,False,0.15002571995982256,ID21250.003,3.6099985885620116,ID220,0.0
-1.75,-2.75,-0.020000040531158447,ID13445,False,0.10453525842788236,ID21250.003,3.6099985885620116,ID220,0.0
-1.75,-2.5,-0.019999980926513672,ID6967,True,2.5822836813294003e-08,ID6967,3.6099985885620116,ID220,0.019782341029446364
-1.75,-2.25,-0.019999980926513672,ID6967,True,2.5822836813294003e-08,ID6967,3.6099985885620116,ID220,0.019782341029446364
-1.75,-2.0,-0.019999921321868896,ID6967,True,0.0,ID6967,3.49114501953125,ID160,0.019782341029446364
-1.75,-1.75,-0.019999921321868896,ID6967,True,0.0,ID6967,3.3699983406066893,ID160,0.019782341029446364
-1.75,-1.5,-0.019999980926513672,ID6967,True,2.5822836813294003e-08,ID6967,3.379998331069946,ID1149,0.019782341029446364
-1.75,-1.25,-0.019999980926513672,ID6967,True,2.5822836813294003e-08,ID6967,3.3699985790252684,ID200,0.019782341029446364
-1.75,-1.0,-0.019999980926513672,ID13535,True,0.0,ID13535,3.3699985790252684,ID212,0.0
-1.75,-0.75,-0.019999980926513672,ID7055,True,2.582281594110114e-08,ID7055,3.488993053436279,ID485,0.0
-1.75,-0.5,-0.019999921321868896,ID7055,True,0.0,ID7055,3.6605969715118407,ID485,0.0
-1.75,-0.25,-0.019999980926513672,ID7055,True,2.5822836813294003e-08,ID7055,3.11748779296875,ID54,0.0
-1.75,0.0,-0.020000040531158447,ID13535,True,0.0,ID13535,3.0638929653167724,ID43.001,0.019782341029446364
-1.75,0.25,-0.020000040531158447,ID13485,False,0.15466110209197284,ID21920,3.1185191917419433,ID54,0.0
-1.75,0.5,-0.020000040531158447,ID13485,False,0.3341604136301227,ID21920,3.656576042175293,ID485,0.0
-1.75,0.75,0.2699999213218689,ID13515,False,0.34,ID20991,0.5675833868980408,ID20991,0.0
-1.75,1.0,0.2699999213218689,ID13079,False,0.34,ID20991,0.5675831484794617,ID20991,0.019782341029446364
-1.75,1.25,0.2699999213218689,ID13505,False,0.18832421888061474,ID20991,3.079998140335083,ID200,0.0
-1.75,1.5,0.2699999213218689,ID13505,True,2.5822836813294003e-08,ID13505,3.0899981307983397,ID1029,0.0
-1.75,1.75,0.2699999511241913,ID13525,True,0.0,ID13525,3.079998378753662,ID160,0.0
-1.75,2.0,0.2700001895427704,ID6999,True,0.0,ID6999,3.205947284698486,ID160,0.0
-1.75,2.25,0.270000159740448,ID6999,True,2.582281594110114e-08,ID6999,3.319997911453247,ID220,0.0
-1.75,2.5,0.2700001895427704,ID6999,True,0.0,ID6999,3.319997911453247,ID220,0.0
-1.75,2.75,0.270000159740448,ID6999,True,2.5822836813294003e-08,ID6999,3.319997911453247,ID220,0.0
-1.75,3.0,0.270000159740448,ID6999,True,2.5822836813294003e-08,ID6999,3.319997673034668,ID220,0.0
-1.75,3.25,0.2699999213218689,ID13079,False,0.12930473217994176,ID13069,3.189998273849487,ID152,0.0
-1.75,3.5,0.43000006675720215,ID13069,True,2.5822836813294003e-08,ID13069,3.1599975872039794,ID144,0.0
-1.75,3.75,0.4300001263618469,ID7047,True,0.0,ID7047,3.1599975872039794,ID144,0.0
-1.75,4.0,0.4300001263618469,ID7047,True,0.0,ID7047,3.1599975872039794,ID144,0.0
-1.75,4.25,0.43000009655952454,ID7047,True,0.0,ID7047,3.1599978256225585,ID144,0.0
-1.75,4.5,0.43000006675720215,ID13069,True,2.5822836813294003e-08,ID13069,3.069997911453247,ID124,0.0
-1.75,4.75,0.43000006675720215,ID7007,True,5.8693049420632804e-08,ID7007,3.069997673034668,ID124,0.0
-1.75,5.0,0.43000009655952454,ID7007,True,0.0,ID7007,3.069997673034668,ID124,0.0
-1.75,5.25,0.43000009655952454,ID7007,True,0.0,ID7007,2.8423823165893554,ID124,0.0
-1.75,5.5,0.43000009655952454,ID7007,True,0.0,ID7007,2.7299889373779296,ID124,0.0
-1.75,5.75,0.4300001263618469,ID7007,True,0.0,ID7007,2.6167336750030517,ID124,0.0
-1.75,6.0,0.43000009655952454,ID7007,True,0.0,ID7007,2.502934341430664,ID124,0.0
-1.75,6.25,0.43000006675720215,ID13285,False,0.13004743346666123,ID13059,2.419997577667236,ID116,0.0
-1.75,6.5,-0.6799999475479126,ID13059,False,0.29995044700303725,ID13059,3.5299977111816405,ID116,0.0
-1.75,6.75,-0.6799999475479126,ID13059,False,0.06399484602973732,ID13907,3.5299974727630614,ID116,0.0
-1.75,7.0,-0.6799999475479126,ID13059,True,0.0,ID13059,3.5299972343444823,ID116,0.0
-1.75,7.25,-0.6799999475479126,ID13059,True,0.0,ID13059,3.5299977111816405,ID116,0.0
-1.75,7.5,-0.679999828338623,ID13059,True,0.0,ID13059,3.5299974727630614,ID116,0.0
-1.75,7.75,-0.6799999475479126,ID13059,False,0.05421065455636859,ID13059,3.5299977111816405,ID116,0.0
-1.75,8.0,-0.6799999475479126,ID13059,False,0.30174574805628623,ID13059,3.5299974727630614,ID116,0.0
-1.5,-8.0,0.31000006198883057,ID13069,False,0.2733064975018389,ID1471,2.5399986553192138,ID116,0.0
-1.5,-7.75,0.31000006198883057,ID14148,False,0.02455951114227739,ID1471,2.5399986553192138,ID116,0.0
-1.5,-7.5,0.31000006198883057,ID14148,True,2.5822836813294003e-08,ID14148,2.5399986553192138,ID116,0.0
-1.5,-7.25,0.31000006198883057,ID13069,True,2.5822836813294003e-08,ID13069,2.539998893737793,ID116,0.0
-1.5,-7.0,-0.019999980926513672,ID6991,False,0.15893980221883314,ID13069,2.8699988174438475,ID116,0.0
-1.5,-6.75,-0.019999980926513672,ID13535,True,0.0,ID13535,2.8699988174438475,ID116,0.0
-1.5,-6.5,-0.020000040531158447,ID13475,True,0.0,ID13475,2.8699988174438475,ID116,0.019782341029446364
-1.5,-6.25,-0.019999980926513672,ID13535,True,0.0,ID13535,2.8699985790252684,ID116,0.0
-1.5,-6.0,-0.020000040531158447,ID13415,True,0.0,ID13415,2.969036226272583,ID124,0.019782341029446364
-1.5,-5.75,-0.020000040531158447,ID13415,True,0.0,ID13415,3.0828355598449706,ID693,0.0
-1.5,-5.5,-0.019999980926513672,ID7071,True,2.5822836813294003e-08,ID7071,3.1966348934173583,ID124,0.0
-1.5,-5.25,-0.019999980926513672,ID7071,True,2.5822836813294003e-08,ID7071,3.3104349422454833,ID124,0.0
-1.5,-5.0,-0.019999980926513672,ID7071,True,2.5822836813294003e-08,ID7071,3.5199991512298583,ID124,0.0
-1.5,-4.75,-0.019999921321868896,ID7071,True,0.0,ID7071,3.5199991512298583,ID124,0.0
-1.5,-4.5,-0.019999921321868896,ID7071,True,0.0,ID7071,3.5199991512298583,ID124,0.0
-1.5,-4.25,-0.019999980926513672,ID7071,True,2.5822836813294003e-08,ID7071,3.6099988269805907,ID144,0.0
-1.5,-4.0,-0.019999980926513672,ID13535,True,0.0,ID13535,3.6099988269805907,ID144,0.0
-1.5,-3.75,-0.020000040531158447,ID13385,True,0.0,ID13385,3.6099988269805907,ID144,0.0
-1.5,-3.5,-0.019999980926513672,ID13535,True,0.0,ID13535,3.4799987125396727,ID152,0.0
-1.5,-3.25,-0.020000100135803223,ID13395,True,5.8693049420632804e-08,ID13395,3.6099985885620116,ID220,0.0
-1.5,-3.0,-0.019999980926513672,ID7039,True,2.5822836813294003e-08,ID7039,3.6099985885620116,ID220,0.0
-1.5,-2.75,-0.020000100135803223,ID13535,True,5.8693049420632804e-08,ID13535,3.6099985885620116,ID220,0.0
-1.5,-2.5,-0.019999980926513672,ID6967,True,2.582281594110114e-08,ID6967,3.6099985885620116,ID220,0.0
-1.5,-2.25,-0.019999921321868896,ID6967,True,0.0,ID6967,3.531025056838989,ID160,0.019782341029446364
-1.5,-2.0,-0.019999921321868896,ID6967,True,0.0,ID6967,3.3699985790252684,ID160,0.019782341029446364
-1.5,-1.75,-0.019999921321868896,ID6967,True,0.0,ID6967,3.379998092651367,ID1077,0.019782341029446364
-1.5,-1.5,-0.019999921321868896,ID6967,True,0.0,ID6967,3.3799985694885253,ID1149,0.019782341029446364
-1.5,-1.25,-0.019999980926513672,ID6967,True,2.5822836813294003e-08,ID6967,3.3873161125183104,ID485,0.019782341029446364
-1.5,-1.0,-0.020000040531158447,ID13445,True,0.0,ID13445,3.6985112476348876,ID485,0.019782341029446364
-1.5,-0.75,-0.019999980926513672,ID13535,True,0.0,ID13535,3.036512975692749,ID54,0.0
-1.5,-0.5,-0.019999980926513672,ID7055,True,2.5822831595245788e-08,ID7055,2.950749521255493,ID54,0.0
-1.5,-0.25,-0.019999980926513672,ID7055,True,2.5822836813294003e-08,ID7055,2.949998264312744,ID54,0.0
-1.5,0.0,-0.019999980926513672,ID13535,True,0.0,ID13535,2.949998264312744,ID54,0.0
-1.5,0.25,-0.020000100135803223,ID13485,False,0.21153910676202609,ID21920,2.949998264312744,ID54,0.0
-1.5,0.5,-0.020000040531158447,ID13485,False,0.34,ID21920,0.8558273959159851,ID21920,0.0
-1.5,0.75,0.2699999511241913,ID13079,False,0.34,ID21071,0.5585918474197388,ID20991,0.0
-1.5,1.0,0.2700001895427704,ID6957,False,0.34,ID20991,0.5585913705825806,ID20991,0.0
-1.5,1.25,0.2700001895427704,ID6957,False,0.2017554923557026,ID21356.001,3.087538366317749,ID485,0.0
-1.5,1.5,0.2700001895427704,ID6957,False,0.19747544381709592,ID21356.001,3.0899981307983397,ID1029,0.0
-1.5,1.75,0.2699999213218689,ID13079,False,0.17773541537816046,ID21484.001,3.0899981307983397,ID1181,0.0
-1.5,2.0,0.2699999213218689,ID13525,False,0.025871104834381375,ID21484.001,3.079998617172241,ID160,0.0
-1.5,2.25,0.2700001895427704,ID6999,True,0.0,ID6999,3.2462083148956298,ID160,0.0
-1.5,2.5,0.270000159740448,ID6999,True,2.5822836813294003e-08,ID6999,3.319998149871826,ID220,0.0
-1.5,2.75,0.270000159740448,ID6999,True,2.5822836813294003e-08,ID6999,3.319997911453247,ID220,0.0
-1.5,3.0,0.2699999213218689,ID13525,False,0.08260590830564551,ID13069,3.319998149871826,ID220,0.0
-1.5,3.25,0.43000006675720215,ID13069,True,2.5822836813294003e-08,ID13069,3.1599975872039794,ID220,0.0
-1.5,3.5,0.4300001263618469,ID7047,True,0.0,ID7047,3.0299981880187987,ID152,0.0
-1.5,3.75,0.43000006675720215,ID7047,True,5.8693049420632804e-08,ID7047,3.1599975872039794,ID144,0.0
-1.5,4.0,0.4300001263618469,ID7047,True,0.0,ID7047,3.1599975872039794,ID144,0.019782341029446364
-1.5,4.25,0.43000009655952454,ID7047,True,0.0,ID7047,3.1599975872039794,ID144,0.0
-1.5,4.5,0.43000006675720215,ID13295,True,2.5822836813294003e-08,ID13295,3.0699974346160888,ID124,0.0
-1.5,4.75,0.43000006675720215,ID13285,True,2.5822836813294003e-08,ID13285,3.0699974346160888,ID124,0.0
-1.5,5.0,0.43000009655952454,ID7007,True,0.0,ID7007,3.0699974346160888,ID124,0.0
-1.5,5.25,0.43000009655952454,ID7007,True,0.0,ID7007,2.860433464050293,ID124,0.0
-1.5,5.5,0.4300001263618469,ID7007,True,0.0,ID7007,2.746633653640747,ID124,0.0
-1.5,5.75,0.4300001263618469,ID7007,True,0.0,ID7007,2.6328343200683593,ID621,0.0
-1.5,6.0,0.43000009655952454,ID7007,True,0.0,ID7007,2.5190347480773925,ID124,0.0
-1.5,6.25,0.43000006675720215,ID13285,False,0.11001436911542997,ID13059,2.419997577667236,ID116,0.0
-1.5,6.5,-0.679999828338623,ID13059,False,0.33628482928118525,ID13907,1.4284843254089354,ID13907,0.0
-1.5,6.75,-0.679999828338623,ID13059,False,0.10798495994902427,ID13917,3.5299977111816405,ID116,0.0
-1.5,7.0,-0.679999828338623,ID13059,True,0.0,ID13059,3.5299977111816405,ID116,0.0
-1.5,7.25,-0.6799999475479126,ID13059,True,0.0,ID13059,3.5299979496002196,ID116,0.0
-1.5,7.5,-0.6799999475479126,ID13059,True,0.0,ID13059,3.5299979496002196,ID116,0.0
-1.5,7.75,-0.6799999475479126,ID13059,False,0.024559004059236555,ID13059,3.5299977111816405,ID116,0.0
-1.5,8.0,-0.679999828338623,ID13059,False,0.2733062057812391,ID13059,3.5299972343444823,ID116,0.0
-1.25,-8.0,0.31000006198883057,ID13069,False,0.24830813469342447,ID1471,2.539998893737793,ID116,0.0
-1.25,-7.75,0.31000006198883057,ID14148,True,2.5822836813294003e-08,ID14148,2.539998893737793,ID116,0.0
-1.25,-7.5,0.31000006198883057,ID14148,True,2.5822836813294003e-08,ID14148,2.5399986553192138,ID116,0.0
-1.25,-7.25,0.3100000321865082,ID13069,True,2.5822836813294003e-08,ID13069,2.539998893737793,ID116,0.0
-1.25,-7.0,-0.019999980926513672,ID6991,False,0.13397477287755286,ID13129,2.8699988174438475,ID116,0.0
-1.25,-6.75,-0.020000040531158447,ID13425,True,0.0,ID13425,2.8699988174438475,ID116,0.0
-1.25,-6.5,-0.020000040531158447,ID13475,True,0.0,ID13475,2.8699990558624267,ID116,0.0
-1.25,-6.25,-0.019999921321868896,ID7015,True,0.0,ID7015,2.8699988174438475,ID116,0.0
-1.25,-6.0,-0.019999921321868896,ID7015,True,0.0,ID7015,2.9824541854858397,ID124,0.0
-1.25,-5.75,-0.020000040531158447,ID13475,True,0.0,ID13475,3.0973149585723876,ID693,0.019782341029446364
-1.25,-5.5,-0.019999980926513672,ID13535,True,0.0,ID13535,3.2121752548217772,ID124,0.0
-1.25,-5.25,-0.020000040531158447,ID13415,True,0.0,ID13415,3.326535348892212,ID124,0.019782341029446364
-1.25,-5.0,-0.020000040531158447,ID13415,True,0.0,ID13415,3.519998435974121,ID124,0.0
-1.25,-4.75,-0.019999980926513672,ID7071,True,2.5822836813294003e-08,ID7071,3.5199986743927,ID124,0.0
-1.25,-4.5,-0.019999980926513672,ID7071,True,2.5822836813294003e-08,ID7071,3.5199993896484374,ID124,0.0
-1.25,-4.25,-0.019999980926513672,ID13415,True,0.0,ID13415,3.6099985885620116,ID144,0.0
-1.25,-4.0,-0.020000100135803223,ID13535,True,5.8693049420632804e-08,ID13535,3.60999906539917,ID144,0.0
-1.25,-3.75,-0.019999980926513672,ID13535,True,0.0,ID13535,3.6099985885620116,ID144,0.0
-1.25,-3.5,-0.019999980926513672,ID7039,True,2.5822836813294003e-08,ID7039,3.4799984741210936,ID152,0.019782341029446364
-1.25,-3.25,-0.019999980926513672,ID7039,True,2.5822836813294003e-08,ID7039,3.6099983501434325,ID220,0.0
-1.25,-3.0,-0.019999980926513672,ID7039,True,2.5822836813294003e-08,ID7039,3.6099988269805907,ID220,0.0
-1.25,-2.75,-0.019999921321868896,ID7039,True,0.0,ID7039,3.6099981117248534,ID220,0.0
-1.25,-2.5,-0.020000040531158447,ID13535,True,0.0,ID13535,3.606287603378296,ID160,0.0
-1.25,-2.25,-0.019999980926513672,ID6967,True,2.5822836813294003e-08,ID6967,3.4217382717132567,ID160,0.0
-1.25,-2.0,-0.019999980926513672,ID6967,True,2.582281594110114e-08,ID6967,3.379997854232788,ID1077,0.0
-1.25,-1.75,-0.019999980926513672,ID6967,True,2.5822836813294003e-08,ID6967,3.3799985694885253,ID1077,0.019782341029446364
-1.25,-1.5,-0.019999921321868896,ID6967,True,0.0,ID6967,3.388465051651001,ID485,0.019782341029446364
-1.25,-1.25,-0.019999980926513672,ID6967,True,2.5822836813294003e-08,ID6967,3.115853672027588,ID54,0.019782341029446364
-1.25,-1.0,-0.019999921321868896,ID6967,True,0.0,ID6967,2.9685818004608153,ID54,0.019782341029446364
-1.25,-0.75,-0.019999980926513672,ID13535,True,0.0,ID13535,2.949998502731323,ID54,0.0
-1.25,-0.5,-0.019999980926513672,ID13495,True,0.0,ID13495,3.4046808528900145,ID90,0.0
-1.25,-0.25,-0.020000040531158447,ID13495,True,0.0,ID13495,3.3285094547271727,ID90,0.0
-1.25,0.0,-0.020000100135803223,ID13485,True,5.8693049420632804e-08,ID13485,3.3035107898712157,ID90,0.0
-1.25,0.25,-0.019999980926513672,ID13485,False,0.2320662796981009,ID21920,3.329692726135254,ID90,0.0
-1.25,0.5,0.2699999511241913,ID13079,False,0.34,ID21920,0.5674431967735291,ID21920,0.0
-1.25,0.75,0.2700001895427704,ID6957,False,0.34,ID20991,0.549600248336792,ID20991,0.0
-1.25,1.0,0.2700001895427704,ID6957,False,0.34,ID20991,0.5496000099182129,ID20991,0.0
-1.25,1.25,0.5870833992958069,ID21356.001,False,0.2278965084806882,ID21356.001,0.04111212968826294,ID21356.001,16.54416558718855
-1.25,1.5,0.5609331130981445,ID21356.001,False,0.22160218156556694,ID21356.001,0.041112185567617414,ID21442.001,16.549609595355147
-1.25,1.75,0.2700001895427704,ID6957,False,0.34,ID21250.001,0.6961422610282898,ID21250.001,0.0
-1.25,2.0,0.2699999213218689,ID13079,False,0.15839219833399298,ID21250.001,3.0899981307983397,ID1181,0.019782341029446364
-1.25,2.25,0.2700001895427704,ID6999,True,0.0,ID6999,3.137244825363159,ID160,0.0
-1.25,2.5,0.270000159740448,ID6999,True,2.5822836813294003e-08,ID6999,3.319998388290405,ID220,0.0
-1.25,2.75,0.2700001895427704,ID6999,True,0.0,ID6999,3.319997911453247,ID220,0.0
-1.25,3.0,0.2699999213218689,ID13079,False,0.1412139868974839,ID13069,3.319997911453247,ID220,0.0
-1.25,3.25,0.43000006675720215,ID13295,True,2.5822836813294003e-08,ID13295,3.1599978256225585,ID220,0.0
-1.25,3.5,0.43000009655952454,ID7047,True,0.0,ID7047,3.0299981880187987,ID152,0.0
-1.25,3.75,0.43000009655952454,ID7047,True,0.0,ID7047,3.1599973487854003,ID144,0.0
-1.25,4.0,0.43000009655952454,ID7047,True,0.0,ID7047,3.1599980640411376,ID144,0.0
-1.25,4.25,0.43000009655952454,ID7047,True,0.0,ID7047,3.1599978256225585,ID144,0.0
-1.25,4.5,0.43000006675720215,ID13295,True,2.5822836813294003e-08,ID13295,3.0699974346160888,ID124,0.0
-1.25,4.75,0.43000006675720215,ID13285,True,2.5822836813294003e-08,ID13285,3.0699974346160888,ID124,0.019782341029446364
-1.25,5.0,0.43000009655952454,ID7007,True,0.0,ID7007,3.0699974346160888,ID124,0.0
-1.25,5.25,0.4300001263618469,ID7007,True,0.0,ID7007,2.8765343475341796,ID124,0.0
-1.25,5.5,0.43000009655952454,ID7007,True,0.0,ID7007,2.762174253463745,ID124,0.0
-1.25,5.75,0.43000009655952454,ID7007,True,0.0,ID7007,2.6473137187957763,ID621,0.0
-1.25,6.0,0.43000009655952454,ID7007,True,0.0,ID7007,2.5324527072906493,ID124,0.0
-1.25,6.25,0.43000006675720215,ID13285,False,0.13004954874364735,ID13059,2.419997339248657,ID116,0.0
-1.25,6.5,-0.6799999475479126,ID13059,False,0.29995044700303725,ID13059,1.5274162340164184,ID13907,0.0
-1.25,6.75,-0.6799999475479126,ID13059,False,0.08071611800598066,ID13917,3.5299977111816405,ID116,0.0
-1.25,7.0,-0.6800000667572021,ID13059,True,1.1347674416795073e-07,ID13059,3.5299979496002196,ID116,0.0
-1.25,7.25,-0.679999828338623,ID13059,True,0.0,ID13059,3.5299974727630614,ID116,0.0
-1.25,7.5,-0.6799999475479126,ID13059,True,0.0,ID13059,3.5299974727630614,ID116,0.0
-1.25,7.75,-0.6799999475479126,ID13059,True,0.0,ID13059,3.5299974727630614,ID116,0.0
-1.25,8.0,-0.6799999475479126,ID13059,False,0.24830718036832064,ID13059,3.5299974727630614,ID116,0.0
-1.0,-8.0,0.31000006198883057,ID13069,False,0.22761414925609208,ID1471,2.539998893737793,ID116,0.0
-1.0,-7.75,0.31000006198883057,ID14148,True,2.5822836813294003e-08,ID14148,2.5399986553192138,ID116,0.0
-1.0,-7.5,0.31000009179115295,ID14148,True,0.0,ID14148,2.539998893737793,ID116,0.0
-1.0,-7.25,0.31000006198883057,ID13069,True,2.5822836813294003e-08,ID13069,2.5399986553192138,ID116,0.0
-1.0,-7.0,-0.019999921321868896,ID6991,False,0.11009404385923188,ID13069,2.8699988174438475,ID116,0.0
-1.0,-6.75,-0.019999980926513672,ID6991,True,2.5822831595245788e-08,ID6991,2.8699985790252684,ID116,0.0
-1.0,-6.5,-0.019999980926513672,ID13535,True,0.0,ID13535,2.8699988174438475,ID116,0.0
-1.0,-6.25,-0.019999980926513672,ID7015,True,2.5822831595245788e-08,ID7015,2.879136686325073,ID124,0.0
-1.0,-6.0,-0.019999980926513672,ID7015,True,2.5822836813294003e-08,ID7015,2.993997459411621,ID124,0.0
-1.0,-5.75,-0.019999980926513672,ID7015,True,2.5822836813294003e-08,ID7015,3.1088577556610106,ID541,0.0
-1.0,-5.5,-0.019999980926513672,ID7015,True,2.5822836813294003e-08,ID7015,3.2237187671661376,ID124,0.0
-1.0,-5.25,-0.019999980926513672,ID7015,True,2.5822836813294003e-08,ID7015,3.3385797786712645,ID124,0.0
-1.0,-5.0,-0.020000040531158447,ID13475,True,0.0,ID13475,3.519998912811279,ID124,0.0
-1.0,-4.75,-0.020000040531158447,ID13535,True,0.0,ID13535,3.5199986743927,ID124,0.0
-1.0,-4.5,-0.020000040531158447,ID13535,True,0.0,ID13535,3.5332588005065917,ID144,0.0
-1.0,-4.25,-0.020000040531158447,ID13465,True,0.0,ID13465,3.6099988269805907,ID144,0.0
-1.0,-4.0,-0.019999980926513672,ID7079,True,2.5822836813294003e-08,ID7079,3.6099988269805907,ID144,0.0
-1.0,-3.75,-0.019999980926513672,ID7079,True,2.5822831595245788e-08,ID7079,3.6099985885620116,ID144,0.0
-1.0,-3.5,-0.019999980926513672,ID13535,True,0.0,ID13535,3.4799984741210936,ID152,0.0
-1.0,-3.25,-0.020000040531158447,ID7039,True,8.060652101349319e-08,ID7039,3.6099988269805907,ID220,0.019782341029446364
-1.0,-3.0,-0.019999980926513672,ID7039,True,2.582281594110114e-08,ID7039,3.6099981117248534,ID220,0.0
-1.0,-2.75,-0.019999980926513672,ID7039,True,2.582281594110114e-08,ID7039,3.6099981117248534,ID220,0.0
-1.0,-2.5,-0.019999921321868896,ID7039,True,0.0,ID7039,3.521080856323242,ID160,0.0
-1.0,-2.25,-0.020000040531158447,ID13535,True,0.0,ID13535,3.3699988174438475,ID160,0.0
-1.0,-2.0,-0.019999980926513672,ID6967,True,2.5822836813294003e-08,ID6967,3.3799985694885253,ID1189,0.0
-1.0,-1.75,-0.019999980926513672,ID6967,True,2.5822831595245788e-08,ID6967,3.3699981021881102,ID212,0.0
-1.0,-1.5,-0.019999980926513672,ID6967,True,2.582281594110114e-08,ID6967,3.7007952976226806,ID485,0.0
-1.0,-1.25,-0.019999980926513672,ID6967,True,2.5822831595245788e-08,ID6967,2.968094711303711,ID54,0.019782341029446364
-1.0,-1.0,-0.019999980926513672,ID6967,True,2.5822831595245788e-08,ID6967,2.949998264312744,ID54,0.019782341029446364
-1.0,-0.75,-0.019999980926513672,ID6967,True,2.5822836813294003e-08,ID6967,3.301793222427368,ID90,0.019782341029446364
-1.0,-0.5,-0.019999980926513672,ID13535,True,0.0,ID13535,3.18997896194458,ID90,0.0
-1.0,-0.25,-0.019999980926513672,ID13495,True,0.0,ID13495,3.129943494796753,ID90,0.0
-1.0,0.0,-0.020000100135803223,ID13485,False,0.025003089805519352,ID21920,3.1094366359710692,ID90,0.0
-1.0,0.25,-0.020000040531158447,ID13485,False,0.2728410099169707,ID21920,3.131227617263794,ID90,0.0
-1.0,0.5,0.2699999213218689,ID13079,False,0.34,ID21920,0.5406094837188721,ID20991,0.0
-1.0,0.75,0.2700001299381256,ID6957,False,0.34,ID20991,0.5406090068817139,ID20991,0.0
-1.0,1.0,0.2700001299381256,ID6957,False,0.34,ID21014,0.5465481328964233,ID21014,0.0
-1.0,1.25,0.583095133304596,ID21270.001,False,0.1411034123854625,ID21014,0.03902712196111679,ID21442.001,5.9714314844341185
-1.0,1.5,0.5959720611572266,ID21270.001,False,0.19050602865000069,ID21492.001,0.03394037216901779,ID21442.001,5.9714971384110305
-1.0,1.75,0.2700001895427704,ID6957,False,0.34,ID21258.001,0.6961422610282898,ID21258.001,0.0
-1.0,2.0,0.2699999213218689,ID13505,False,0.16119328298255708,ID21250.001,3.089998369216919,ID1173,0.0
-1.0,2.25,0.2699999511241913,ID13525,True,0.0,ID13525,3.079998378753662,ID160,0.0
-1.0,2.5,0.2700001895427704,ID6999,True,0.0,ID6999,3.2368506240844725,ID160,0.0
-1.0,2.75,0.270000159740448,ID6999,False,0.02568191851379248,ID13069,3.319997911453247,ID220,0.0
-1.0,3.0,0.2699999213218689,ID13079,False,0.15931734697238747,ID13069,3.319998149871826,ID220,0.0
-1.0,3.25,0.4300001263618469,ID7047,True,0.0,ID7047,3.1599978256225585,ID220,0.0
-1.0,3.5,0.43000009655952454,ID7047,True,0.0,ID7047,3.0299979496002196,ID152,0.0
-1.0,3.75,0.4300001263618469,ID7047,True,0.0,ID7047,3.1599978256225585,ID144,0.0
-1.0,4.0,0.43000009655952454,ID7047,True,0.0,ID7047,3.1599975872039794,ID144,0.0
-1.0,4.25,0.43000006675720215,ID7047,True,5.8693049420632804e-08,ID7047,3.1599978256225585,ID144,0.0
-1.0,4.5,0.4300001263618469,ID7047,True,0.0,ID7047,3.0832525539398192,ID144,0.0
-1.0,4.75,0.43000006675720215,ID13285,True,2.5822836813294003e-08,ID13285,3.0699974346160888,ID124,0.0
-1.0,5.0,0.43000009655952454,ID7007,True,0.0,ID7007,3.0699974346160888,ID124,0.0
-1.0,5.25,0.43000009655952454,ID7007,True,0.0,ID7007,2.8885787773132323,ID124,0.0
-1.0,5.5,0.4300001263618469,ID7007,True,0.0,ID7007,2.7737177658081054,ID124,0.0
-1.0,5.75,0.4300001263618469,ID7007,True,0.0,ID7007,2.65885627746582,ID685,0.0
-1.0,6.0,0.4300001263618469,ID7007,True,0.0,ID7007,2.5439955043792724,ID124,0.0
-1.0,6.25,0.43000006675720215,ID13285,False,0.13004954874364735,ID13059,2.4291347312927245,ID124,0.0
-1.0,6.5,-0.6799999475479126,ID13059,False,0.29995044700303725,ID13059,1.6491575288772582,ID13907,0.0
-1.0,6.75,-0.6799999475479126,ID13059,False,0.049950444061318044,ID13069,3.5299974727630614,ID116,0.0
-1.0,7.0,-0.6799999475479126,ID13059,True,0.0,ID13059,3.5299974727630614,ID116,0.0
-1.0,7.25,-0.6799999475479126,ID13059,True,0.0,ID13059,3.5299977111816405,ID116,0.0
-1.0,7.5,-0.6799999475479126,ID13059,True,0.0,ID13059,3.5299972343444823,ID116,0.0
-1.0,7.75,-0.679999828338623,ID13059,True,0.0,ID13059,3.5299974727630614,ID116,0.0
-1.0,8.0,-0.6799999475479126,ID13059,False,0.22761325347248912,ID13059,3.5299977111816405,ID116,0.0
-0.75,-8.0,0.31000006198883057,ID14148,False,0.21262115571679346,ID1471,2.539998893737793,ID116,0.0
-0.75,-7.75,0.31000006198883057,ID14148,True,2.5822836813294003e-08,ID14148,2.5399986553192138,ID116,0.0
-0.75,-7.5,0.31000006198883057,ID14148,True,2.5822836813294003e-08,ID14148,2.5399986553192138,ID116,0.0
-0.75,-7.25,0.31000006198883057,ID13069,True,2.5822836813294003e-08,ID13069,2.5399986553192138,ID116,0.0
-0.75,-7.0,-0.019999980926513672,ID6991,False,0.09511509097375881,ID13069,2.8699985790252684,ID116,0.0
-0.75,-6.75,-0.019999980926513672,ID6991,True,2.5822836813294003e-08,ID6991,2.8699985790252684,ID116,0.0
-0.75,-6.5,-0.020000100135803223,ID13535,True,5.869270980340957e-08,ID13535,2.8699988174438475,ID116,0.0
-0.75,-6.25,-0.019999980926513672,ID7015,True,2.5822836813294003e-08,ID7015,2.88671648979187,ID124,0.0
-0.75,-6.0,-0.019999980926513672,ID7015,True,2.5822836813294003e-08,ID7015,3.0022879886627196,ID124,0.0
-0.75,-5.75,-0.019999980926513672,ID7015,True,2.5822836813294003e-08,ID7015,3.117859010696411,ID541,0.0
-0.75,-5.5,-0.019999980926513672,ID7015,True,2.5822836813294003e-08,ID7015,3.2334302711486815,ID124,0.0
-0.75,-5.25,-0.019999980926513672,ID7015,True,2.5822831595245788e-08,ID7015,3.349001770019531,ID124,0.0
-0.75,-5.0,-0.020000040531158447,ID13475,True,0.0,ID13475,3.5199991512298583,ID124,0.0
-0.75,-4.75,-0.019999980926513672,ID13535,True,0.0,ID13535,3.5199986743927,ID124,0.0
-0.75,-4.5,-0.020000100135803223,ID13405,True,5.8693049420632804e-08,ID13405,3.579554204940796,ID144,0.019782341029446364
-0.75,-4.25,-0.019999980926513672,ID13535,True,0.0,ID13535,3.6099988269805907,ID144,0.0
-0.75,-4.0,-0.020000040531158447,ID7079,True,8.060652623154141e-08,ID7079,3.6099988269805907,ID144,0.0
-0.75,-3.75,-0.019999980926513672,ID7079,True,2.5822836813294003e-08,ID7079,3.6099983501434325,ID144,0.0
-0.75,-3.5,-0.019999980926513672,ID7079,True,2.5822831595245788e-08,ID7079,3.4799982357025145,ID152,0.0
-0.75,-3.25,-0.019999980926513672,ID13535,True,0.0,ID13535,3.6099988269805907,ID220,0.0
-0.75,-3.0,-0.019999980926513672,ID7039,True,2.5822836813294003e-08,ID7039,3.6099981117248534,ID220,0.019782341029446364
-0.75,-2.75,-0.019999980926513672,ID7039,True,2.5822831595245788e-08,ID7039,3.6099988269805907,ID220,0.019782341029446364
-0.75,-2.5,-0.019999980926513672,ID7039,True,2.5822836813294003e-08,ID7039,3.451892261505127,ID160,0.0
-0.75,-2.25,-0.020000040531158447,ID13395,True,0.0,ID13395,3.3699985790252684,ID200,0.0
-0.75,-2.0,-0.020000040531158447,ID13535,True,0.0,ID13535,3.379998331069946,ID1189,0.0
-0.75,-1.75,-0.019999980926513672,ID6967,True,2.5822836813294003e-08,ID6967,3.4934634017944335,ID485,0.0
-0.75,-1.5,-0.019999980926513672,ID6967,True,2.5822831595245788e-08,ID6967,3.0350729274749755,ID54,0.0
-0.75,-1.25,-0.019999980926513672,ID6967,True,2.582281594110114e-08,ID6967,2.949998264312744,ID54,0.0
-0.75,-1.0,-0.019999980926513672,ID6967,True,2.5822831595245788e-08,ID6967,3.3012336540222167,ID90,0.0
-0.75,-0.75,-0.019999980926513672,ID6967,True,2.5822831595245788e-08,ID6967,3.148799066543579,ID90,0.019782341029446364
-0.75,-0.5,-0.020000040531158447,ID13445,True,0.0,ID13445,3.052165870666504,ID90,0.019782341029446364
-0.75,-0.25,-0.020000040531158447,ID13535,True,0.0,ID13535,3.0343729305267333,ID108,0.0
-0.75,0.0,-0.020000040531158447,ID13485,False,0.05532259853673405,ID21920,3.0609959411621093,ID108,0.019782341029446364
-0.75,0.25,-0.020000040531158447,ID13485,False,0.3043084518938498,ID21920,3.0325607109069823,ID108,0.0
-0.75,0.5,0.2699999213218689,ID13505,False,0.34,ID21920,0.5316180634498596,ID20991,0.019782341029446364
-0.75,0.75,0.270000159740448,ID6957,False,0.34,ID20991,0.5316175270080566,ID20991,0.0
-0.75,1.0,0.270000159740448,ID6957,False,0.34,ID21014,0.5465480732917786,ID21014,0.0
-0.75,1.25,0.2700001299381256,ID6957,False,0.34,ID21270.001,0.3423529613018036,ID21270.001,0.0
-0.75,1.5,0.5862029194831848,ID21270.001,False,0.2209567313299758,ID21270.001,0.07275865703821183,ID21270.001,41.404381252713485
-0.75,1.75,0.2700002193450928,ID6957,False,0.3279931211288106,ID21250.001,3.188957576751709,ID485,0.0
-0.75,2.0,0.2700002193450928,ID6957,False,0.1444291869309239,ID21250.001,3.0899981307983397,ID1173,0.0
-0.75,2.25,0.2699999213218689,ID13505,True,2.5822648741513632e-08,ID13505,3.079998378753662,ID200,0.0
-0.75,2.5,0.2699999213218689,ID13525,True,2.5822831595245788e-08,ID13525,3.1678618240356444,ID160,0.0
-0.75,2.75,0.2699999213218689,ID13525,False,0.0660426564558958,ID13069,3.319998149871826,ID220,0.0
-0.75,3.0,0.43000006675720215,ID13069,True,2.5822836813294003e-08,ID13069,3.159998540878296,ID220,0.0
-0.75,3.25,0.43000006675720215,ID7047,True,5.8693049420632804e-08,ID7047,3.1599980640411376,ID220,0.0
-0.75,3.5,0.43000006675720215,ID7047,True,5.8693049420632804e-08,ID7047,3.0299979496002196,ID152,0.0
-0.75,3.75,0.43000006675720215,ID7047,True,5.8693049420632804e-08,ID7047,3.1599975872039794,ID144,0.0
-0.75,4.0,0.43000006675720215,ID7047,True,5.8693049420632804e-08,ID7047,3.1599978256225585,ID144,0.0
-0.75,4.25,0.4300001263618469,ID7047,False,0.17534240439850415,ID21655,3.1599983024597167,ID144,0.0
-0.75,4.5,0.43000009655952454,ID7047,False,0.17665476072511196,ID21655,3.1295503425598143,ID144,0.0
-0.75,4.75,0.43000006675720215,ID13069,False,0.16629313061986292,ID21655,3.0699974346160888,ID124,0.019782341029446364
-0.75,5.0,0.4300001263618469,ID7007,False,0.15593149481751428,ID21655,3.069997673034668,ID124,0.0
-0.75,5.25,0.43000006675720215,ID7007,False,0.10306059384024754,ID21655,2.899001245498657,ID124,0.019782341029446364
-0.75,5.5,0.43000009655952454,ID7007,True,0.0,ID7007,2.7834292697906493,ID124,0.0
-0.75,5.75,0.4300001263618469,ID7007,True,0.0,ID7007,2.6678577709197997,ID685,0.019782341029446364
-0.75,6.0,0.4300001263618469,ID7007,True,0.0,ID7007,2.55228627204895,ID124,0.0
-0.75,6.25,0.43000006675720215,ID13285,False,0.13004954874364735,ID13059,2.4367150115966796,ID124,0.0
-0.75,6.5,-0.6799999475479126,ID13059,False,0.29995044700303725,ID13069,1.770898823738098,ID13907,0.0
-0.75,6.75,-0.6799999475479126,ID13059,False,0.049950444061318044,ID13069,3.5299979496002196,ID116,0.0
-0.75,7.0,-0.6799999475479126,ID13059,True,0.0,ID13059,3.5299974727630614,ID116,0.0
-0.75,7.25,-0.6799999475479126,ID13059,True,0.0,ID13059,3.5299974727630614,ID116,0.0
-0.75,7.5,-0.6799999475479126,ID13059,True,0.0,ID13059,3.5299972343444823,ID116,0.0
-0.75,7.75,-0.6799999475479126,ID13059,True,0.0,ID13059,3.5299972343444823,ID116,0.0
-0.75,8.0,-0.6799999475479126,ID13059,False,0.2126223872857716,ID13059,3.5299977111816405,ID116,0.0
-0.5,-8.0,0.31000006198883057,ID14148,False,0.1997570730181756,ID1471,2.539999132156372,ID116,0.019782341029446364
-0.5,-7.75,0.31000006198883057,ID14148,True,2.5822836813294003e-08,ID14148,2.539999132156372,ID116,0.019782341029446364
-0.5,-7.5,0.31000009179115295,ID14148,True,0.0,ID14148,2.539999132156372,ID116,0.019782341029446364
-0.5,-7.25,-0.020000040531158447,ID13425,False,0.32641516217846067,ID13069,2.8699988174438475,ID116,0.0
-0.5,-7.0,-0.019999980926513672,ID6991,False,0.08066208949002857,ID13069,2.8699988174438475,ID116,0.0
-0.5,-6.75,-0.019999980926513672,ID6991,True,2.5822836813294003e-08,ID6991,2.8699990558624267,ID116,0.0
-0.5,-6.5,-0.019999980926513672,ID6991,True,2.582281594110114e-08,ID6991,2.8699988174438475,ID116,0.0
-0.5,-6.25,-0.020000040531158447,ID13475,True,0.0,ID13475,2.893659954071045,ID124,0.0
-0.5,-6.0,-0.019999921321868896,ID7015,True,0.0,ID7015,3.0092314529418944,ID124,0.0
-0.5,-5.75,-0.019999980926513672,ID7015,True,2.5822836813294003e-08,ID7015,3.1248019981384276,ID541,0.0
-0.5,-5.5,-0.019999980926513672,ID13475,True,0.0,ID13475,3.2403739738464354,ID124,0.019782341029446364
-0.5,-5.25,-0.020000040531158447,ID13535,True,0.0,ID13535,3.5199986743927,ID124,0.0
-0.5,-5.0,-0.020000100135803223,ID13405,True,5.868901603589549e-08,ID13405,3.5199986743927,ID124,0.0
-0.5,-4.75,-0.019999980926513672,ID6983,True,2.5822836813294003e-08,ID6983,3.5199986743927,ID124,0.0
-0.5,-4.5,-0.019999980926513672,ID6983,True,2.5822836813294003e-08,ID6983,3.6075922298431395,ID144,0.0
-0.5,-4.25,-0.020000040531158447,ID13405,True,0.0,ID13405,3.6099988269805907,ID144,0.0
-0.5,-4.0,-0.020000040531158447,ID13535,True,0.0,ID13535,3.6099985885620116,ID144,0.0
-0.5,-3.75,-0.019999921321868896,ID7079,True,0.0,ID7079,3.6099981117248534,ID144,0.0
-0.5,-3.5,-0.019999921321868896,ID7079,True,0.0,ID7079,3.4799982357025145,ID152,0.0
-0.5,-3.25,-0.019999980926513672,ID7079,True,2.5822831595245788e-08,ID7079,3.6099985885620116,ID220,0.0
-0.5,-3.0,-0.019999980926513672,ID13535,True,0.0,ID13535,3.6099988269805907,ID220,0.0
-0.5,-2.75,-0.019999980926513672,ID7039,True,2.5822836813294003e-08,ID7039,3.6054540920257567,ID160,0.019782341029446364
-0.5,-2.5,-0.019999921321868896,ID7039,True,0.0,ID7039,3.4008797454833983,ID160,0.019782341029446364
-0.5,-2.25,-0.020000040531158447,ID7039,True,8.060652101349319e-08,ID7039,3.379998331069946,ID1197,0.0
-0.5,-2.0,-0.019999980926513672,ID13395,True,0.0,ID13395,3.3699981021881102,ID200,0.0
-0.5,-1.75,-0.020000040531158447,ID13445,True,0.0,ID13445,3.6660944271087645,ID485,0.0
-0.5,-1.5,-0.019999980926513672,ID6967,True,2.5822836813294003e-08,ID6967,2.949998264312744,ID54,0.0
-0.5,-1.25,-0.019999980926513672,ID6967,True,2.5822836813294003e-08,ID6967,3.4019666957855224,ID90,0.0
-0.5,-1.0,-0.019999980926513672,ID6967,True,2.5822835536537525e-08,ID6967,3.1886395263671874,ID90,0.0
-0.5,-0.75,-0.019999980926513672,ID6967,True,2.5822835536537525e-08,ID6967,3.0515807914733886,ID90,0.0
-0.5,-0.5,-0.019999980926513672,ID6967,True,2.5822836813294003e-08,ID6967,3.0912960815429686,ID108,0.0
-0.5,-0.25,-0.020000040531158447,ID13535,True,0.0,ID13535,3.1506472873687743,ID98,0.0
-0.5,0.0,-0.020000040531158447,ID13485,False,0.08902315176894726,ID21920,3.1506472873687743,ID98,0.0
-0.5,0.25,-0.020000040531158447,ID13485,False,0.3262402411350826,ID21920,3.1506472873687743,ID98,0.019782341029446364
-0.5,0.5,0.2699999213218689,ID13505,False,0.34,ID21920,0.5226266431808472,ID20991,0.019782341029446364
-0.5,0.75,0.270000159740448,ID6957,False,0.34,ID20991,0.5226261067390442,ID20991,0.0
-0.5,1.0,0.270000159740448,ID6957,False,0.34,ID21014,0.5465481328964233,ID21014,0.0
-0.5,1.25,0.270000159740448,ID6957,False,0.15416785436027605,ID21270.001,3.1207732009887694,ID90,0.019782341029446364
-0.5,1.5,0.270000159740448,ID6957,False,0.15034124119614461,ID21270.001,2.665005807876587,ID54,0.0
-0.5,1.75,0.2700001895427704,ID6957,False,0.1304924131998514,ID21250.001,3.3610905456542968,ID485,0.0
-0.5,2.0,0.270000159740448,ID6957,True,2.5822836813294003e-08,ID6957,3.079997901916504,ID200,0.0
-0.5,2.25,0.270000159740448,ID6957,True,2.5822836813294003e-08,ID6957,3.0899981307983397,ID869,0.0
-0.5,2.5,0.2699998915195465,ID13079,True,2.5822835536537525e-08,ID13079,3.116983060836792,ID160,0.0
-0.5,2.75,0.2699999511241913,ID13525,False,0.09276599963575383,ID13069,3.319998149871826,ID220,0.019782341029446364
-0.5,3.0,0.43000006675720215,ID13069,True,2.5822836813294003e-08,ID13069,3.1599980640411376,ID220,0.019782341029446364
-0.5,3.25,0.43000009655952454,ID7047,True,0.0,ID7047,3.1599978256225585,ID220,0.0
-0.5,3.5,0.43000009655952454,ID7047,True,0.0,ID7047,3.0299979496002196,ID152,0.0
-0.5,3.75,0.43000009655952454,ID7047,True,0.0,ID7047,3.1599978256225585,ID144,0.0
-0.5,4.0,0.4300001263618469,ID7047,False,0.03289909028056315,ID21655,3.1599978256225585,ID144,0.0
-0.5,4.25,0.43000009655952454,ID7047,False,0.282795272663134,ID21655,3.1599978256225585,ID144,0.0
-0.5,4.5,0.43000009655952454,ID7047,False,0.34,ID21655,0.5356124687194824,ID21655,0.0
-0.5,4.75,0.43000006675720215,ID13069,False,0.34,ID21655,0.6711521196365356,ID21655,0.0
-0.5,5.0,0.43000009655952454,ID7007,False,0.34,ID21655,0.6711521196365356,ID21655,0.019782341029446364
-0.5,5.25,0.43000009655952454,ID7007,False,0.31925616591464273,ID21655,3.069997673034668,ID124,0.0
-0.5,5.5,0.43000009655952454,ID7007,False,0.0891255960686575,ID21655,2.790372734069824,ID124,0.0
-0.5,5.75,0.43000009655952454,ID7007,True,0.0,ID7007,2.6748009967803954,ID685,0.019782341029446364
-0.5,6.0,0.4300001263618469,ID7007,True,0.0,ID7007,2.559229497909546,ID124,0.0
-0.5,6.25,0.43000006675720215,ID13285,False,0.13004954874364735,ID13059,2.4436587142944335,ID124,0.0
-0.5,6.5,-0.6799999475479126,ID13059,False,0.3299501802347082,ID13059,1.892640595436096,ID13907,0.0
-0.5,6.75,-0.6799999475479126,ID13059,False,0.07995017776642027,ID13927,3.5299977111816405,ID116,0.0
-0.5,7.0,-0.6800000667572021,ID13059,True,1.1347673894990251e-07,ID13059,3.5299977111816405,ID116,0.0
-0.5,7.25,-0.6799999475479126,ID13059,True,0.0,ID13059,3.5299977111816405,ID116,0.0
-0.5,7.5,-0.6799999475479126,ID13059,True,0.0,ID13059,3.5299974727630614,ID116,0.0
-0.5,7.75,-0.6799999475479126,ID13059,True,0.0,ID13059,3.5299974727630614,ID116,0.0
-0.5,8.0,-0.6800000667572021,ID13059,False,0.19975897893528066,ID13059,3.5299974727630614,ID116,0.0
-0.25,-8.0,0.31000006198883057,ID14148,False,0.19476072447330425,ID1471,2.539998893737793,ID116,0.019782341029446364
-0.25,-7.75,0.31000006198883057,ID14148,True,2.5822836813294003e-08,ID14148,2.539998893737793,ID116,0.0
-0.25,-7.5,0.31000006198883057,ID14148,True,2.5822836813294003e-08,ID14148,2.5399986553192138,ID116,0.0
-0.25,-7.25,-0.020000040531158447,ID13425,False,0.32263921775215826,ID13069,2.8699990558624267,ID116,0.0
-0.25,-7.0,-0.019999980926513672,ID6991,False,0.07566938567170167,ID13069,2.8699988174438475,ID116,0.0
-0.25,-6.75,-0.019999980926513672,ID6991,True,2.5822836813294003e-08,ID6991,2.8699988174438475,ID116,0.0
-0.25,-6.5,-0.019999980926513672,ID6991,True,2.5822836813294003e-08,ID6991,2.8699985790252684,ID116,0.0
-0.25,-6.25,-0.020000040531158447,ID13535,True,0.0,ID13535,2.896324520111084,ID124,0.0
-0.25,-6.0,-0.020000040531158447,ID13475,True,0.0,ID13475,3.012251739501953,ID124,0.019782341029446364
-0.25,-5.75,-0.020000100135803223,ID13535,True,5.8693049087565896e-08,ID13535,3.1281791973114013,ID533,0.0
-0.25,-5.5,-0.020000100135803223,ID13405,True,5.869300240268771e-08,ID13405,3.2441066551208495,ID124,0.0
-0.25,-5.25,-0.019999980926513672,ID6983,True,2.5822836813294003e-08,ID6983,3.5199986743927,ID124,0.0
-0.25,-5.0,-0.019999980926513672,ID6983,True,2.5822836813294003e-08,ID6983,3.5199986743927,ID124,0.0
-0.25,-4.75,-0.019999980926513672,ID6983,True,2.5822836813294003e-08,ID6983,3.519998912811279,ID124,0.0
-0.25,-4.5,-0.019999980926513672,ID6983,True,2.5822836813294003e-08,ID6983,3.6099983501434325,ID144,0.0
-0.25,-4.25,-0.019999921321868896,ID6983,True,0.0,ID6983,3.6099983501434325,ID144,0.0
-0.25,-4.0,-0.020000040531158447,ID13405,True,0.0,ID13405,3.6099988269805907,ID144,0.0
-0.25,-3.75,-0.020000040531158447,ID13465,True,0.0,ID13465,3.6099985885620116,ID144,0.019782341029446364
-0.25,-3.5,-0.020000040531158447,ID7079,True,8.06065258984745e-08,ID7079,3.4799987125396727,ID152,0.0
-0.25,-3.25,-0.019999921321868896,ID7079,True,0.0,ID7079,3.4799982357025145,ID152,0.0
-0.25,-3.0,-0.019999921321868896,ID7079,True,0.0,ID7079,3.4799975204467772,ID152,0.0
-0.25,-2.75,-0.020000040531158447,ID13535,True,0.0,ID13535,3.4645911502838134,ID160,0.0
-0.25,-2.5,-0.019999980926513672,ID7039,True,2.5822836813294003e-08,ID7039,3.3699983406066893,ID160,0.019782341029446364
-0.25,-2.25,-0.019999980926513672,ID7039,True,2.5822836813294003e-08,ID7039,3.3699981021881102,ID200,0.019782341029446364
-0.25,-2.0,-0.019999980926513672,ID7039,True,2.5822836480227096e-08,ID7039,3.3699983406066893,ID212,0.019782341029446364
-0.25,-1.75,-0.020000040531158447,ID13395,True,0.0,ID13395,3.114748601913452,ID54,0.0
-0.25,-1.5,-0.020000040531158447,ID13445,True,0.0,ID13445,2.949998264312744,ID54,0.0
-0.25,-1.25,-0.019999921321868896,ID6967,True,0.0,ID6967,3.325363998413086,ID90,0.0
-0.25,-1.0,-0.019999980926513672,ID6967,True,2.5822267324393522e-08,ID6967,3.1281887340545653,ID90,0.0
-0.25,-0.75,-0.019999980926513672,ID6967,True,2.5822836813294003e-08,ID6967,3.03582799911499,ID108,0.0
-0.25,-0.5,-0.019999921321868896,ID6967,True,0.0,ID6967,3.150647048950195,ID98,0.0
-0.25,-0.25,-0.020000040531158447,ID13535,False,0.014388285766533226,ID21920,3.150647048950195,ID98,0.0
-0.25,0.0,,,False,,,,,
-0.25,0.25,,,False,,,,,
-0.25,0.5,0.2699999213218689,ID13505,False,0.34,ID21014,0.7152712392807007,ID21014,0.0
-0.25,0.75,0.2700001895427704,ID6957,False,0.34,ID21014,0.3816190707683563,ID21014,0.019782341029446364
-0.25,1.0,0.5430976748466492,ID21014,False,0.20413443271243215,ID21014,2.569882516860962,ID90,0.0
-0.25,1.25,0.543097734451294,ID21014,False,0.07341572035052996,ID20958.001,2.7697368907928466,ID90,0.0
-0.25,1.5,,,False,,,,,
-0.25,1.75,0.2700001895427704,ID6957,False,0.06558541569470916,ID20991,2.831256275177002,ID54,0.019782341029446364
-0.25,2.0,0.2700001895427704,ID6957,True,0.0,ID6957,3.079998140335083,ID212,0.0
-0.25,2.25,0.2700001895427704,ID6957,True,0.0,ID6957,3.079998378753662,ID200,0.0
-0.25,2.5,0.2700001299381256,ID6957,True,2.582281594110114e-08,ID6957,3.0826193141937255,ID160,0.0
-0.25,2.75,0.2699999511241913,ID13079,False,0.10764208438760406,ID13069,3.1774183559417724,ID160,0.0
-0.25,3.0,0.43000006675720215,ID13069,True,2.5822836813294003e-08,ID13069,3.0299974727630614,ID160,0.0
-0.25,3.25,0.4300001263618469,ID7047,True,0.0,ID7047,3.0299977111816405,ID160,0.0
-0.25,3.5,0.43000009655952454,ID7047,True,0.0,ID7047,3.0299979496002196,ID152,0.0
-0.25,3.75,0.43000009655952454,ID7047,True,0.0,ID7047,3.1599975872039794,ID144,0.019782341029446364
-0.25,4.0,0.43000009655952454,ID7047,False,0.05219979317250645,ID21637,3.1599975872039794,ID144,0.019782341029446364
-0.25,4.25,0.43000009655952454,ID7047,False,0.30209602022478454,ID21637,3.1599975872039794,ID144,0.019782341029446364
-0.25,4.5,0.43000009655952454,ID7047,False,0.34,ID21637,0.3813454556465149,ID21655,0.019782341029446364
-0.25,4.75,0.43000006675720215,ID13069,False,0.34,ID21637,0.43760446190834046,ID21647,0.0
-0.25,5.0,0.43000009655952454,ID7007,False,0.34,ID21637,0.46278828859329224,ID21647,0.0
-0.25,5.25,0.4300001263618469,ID7007,False,0.34,ID21647,0.6711520600318909,ID21655,0.0
-0.25,5.5,0.43000009655952454,ID7007,False,0.13186416461268297,ID21655,2.794105415344238,ID124,0.0
-0.25,5.75,0.4300001263618469,ID7007,True,0.0,ID7007,2.678177719116211,ID493,0.0
-0.25,6.0,0.4300001263618469,ID7007,True,0.0,ID7007,2.5622497844696044,ID124,0.0
-0.25,6.25,0.43000006675720215,ID13285,False,0.13004954874364735,ID13059,2.446322326660156,ID124,0.0
-0.25,6.5,-0.6799999475479126,ID13059,False,0.3299501802347082,ID13927,2.016076211929321,ID13907,0.0
-0.25,6.75,-0.6799999475479126,ID13059,False,0.07995017776642027,ID13927,3.5299977111816405,ID116,0.0
-0.25,7.0,-0.6799999475479126,ID13059,True,0.0,ID13059,3.5299974727630614,ID116,0.0
-0.25,7.25,-0.6799999475479126,ID13059,True,0.0,ID13059,3.5299977111816405,ID116,0.0
-0.25,7.5,-0.6799999475479126,ID13059,True,0.0,ID13059,3.5299972343444823,ID116,0.0
-0.25,7.75,-0.6799999475479126,ID13059,True,0.0,ID13059,3.5299974727630614,ID116,0.0
-0.25,8.0,-0.6799999475479126,ID13059,False,0.19476263833850344,ID13059,3.5299972343444823,ID116,0.0
0.0,-8.0,0.3100000321865082,ID13069,False,0.18976438878701699,ID1471,2.539998893737793,ID116,0.0
0.0,-7.75,0.31000006198883057,ID13069,True,5.8671649538766246e-08,ID19649,2.539998893737793,ID116,0.0
0.0,-7.5,0.31000009179115295,ID13069,True,2.5801436931427446e-08,ID19649,2.539998893737793,ID116,0.0
0.0,-7.25,-0.020000040531158447,ID13535,False,0.31836268372952853,ID19649,2.8699988174438475,ID116,0.019782341029446364
0.0,-7.0,-0.020000040531158447,ID13535,False,0.07067631965705085,ID13069,2.8699990558624267,ID116,0.019782341029446364
0.0,-6.75,-0.020000040531158447,ID13535,True,1.1345534428608417e-07,ID20115,2.8699988174438475,ID116,0.019782341029446364
0.0,-6.5,-0.020000040531158447,ID13535,True,1.4632556533111796e-07,ID20115,2.8699988174438475,ID116,0.019782341029446364
0.0,-6.25,-0.020000040531158447,ID13535,True,1.7919578959579852e-07,ID20115,2.898641471862793,ID124,0.019782341029446364
0.0,-6.0,-0.020000040531158447,ID13535,True,1.7919578959579852e-07,ID20115,3.01456916809082,ID124,0.019782341029446364
0.0,-5.75,-0.020000040531158447,ID13535,True,2.011092741782683e-07,ID20115,3.1304966259002684,ID533,0.019782341029446364
0.0,-5.5,-0.020000040531158447,ID13535,True,2.3397950371650822e-07,ID20115,3.2464238452911376,ID124,0.019782341029446364
0.0,-5.25,-0.020000040531158447,ID13535,True,2.668497364743949e-07,ID20115,3.519998912811279,ID124,0.019782341029446364
0.0,-5.0,-0.020000040531158447,ID13535,True,2.668497364743949e-07,ID20115,3.519998912811279,ID124,0.019782341029446364
0.0,-4.75,-0.020000040531158447,ID13535,True,2.997199723409061e-07,ID20115,3.519998912811279,ID124,0.019782341029446364
0.0,-4.5,-0.020000040531158447,ID13535,True,3.216334647504482e-07,ID20115,3.6099985885620116,ID144,0.019782341029446364
0.0,-4.25,-0.020000040531158447,ID13535,True,3.216334647504482e-07,ID20115,3.6099985885620116,ID144,0.019782341029446364
0.0,-4.0,-0.020000040531158447,ID13535,True,3.5450370594602987e-07,ID20115,3.6099985885620116,ID144,0.019782341029446364
0.0,-3.75,-0.020000040531158447,ID13535,True,3.873738667059534e-07,ID20115,3.6099985885620116,ID144,0.019782341029446364
0.0,-3.5,-0.020000040531158447,ID13535,True,4.092873647221218e-07,ID20115,3.4799987125396727,ID152,0.019782341029446364
0.0,-3.25,-0.020000040531158447,ID13535,True,4.0928744832191555e-07,ID20115,3.4799987125396727,ID152,0.019782341029446364
0.0,-3.0,-0.020000040531158447,ID13535,True,4.4215769801070337e-07,ID20115,3.4799987125396727,ID152,0.019782341029446364
0.0,-2.75,-0.020000040531158447,ID13535,True,4.750279508636268e-07,ID20115,3.4596220302581786,ID160,0.019782341029446364
0.0,-2.5,-0.020000040531158447,ID13535,True,5.078982068806859e-07,ID20115,3.3699985790252684,ID160,0.019782341029446364
0.0,-2.25,-0.020000040531158447,ID13535,True,5.078982068806859e-07,ID20115,3.3799985694885253,ID1157,0.019782341029446364
0.0,-2.0,-0.020000040531158447,ID13535,True,5.298116917407114e-07,ID20115,3.3699988174438475,ID212,0.019782341029446364
0.0,-1.75,-0.020000040531158447,ID13535,True,5.62681974014545e-07,ID20115,3.059112434387207,ID43.002,0.019782341029446364
0.0,-1.5,-0.020000040531158447,ID13535,True,5.62681974014545e-07,ID20115,2.949998502731323,ID54,0.019782341029446364
0.0,-1.25,-0.020000040531158447,ID13535,True,5.955522384692991e-07,ID20115,3.2995339679718017,ID90,0.019782341029446364
0.0,-1.0,-0.020000040531158447,ID13535,True,6.17465749919166e-07,ID20115,3.1068292903900145,ID90,0.019782341029446364
0.0,-0.75,-0.020000040531158447,ID13535,True,6.503360197029906e-07,ID20115,3.0636543083190917,ID108,0.019782341029446364
0.0,-0.5,-0.020000040531158447,ID13535,True,6.503360197029906e-07,ID20115,3.1506472873687743,ID98,0.019782341029446364
0.0,-0.25,-0.019999980926513672,ID13535,False,0.049514951779388694,ID21920,3.150646810531616,ID98,0.019782341029446364
0.0,0.0,,,False,,,,,
0.0,0.25,,,False,,,,,
0.0,0.5,0.2699999213218689,ID13079,False,0.34,ID21014,0.7152712988853455,ID21014,0.019782341029446364
0.0,0.75,0.2699999213218689,ID13079,False,0.33865908363383024,ID21096,0.33754820108413697,ID21096,0.019782341029446364
0.0,1.0,0.5430976152420044,ID21014,False,0.06730912234430753,ID20958,2.548684482574463,ID90,0.0
0.0,1.25,0.5525422692298889,ID21197,False,0.07021245094873835,ID20958,2.7345458316802977,ID90,0.019782341029446364
0.0,1.5,,,False,,,,,
0.0,1.75,0.2699999511241913,ID13079,False,0.10275088832002818,ID20991,2.7786732959747313,ID43.003,0.019782341029446364
0.0,2.0,0.2699999511241913,ID13079,True,8.585144689043922e-07,ID19659,3.079998617172241,ID212,0.019782341029446364
0.0,2.25,0.2699999511241913,ID13079,True,8.585144689043922e-07,ID19659,3.089998369216919,ID949,0.019782341029446364
0.0,2.5,0.2699999511241913,ID13079,True,8.913847620029003e-07,ID19659,3.079998617172241,ID160,0.019782341029446364
0.0,2.75,0.2699999511241913,ID13079,False,0.11246407274510142,ID19649,3.1724509048461913,ID160,0.019782341029446364
0.0,3.0,0.43000006675720215,ID13069,True,9.79038892512385e-07,ID19649,3.0299981880187987,ID160,0.0
0.0,3.25,0.43000006675720215,ID13069,True,1.0119091972682348e-06,ID19649,3.0299981880187987,ID160,0.0
0.0,3.5,0.43000006675720215,ID13069,True,1.0447795051882203e-06,ID19649,3.0299981880187987,ID152,0.0
0.0,3.75,0.43000006675720215,ID13069,True,1.066693045559397e-06,ID19649,3.1599978256225585,ID144,0.0
0.0,4.0,0.43000006675720215,ID13069,False,0.04499755712462056,ID21637,3.1599980640411376,ID144,0.0
0.0,4.25,0.43000006675720215,ID13069,False,0.29489378733774074,ID21637,3.1599975872039794,ID144,0.0
0.0,4.5,0.43000006675720215,ID13069,False,0.34,ID21637,0.34745315194129944,ID21655,0.0
0.0,4.75,0.43000006675720215,ID13069,False,0.34,ID21637,0.3473817753791809,ID21655,0.0
0.0,5.0,0.43000006675720215,ID13069,False,0.34,ID21637,0.34788290143013,ID21655,0.0
0.0,5.25,0.43000006675720215,ID13069,False,0.34,ID21647,0.6711521196365356,ID21655,0.0
0.0,5.5,0.43000006675720215,ID13069,False,0.13906632552694256,ID21655,2.796422367095947,ID124,0.0
0.0,5.75,0.43000006675720215,ID13069,True,1.2529581959186409e-06,ID19649,2.680494909286499,ID493,0.0
0.0,6.0,0.43000006675720215,ID13069,True,1.2748717497235162e-06,ID19649,2.5645669746398925,ID124,0.0
0.0,6.25,0.43000006675720215,ID13069,False,0.13005002778843688,ID19639,2.4486397552490233,ID124,0.0
0.0,6.5,-0.6799999475479126,ID13059,False,0.3299501802347082,ID13927,3.5299977111816405,ID116,0.0
0.0,6.75,-0.679999828338623,ID13059,False,0.07995017776642027,ID13927,3.5299977111816405,ID116,0.0
0.0,7.0,-0.6799999475479126,ID13059,True,1.3406123987036445e-06,ID19639,3.5299974727630614,ID116,0.0
0.0,7.25,-0.6799999475479126,ID13059,True,1.3625259790428501e-06,ID19639,3.5299974727630614,ID116,0.0
0.0,7.5,-0.6799999475479126,ID13059,True,1.3625259790428501e-06,ID19639,3.5299979496002196,ID116,0.0
0.0,7.75,-0.679999828338623,ID13059,True,1.2748717483912486e-06,ID19639,3.5299974727630614,ID116,0.0
0.0,8.0,-0.6799999475479126,ID13059,False,0.1897662945234744,ID19639,3.5299974727630614,ID116,0.0
0.25,-8.0,0.31000009179115295,ID20721,False,0.1947607298323908,ID1471,2.539998893737793,ID116,0.0
0.25,-7.75,0.31000012159347534,ID20721,True,0.0,ID20721,2.539998893737793,ID116,0.0
0.25,-7.5,0.31000012159347534,ID20721,True,2.5822836813294003e-08,ID20721,2.539998893737793,ID116,0.0
0.25,-7.25,-0.019999980926513672,ID20005,False,0.32263917248908275,ID19649,2.8699985790252684,ID116,0.0
0.25,-7.0,-0.01999986171722412,ID16838,False,0.07566911677059857,ID19649,2.8699988174438475,ID116,0.0
0.25,-6.75,-0.01999986171722412,ID16838,True,2.5822836813294003e-08,ID16838,2.8699988174438475,ID116,0.0
0.25,-6.5,-0.019999802112579346,ID16838,True,0.0,ID16838,2.8699988174438475,ID116,0.0
0.25,-6.25,-0.01999986171722412,ID20115,True,0.0,ID20115,2.8963240432739257,ID124,0.0
0.25,-6.0,-0.01999986171722412,ID20055,True,0.0,ID20055,3.012251501083374,ID124,0.019782341029446364
0.25,-5.75,-0.019999802112579346,ID20115,True,0.0,ID20115,3.128178720474243,ID533,0.0
0.25,-5.5,-0.019999802112579346,ID19985,True,0.0,ID19985,3.2441066551208495,ID124,0.0
0.25,-5.25,-0.019999682903289795,ID16830,True,0.0,ID16830,3.519998435974121,ID124,0.0
0.25,-5.0,-0.019999682903289795,ID16830,True,0.0,ID16830,3.5199986743927,ID124,0.0
0.25,-4.75,-0.019999682903289795,ID16830,True,2.5822836813294003e-08,ID16830,3.519998435974121,ID124,0.0
0.25,-4.5,-0.01999962329864502,ID16830,True,0.0,ID16830,3.6099985885620116,ID144,0.0
0.25,-4.25,-0.01999962329864502,ID16830,True,0.0,ID16830,3.6099985885620116,ID144,0.0
0.25,-4.0,-0.019999682903289795,ID19985,True,0.0,ID19985,3.6099985885620116,ID144,0.0
0.25,-3.75,-0.01999962329864502,ID20045,True,0.0,ID20045,3.6099983501434325,ID144,0.0
0.25,-3.5,-0.01999950408935547,ID16926,True,0.0,ID16926,3.4799982357025145,ID152,0.0
0.25,-3.25,-0.01999950408935547,ID16926,True,0.0,ID16926,3.4799979972839354,ID152,0.0
0.25,-3.0,-0.019999563694000244,ID16926,True,5.8693048088365174e-08,ID16926,3.4799982357025145,ID152,0.0
0.25,-2.75,-0.019999563694000244,ID20115,True,0.0,ID20115,3.464590196609497,ID160,0.0
0.25,-2.5,-0.019999444484710693,ID16886,True,0.0,ID16886,3.369997863769531,ID160,0.019782341029446364
0.25,-2.25,-0.019999444484710693,ID16886,True,0.0,ID16886,3.3699981021881102,ID200,0.019782341029446364
0.25,-2.0,-0.019999444484710693,ID16886,True,2.5822835536537525e-08,ID16886,3.369997863769531,ID212,0.019782341029446364
0.25,-1.75,-0.019999444484710693,ID19975,True,0.0,ID19975,3.114748125076294,ID54,0.0
0.25,-1.5,-0.019999384880065918,ID20025,True,0.0,ID20025,2.9499973106384276,ID54,0.0
0.25,-1.25,-0.019999384880065918,ID16814,True,2.5822836813294003e-08,ID16814,3.3253628063201903,ID90,0.0
0.25,-1.0,-0.019999325275421143,ID16814,True,0.0,ID16814,3.128187780380249,ID90,0.0
0.25,-0.75,-0.019999265670776367,ID16814,True,0.0,ID16814,3.03582799911499,ID108,0.0
0.25,-0.5,-0.019999265670776367,ID16814,True,0.0,ID16814,3.150646333694458,ID98,0.0
0.25,-0.25,-0.019999325275421143,ID20115,True,0.0,ID20115,3.150646572113037,ID98,0.0
0.25,0.0,-0.019999265670776367,ID20065,False,0.180137980203353,ID21920,3.150646095275879,ID98,0.019782341029446364
0.25,0.25,,,False,,,,,
0.25,0.5,,,False,,,,,
0.25,0.75,,,False,,,,,
0.25,1.0,,,False,,,,,
0.25,1.25,,,False,,,,,
0.25,1.5,,,False,,,,,
0.25,1.75,0.27000102400779724,ID16806,False,0.034465457459943505,ID20991,2.8312550830841063,ID54,0.019782341029446364
0.25,2.0,0.27000105381011963,ID16806,True,0.0,ID16806,3.0799971866607665,ID212,0.0
0.25,2.25,0.27000105381011963,ID16806,True,5.5527199616101086e-08,ID16806,3.0799969482421874,ID200,0.0
0.25,2.5,0.2700011134147644,ID16806,True,0.0,ID16806,3.082618360519409,ID160,0.0
0.25,2.75,0.2700009047985077,ID19659,False,0.10764226650744257,ID19649,3.177417640686035,ID160,0.0
0.25,3.0,0.43000102043151855,ID19649,True,5.8693049420632804e-08,ID19649,3.029996280670166,ID160,0.0
0.25,3.25,0.43000108003616333,ID16894,True,5.8693048088365174e-08,ID16894,3.029996757507324,ID160,0.0
0.25,3.5,0.4300011098384857,ID16894,True,0.0,ID16894,3.029996757507324,ID152,0.0
0.25,3.75,0.4300011396408081,ID16894,True,2.5822836813294003e-08,ID16894,3.159996633529663,ID144,0.019782341029446364
0.25,4.0,0.4300011694431305,ID16894,False,0.037795362149492306,ID21637,3.159996871948242,ID144,0.019782341029446364
0.25,4.25,0.4300011694431305,ID16894,False,0.287691587633969,ID21637,3.159996633529663,ID144,0.019782341029446364
0.25,4.5,0.4300011992454529,ID16894,False,0.34,ID21637,0.37953484535217286,ID21655,0.019782341029446364
0.25,4.75,0.4300011992454529,ID19649,False,0.34,ID21637,0.4383786964416504,ID21647,0.0
0.25,5.0,0.43000125885009766,ID16854,False,0.34,ID21637,0.45528558373451233,ID21647,0.0
0.25,5.25,0.43000125885009766,ID16854,False,0.34,ID21647,0.6711509275436401,ID21655,0.0
0.25,5.5,0.43000128865242004,ID16854,False,0.14626849590367963,ID21655,2.7941037464141845,ID124,0.0
0.25,5.75,0.43000131845474243,ID16854,True,2.5822836813294003e-08,ID16854,2.678176288604736,ID493,0.0
0.25,6.0,0.43000131845474243,ID16854,True,2.5822502469630138e-08,ID16854,2.562249069213867,ID124,0.0
0.25,6.25,0.43000131845474243,ID19865,False,0.13004954874364735,ID19639,2.4463213729858397,ID124,0.0
0.25,6.5,-0.6799986362457275,ID19639,False,0.3299501802347082,ID20505,2.016078357696533,ID20485,0.0
0.25,6.75,-0.6799986362457275,ID19639,False,0.07995017776642027,ID20505,3.529996280670166,ID116,0.0
0.25,7.0,-0.6799986362457275,ID19639,True,5.868326768965204e-08,ID19639,3.529996280670166,ID116,0.0
0.25,7.25,-0.6799986362457275,ID19639,True,5.8693049420632804e-08,ID19639,3.529996519088745,ID116,0.0
0.25,7.5,-0.6799986362457275,ID19639,True,5.8693049420632804e-08,ID19639,3.529996042251587,ID116,0.0
0.25,7.75,-0.679998517036438,ID19639,True,0.0,ID19639,3.5299955654144286,ID116,0.0
0.25,8.0,-0.679998517036438,ID19639,False,0.19476263833850344,ID19639,3.5299958038330077,ID116,0.0
0.5,-8.0,0.31000006198883057,ID20721,False,0.19975707301816292,ID1471,2.539999132156372,ID116,0.0
0.5,-7.75,0.31000009179115295,ID20721,True,0.0,ID20721,2.539999132156372,ID116,0.0
0.5,-7.5,0.31000012159347534,ID20721,True,2.5822836813294003e-08,ID20721,2.539999132156372,ID116,0.0
0.5,-7.25,-0.019999980926513672,ID20005,False,0.32641513298861907,ID19709,2.8699985790252684,ID116,0.0
0.5,-7.0,-0.019999802112579346,ID16838,False,0.08066208603915331,ID19649,2.8699983406066893,ID116,0.0
0.5,-6.75,-0.01999974250793457,ID16838,True,0.0,ID16838,2.8699983406066893,ID116,0.0
0.5,-6.5,-0.019999802112579346,ID16838,True,0.0,ID16838,2.8699985790252684,ID116,0.0
0.5,-6.25,-0.01999986171722412,ID20055,True,0.0,ID20055,2.8936597156524657,ID124,0.0
0.5,-6.0,-0.01999974250793457,ID16862,True,0.0,ID16862,3.0092312145233153,ID124,0.019782341029446364
0.5,-5.75,-0.01999974250793457,ID16862,True,0.0,ID16862,3.1248022365570067,ID765,0.019782341029446364
0.5,-5.5,-0.019999802112579346,ID20055,True,0.0,ID20055,3.2403737354278563,ID124,0.019782341029446364
0.5,-5.25,-0.019999802112579346,ID20115,True,2.5822836813294003e-08,ID20115,3.5199986743927,ID124,0.0
0.5,-5.0,-0.01999974250793457,ID19985,True,0.0,ID19985,3.5199986743927,ID124,0.0
0.5,-4.75,-0.01999962329864502,ID16830,True,0.0,ID16830,3.519998912811279,ID124,0.0
0.5,-4.5,-0.019999563694000244,ID16830,True,0.0,ID16830,3.6075927066802977,ID144,0.0
0.5,-4.25,-0.019999682903289795,ID19985,True,0.0,ID19985,3.6099983501434325,ID144,0.0
0.5,-4.0,-0.019999682903289795,ID20115,True,0.0,ID20115,3.6099985885620116,ID144,0.0
0.5,-3.75,-0.019999563694000244,ID16926,True,0.0,ID16926,3.6099985885620116,ID144,0.0
0.5,-3.5,-0.019999563694000244,ID16926,True,0.0,ID16926,3.4799984741210936,ID152,0.0
0.5,-3.25,-0.019999563694000244,ID16926,True,2.582275193674377e-08,ID16926,3.6099983501434325,ID220,0.0
0.5,-3.0,-0.019999563694000244,ID20115,True,0.0,ID20115,3.6099988269805907,ID220,0.0
0.5,-2.75,-0.019999444484710693,ID16886,True,0.0,ID16886,3.605452423095703,ID160,0.019782341029446364
0.5,-2.5,-0.01999950408935547,ID16886,True,2.5822831595245788e-08,ID16886,3.400879030227661,ID160,0.019782341029446364
0.5,-2.25,-0.019999444484710693,ID16886,True,0.0,ID16886,3.379997854232788,ID1125,0.0
0.5,-2.0,-0.01999950408935547,ID19975,True,0.0,ID19975,3.369997863769531,ID200,0.0
0.5,-1.75,-0.019999444484710693,ID20025,True,0.0,ID20025,3.6660994338989257,ID485,0.0
0.5,-1.5,-0.019999384880065918,ID16814,True,0.0,ID16814,2.9499975490570067,ID54,0.0
0.5,-1.25,-0.019999384880065918,ID16814,True,2.5822836813294003e-08,ID16814,3.4019650268554686,ID90,0.0
0.5,-1.0,-0.019999325275421143,ID16814,True,0.0,ID16814,3.1886376190185546,ID90,0.0
0.5,-0.75,-0.019999325275421143,ID16814,True,0.0,ID16814,3.051579122543335,ID90,0.0
0.5,-0.5,-0.019999206066131592,ID16814,True,0.0,ID16814,3.0912975120544433,ID108,0.0
0.5,-0.25,-0.019999325275421143,ID20115,True,0.0,ID20115,3.150646810531616,ID98,0.0
0.5,0.0,-0.019999325275421143,ID20065,False,0.07037230728688881,ID21920,3.150646810531616,ID98,0.0
0.5,0.25,-0.019999265670776367,ID20065,False,0.31935815744100315,ID21920,3.150646572113037,ID98,0.019782341029446364
0.5,0.5,0.2700006365776062,ID20085,False,0.34,ID21014,0.5253355550765991,ID20991,0.019782341029446364
0.5,0.75,0.2700009346008301,ID16806,False,0.34,ID20991,0.5253350782394409,ID20991,0.0
0.5,1.0,0.27000096440315247,ID16806,False,0.34,ID21014,0.5465472388267517,ID21014,0.0
0.5,1.25,0.27000099420547485,ID16806,False,0.22848394227936958,ID21356,3.120770101547241,ID90,0.019782341029446364
0.5,1.5,0.27000099420547485,ID16806,False,0.2224078521454887,ID21356,2.665004377365112,ID54,0.0
0.5,1.75,0.27000102400779724,ID16806,False,0.20267834005385102,ID21484,3.3610922145843505,ID485,0.0
0.5,2.0,0.27000105381011963,ID16806,False,0.03081599816291919,ID21250,3.0799974250793456,ID200,0.0
0.5,2.25,0.270001083612442,ID16806,True,0.0,ID16806,3.0899969387054442,ID1205,0.0
0.5,2.5,0.2700008749961853,ID19659,True,0.0,ID19659,3.1169816303253173,ID160,0.0
0.5,2.75,0.2700009047985077,ID20105,False,0.09276634266551778,ID19649,3.319997673034668,ID220,0.019782341029446364
0.5,3.0,0.43000105023384094,ID19649,True,0.0,ID19649,3.159996871948242,ID220,0.019782341029446364
0.5,3.25,0.43000108003616333,ID16894,True,2.5822836813294003e-08,ID16894,3.159996871948242,ID220,0.0
0.5,3.5,0.4300011098384857,ID16894,True,0.0,ID16894,3.0299972343444823,ID152,0.0
0.5,3.75,0.4300011396408081,ID16894,True,2.5822836813294003e-08,ID16894,3.159996871948242,ID144,0.0
0.5,4.0,0.4300011396408081,ID16894,False,0.004090693443646598,ID21655,3.159996871948242,ID144,0.0
0.5,4.25,0.4300011992454529,ID16894,False,0.2539869314617104,ID21655,3.159996871948242,ID144,0.0
0.5,4.5,0.4300011992454529,ID16894,False,0.34,ID21655,0.5238310146331787,ID21655,0.0
0.5,4.75,0.4300011992454529,ID19649,False,0.34,ID21655,0.6680027294158936,ID21655,0.0
0.5,5.0,0.43000125885009766,ID16854,False,0.34,ID21655,0.6711509275436401,ID21655,0.019782341029446364
0.5,5.25,0.43000125885009766,ID16854,False,0.3143196727695761,ID21655,3.0699967193603515,ID124,0.0
0.5,5.5,0.43000125885009766,ID16854,False,0.09797949961201924,ID21655,2.7903715419769286,ID124,0.0
0.5,5.75,0.43000131845474243,ID16854,True,2.582275321350025e-08,ID16854,2.674800043106079,ID989,0.019782341029446364
0.5,6.0,0.4300013482570648,ID16854,True,0.0,ID16854,2.5592283058166503,ID124,0.0
0.5,6.25,0.43000131845474243,ID19865,False,0.13004954874364735,ID19639,2.4436570453643798,ID124,0.0
0.5,6.5,-0.6799986362457275,ID19639,False,0.3299501802347082,ID20505,1.8926421451568602,ID20485,0.0
0.5,6.75,-0.6799986362457275,ID19639,False,0.07995017776642027,ID20505,3.529996280670166,ID116,0.0
0.5,7.0,-0.6799986362457275,ID19639,True,0.0,ID19639,3.529996519088745,ID116,0.0
0.5,7.25,-0.6799986362457275,ID19639,True,5.869304420258459e-08,ID19639,3.529996280670166,ID116,0.0
0.5,7.5,-0.6799986362457275,ID19639,True,5.869304420258459e-08,ID19639,3.529996042251587,ID116,0.0
0.5,7.75,-0.6799986362457275,ID19639,True,5.8693048088365174e-08,ID19639,3.529996042251587,ID116,0.0
0.5,8.0,-0.679998517036438,ID19639,False,0.19975898488841418,ID19639,3.529996042251587,ID116,0.0
0.75,-8.0,0.3100000321865082,ID20721,False,0.21262141551587058,ID1471,2.539998893737793,ID116,0.0
0.75,-7.75,0.31000006198883057,ID20721,True,5.8693049420632804e-08,ID20721,2.5399986553192138,ID116,0.0
0.75,-7.5,0.31000009179115295,ID20721,True,2.5822836813294003e-08,ID20721,2.539998893737793,ID116,0.0
0.75,-7.25,0.31000015139579773,ID19649,True,0.0,ID19649,2.539998893737793,ID116,0.0
0.75,-7.0,-0.019999802112579346,ID16838,False,0.09511508375380523,ID19649,2.8699988174438475,ID116,0.0
0.75,-6.75,-0.01999986171722412,ID16838,True,2.5822836813294003e-08,ID16838,2.8699985790252684,ID116,0.0
0.75,-6.5,-0.01999986171722412,ID20115,True,0.0,ID20115,2.8699985790252684,ID116,0.0
0.75,-6.25,-0.019999802112579346,ID16862,True,0.0,ID16862,2.886716728210449,ID124,0.019782341029446364
0.75,-6.0,-0.01999974250793457,ID16862,True,0.0,ID16862,3.0022877502441405,ID124,0.019782341029446364
0.75,-5.75,-0.019999682903289795,ID16862,True,0.0,ID16862,3.117859010696411,ID765,0.019782341029446364
0.75,-5.5,-0.01999974250793457,ID16862,True,2.5822836813294003e-08,ID16862,3.2334302711486815,ID124,0.019782341029446364
0.75,-5.25,-0.019999682903289795,ID16862,True,0.0,ID16862,3.349001531600952,ID124,0.019782341029446364
0.75,-5.0,-0.01999974250793457,ID20055,True,0.0,ID20055,3.5199986743927,ID124,0.0
0.75,-4.75,-0.019999682903289795,ID20115,True,0.0,ID20115,3.5199986743927,ID124,0.0
0.75,-4.5,-0.019999802112579346,ID19985,True,8.060652623154141e-08,ID19985,3.579554681777954,ID144,0.0
0.75,-4.25,-0.019999682903289795,ID20115,True,0.0,ID20115,3.6099978733062743,ID144,0.0
0.75,-4.0,-0.01999962329864502,ID16926,True,2.5822836813294003e-08,ID16926,3.6099983501434325,ID144,0.0
0.75,-3.75,-0.019999563694000244,ID16926,True,0.0,ID16926,3.6099983501434325,ID144,0.0
0.75,-3.5,-0.019999563694000244,ID16926,True,0.0,ID16926,3.4799982357025145,ID152,0.0
0.75,-3.25,-0.01999962329864502,ID20115,True,0.0,ID20115,3.6099985885620116,ID220,0.0
0.75,-3.0,-0.01999950408935547,ID16886,True,0.0,ID16886,3.6099981117248534,ID220,0.019782341029446364
0.75,-2.75,-0.01999950408935547,ID16886,True,2.5822831595245788e-08,ID16886,3.609997634887695,ID220,0.019782341029446364
0.75,-2.5,-0.019999444484710693,ID16886,True,0.0,ID16886,3.451890592575073,ID160,0.0
0.75,-2.25,-0.01999950408935547,ID19975,True,0.0,ID19975,3.369997625350952,ID200,0.0
0.75,-2.0,-0.01999950408935547,ID20115,True,0.0,ID20115,3.379998092651367,ID997,0.0
0.75,-1.75,-0.019999384880065918,ID16814,True,0.0,ID16814,3.493468885421753,ID485,0.0
0.75,-1.5,-0.019999384880065918,ID16814,True,0.0,ID16814,3.0350710201263427,ID54,0.0
0.75,-1.25,-0.019999384880065918,ID16814,True,2.5822831595245788e-08,ID16814,2.9499973106384276,ID54,0.0
0.75,-1.0,-0.019999384880065918,ID16814,True,5.869304420258459e-08,ID16814,3.3012307929992675,ID90,0.0
0.75,-0.75,-0.019999265670776367,ID16814,True,0.0,ID16814,3.148796682357788,ID90,0.019782341029446364
0.75,-0.5,-0.019999384880065918,ID20025,True,0.0,ID20025,3.052163486480713,ID90,0.019782341029446364
0.75,-0.25,-0.019999325275421143,ID20115,True,0.0,ID20115,3.034375076293945,ID108,0.0
0.75,0.0,-0.019999325275421143,ID20065,False,0.04604318402865104,ID21920,3.060997848510742,ID108,0.019782341029446364
0.75,0.25,-0.019999206066131592,ID20065,False,0.2940571319386975,ID21920,3.032562141418457,ID108,0.0
0.75,0.5,0.270000696182251,ID20085,False,0.34,ID21014,0.5343267965316773,ID20991,0.0
0.75,0.75,0.27000096440315247,ID16806,False,0.34,ID20991,0.5343263792991638,ID20991,0.0
0.75,1.0,0.27000096440315247,ID16806,False,0.34,ID21014,0.5465472388267517,ID21014,0.0
0.75,1.25,0.5833292007446289,ID21356,False,0.21158392099177237,ID21356,0.039052751958370206,ID21442,6.301451502480064
0.75,1.5,0.5962316989898682,ID21442,False,0.1991299067519326,ID21492,0.03401291847229004,ID21442,6.848050612894264
0.75,1.75,0.27000102400779724,ID16806,False,0.34,ID21250,0.7250684547424316,ID21250,0.0
0.75,2.0,0.270001083612442,ID16806,False,0.1523425385066401,ID21250,3.0899971771240233,ID1053,0.0
0.75,2.25,0.2700008153915405,ID20085,True,5.869304420258459e-08,ID20085,3.0799971866607665,ID200,0.0
0.75,2.5,0.2700008451938629,ID20105,True,2.582080965707334e-08,ID20105,3.1678599166870116,ID160,0.0
0.75,2.75,0.2700009047985077,ID20105,False,0.06604319273018594,ID19649,3.3199974346160888,ID220,0.0
0.75,3.0,0.43000105023384094,ID19649,True,0.0,ID19649,3.159996871948242,ID220,0.0
0.75,3.25,0.43000108003616333,ID16894,True,2.5822836813294003e-08,ID16894,3.1599973487854003,ID220,0.0
0.75,3.5,0.4300011098384857,ID16894,True,0.0,ID16894,3.029996757507324,ID152,0.0
0.75,3.75,0.4300011396408081,ID16894,True,2.5822831595245788e-08,ID16894,3.159996633529663,ID144,0.0
0.75,4.0,0.4300011396408081,ID16894,True,5.8692526949677415e-08,ID16894,3.159997110366821,ID144,0.0
0.75,4.25,0.4300011992454529,ID16894,False,0.17656167793207153,ID21655,3.159997110366821,ID144,0.0
0.75,4.5,0.4300011992454529,ID16894,False,0.18789636248546446,ID21655,3.129549865722656,ID144,0.0
0.75,4.75,0.4300011992454529,ID19649,False,0.1631661236414183,ID21655,3.0699964809417724,ID124,0.019782341029446364
0.75,5.0,0.43000125885009766,ID16854,False,0.13843590854782648,ID21655,3.0699967193603515,ID124,0.0
0.75,5.25,0.43000125885009766,ID16854,False,0.08839718909144517,ID21655,2.8989998149871825,ID124,0.019782341029446364
0.75,5.5,0.43000131845474243,ID16854,True,0.0,ID16854,2.783428554534912,ID124,0.0
0.75,5.75,0.43000128865242004,ID16854,True,2.5822418869836383e-08,ID16854,2.6678568172454833,ID989,0.019782341029446364
0.75,6.0,0.43000131845474243,ID16854,True,2.5822831595245788e-08,ID16854,2.5522850799560546,ID124,0.0
0.75,6.25,0.43000131845474243,ID19865,False,0.13004954874364735,ID19639,2.436713819503784,ID124,0.0
0.75,6.5,-0.6799986362457275,ID19639,False,0.29995044700303725,ID19649,1.7709006118774413,ID20485,0.0
0.75,6.75,-0.6799986362457275,ID19639,False,0.049950444061318044,ID19649,3.529996280670166,ID116,0.0
0.75,7.0,-0.679998517036438,ID19639,True,0.0,ID19639,3.529996519088745,ID116,0.0
0.75,7.25,-0.6799986362457275,ID19639,True,5.8693049420632804e-08,ID19639,3.529996519088745,ID116,0.0
0.75,7.5,-0.679998517036438,ID19639,True,0.0,ID19639,3.529996042251587,ID116,0.0
0.75,7.75,-0.6799986362457275,ID19639,True,5.8693049420632804e-08,ID19639,3.529996280670166,ID116,0.0
0.75,8.0,-0.6799983978271484,ID19639,False,0.21262216956880517,ID19639,3.5299958038330077,ID116,0.0
1.0,-8.0,0.31000009179115295,ID19649,False,0.22761415640989507,ID1471,2.539998893737793,ID116,0.0
1.0,-7.75,0.31000009179115295,ID20721,True,0.0,ID20721,2.5399986553192138,ID116,0.0
1.0,-7.5,0.31000009179115295,ID20721,True,2.5822502469630138e-08,ID20721,2.5399986553192138,ID116,0.0
1.0,-7.25,0.31000015139579773,ID19649,True,0.0,ID19649,2.5399986553192138,ID116,0.0
1.0,-7.0,-0.01999986171722412,ID16838,False,0.11009381197783372,ID19709,2.8699988174438475,ID116,0.0
1.0,-6.75,-0.01999986171722412,ID16838,True,2.5822836813294003e-08,ID16838,2.8699985790252684,ID116,0.0
1.0,-6.5,-0.01999986171722412,ID20115,True,0.0,ID20115,2.8699985790252684,ID116,0.0
1.0,-6.25,-0.019999802112579346,ID16862,True,0.0,ID16862,2.879136686325073,ID124,0.019782341029446364
1.0,-6.0,-0.01999974250793457,ID16862,True,0.0,ID16862,2.9939976978302,ID124,0.019782341029446364
1.0,-5.75,-0.019999682903289795,ID16862,True,0.0,ID16862,3.1088579940795897,ID765,0.019782341029446364
1.0,-5.5,-0.019999682903289795,ID16862,True,0.0,ID16862,3.2237187671661376,ID124,0.019782341029446364
1.0,-5.25,-0.019999682903289795,ID16862,True,0.0,ID16862,3.3385793018341063,ID124,0.019782341029446364
1.0,-5.0,-0.019999802112579346,ID20055,True,2.5822836813294003e-08,ID20055,3.5199986743927,ID124,0.0
1.0,-4.75,-0.01999974250793457,ID20115,True,0.0,ID20115,3.519998435974121,ID124,0.0
1.0,-4.5,-0.01999974250793457,ID20115,True,2.5822836813294003e-08,ID20115,3.5332588005065917,ID144,0.0
1.0,-4.25,-0.01999974250793457,ID20045,True,2.5822836813294003e-08,ID20045,3.6099981117248534,ID144,0.0
1.0,-4.0,-0.019999563694000244,ID16926,True,0.0,ID16926,3.6099981117248534,ID144,0.0
1.0,-3.75,-0.01999950408935547,ID16926,True,0.0,ID16926,3.6099981117248534,ID144,0.0
1.0,-3.5,-0.01999962329864502,ID20115,True,0.0,ID20115,3.4799984741210936,ID152,0.0
1.0,-3.25,-0.01999950408935547,ID16886,True,0.0,ID16886,3.6099981117248534,ID220,0.019782341029446364
1.0,-3.0,-0.019999444484710693,ID16886,True,0.0,ID16886,3.6099981117248534,ID220,0.0
1.0,-2.75,-0.019999444484710693,ID16886,True,0.0,ID16886,3.6099981117248534,ID220,0.0
1.0,-2.5,-0.019999384880065918,ID16886,True,0.0,ID16886,3.52107871055603,ID160,0.0
1.0,-2.25,-0.01999950408935547,ID20115,True,0.0,ID20115,3.369997863769531,ID160,0.0
1.0,-2.0,-0.019999444484710693,ID16814,True,2.5822836813294003e-08,ID16814,3.3799973773956298,ID997,0.0
1.0,-1.75,-0.019999444484710693,ID16814,True,2.5822810667541773e-08,ID16814,3.3699981021881102,ID212,0.0
1.0,-1.5,-0.019999325275421143,ID16814,True,0.0,ID16814,3.700801019668579,ID485,0.0
1.0,-1.25,-0.019999325275421143,ID16814,True,0.0,ID16814,2.968092803955078,ID54,0.019782341029446364
1.0,-1.0,-0.019999325275421143,ID16814,True,0.0,ID16814,2.949997787475586,ID54,0.019782341029446364
1.0,-0.75,-0.019999325275421143,ID16814,True,0.0,ID16814,3.3017894077301024,ID90,0.019782341029446364
1.0,-0.5,-0.019999265670776367,ID20115,True,0.0,ID20115,3.1899753856658934,ID90,0.0
1.0,-0.25,-0.019999325275421143,ID20075,True,0.0,ID20075,3.1299401569366454,ID90,0.0
1.0,0.0,-0.019999325275421143,ID20065,False,0.012761640523420104,ID21920,3.109433536529541,ID90,0.0
1.0,0.25,-0.019999265670776367,ID20065,False,0.2594823089949426,ID21920,3.1312240409851073,ID90,0.0
1.0,0.5,0.270000696182251,ID19659,False,0.34,ID20991,0.5433182764053345,ID20991,0.0
1.0,0.75,0.2700009346008301,ID16806,False,0.34,ID20991,0.543317859172821,ID20991,0.0
1.0,1.0,0.27000096440315247,ID16806,False,0.34,ID21014,0.5465471792221069,ID21014,0.0
1.0,1.25,0.5832602977752686,ID21270,False,0.14105498773910946,ID21014,0.03902711078524589,ID21442,5.9714971384110305
1.0,1.5,0.5961372256278992,ID21270,False,0.19915836944980836,ID21492,0.03394036285579204,ID21442,5.9714314844341185
1.0,1.75,0.270001083612442,ID16806,False,0.34,ID21258,0.7250682759284973,ID21258,0.0
1.0,2.0,0.27000078558921814,ID20085,False,0.15241042568094618,ID21250,3.0899974155426024,ID1053,0.0
1.0,2.25,0.2700008153915405,ID20105,True,5.8693049420632804e-08,ID20105,3.0799971866607665,ID160,0.0
1.0,2.5,0.2700011134147644,ID16846,True,0.0,ID16846,3.2368477630615233,ID160,0.0
1.0,2.75,0.2700011134147644,ID16846,False,0.025682731856684793,ID19649,3.3199967193603515,ID220,0.0
1.0,3.0,0.2700008749961853,ID19659,False,0.15931746110055384,ID19649,3.3199974346160888,ID220,0.0
1.0,3.25,0.43000108003616333,ID16894,True,2.5822836813294003e-08,ID16894,3.159996871948242,ID220,0.0
1.0,3.5,0.43000108003616333,ID16894,True,5.869304420258459e-08,ID16894,3.029996995925903,ID152,0.0
1.0,3.75,0.4300011396408081,ID16894,True,2.5822831595245788e-08,ID16894,3.159996871948242,ID144,0.0
1.0,4.0,0.4300011396408081,ID16894,True,5.869270980340957e-08,ID16894,3.159997110366821,ID144,0.0
1.0,4.25,0.4300011694431305,ID16894,True,0.0,ID16894,3.159996633529663,ID144,0.0
1.0,4.5,0.4300011992454529,ID16894,True,2.5822836813294003e-08,ID16894,3.083251838684082,ID144,0.0
1.0,4.75,0.4300011992454529,ID19865,True,2.5822836813294003e-08,ID19865,3.0699967193603515,ID124,0.0
1.0,5.0,0.43000125885009766,ID16854,True,2.5822836813294003e-08,ID16854,3.0699964809417724,ID124,0.0
1.0,5.25,0.43000125885009766,ID16854,True,2.582275321350025e-08,ID16854,2.888577585220337,ID124,0.0
1.0,5.5,0.43000128865242004,ID16854,True,0.0,ID16854,2.77371657371521,ID124,0.0
1.0,5.75,0.43000131845474243,ID16854,True,2.5822836813294003e-08,ID16854,2.6588550853729247,ID989,0.0
1.0,6.0,0.43000131845474243,ID16854,True,2.5822836813294003e-08,ID16854,2.543994550704956,ID124,0.0
1.0,6.25,0.43000131845474243,ID19865,False,0.13004954874364735,ID19639,2.429133777618408,ID124,0.0
1.0,6.5,-0.6799986362457275,ID19639,False,0.29995044700303725,ID19649,1.6491593170166015,ID20485,0.0
1.0,6.75,-0.6799986362457275,ID19639,False,0.049950444061318044,ID19639,3.529996280670166,ID116,0.0
1.0,7.0,-0.6799986362457275,ID19639,True,0.0,ID19639,3.529996280670166,ID116,0.0
1.0,7.25,-0.6799986362457275,ID19639,True,5.8692715021457786e-08,ID19639,3.529996042251587,ID116,0.0
1.0,7.5,-0.6799986362457275,ID19639,True,5.8692715021457786e-08,ID19639,3.529996042251587,ID116,0.0
1.0,7.75,-0.679998517036438,ID19639,True,0.0,ID19639,3.5299958038330077,ID116,0.0
1.0,8.0,-0.679998517036438,ID19639,False,0.22761323916501036,ID19639,3.5299958038330077,ID116,0.0
1.25,-8.0,0.31000006198883057,ID19649,False,0.24830814663576745,ID1471,2.539998893737793,ID116,0.0
1.25,-7.75,0.31000006198883057,ID20721,True,5.869302849292879e-08,ID20721,2.5399986553192138,ID116,0.0
1.25,-7.5,0.31000009179115295,ID20721,True,0.0,ID20721,2.539998893737793,ID116,0.0
1.25,-7.25,0.31000012159347534,ID19649,True,5.8693049420632804e-08,ID19649,2.539998893737793,ID116,0.0
1.25,-7.0,-0.019999802112579346,ID16838,False,0.13397432722722588,ID19709,2.8699985790252684,ID116,0.0
1.25,-6.75,-0.019999980926513672,ID20005,True,5.869302849292879e-08,ID20005,2.8699985790252684,ID116,0.0
1.25,-6.5,-0.019999921321868896,ID20055,True,2.582275321350025e-08,ID20055,2.8699985790252684,ID116,0.0
1.25,-6.25,-0.01999974250793457,ID16862,True,0.0,ID16862,2.8699981021881102,ID116,0.019782341029446364
1.25,-6.0,-0.01999974250793457,ID16862,True,0.0,ID16862,2.9824541854858397,ID124,0.019782341029446364
1.25,-5.75,-0.019999802112579346,ID20055,True,0.0,ID20055,3.0973149585723876,ID893,0.0
1.25,-5.5,-0.019999802112579346,ID20115,True,0.0,ID20115,3.2121752548217772,ID124,0.0
1.25,-5.25,-0.01999974250793457,ID19995,True,0.0,ID19995,3.3265351104736327,ID124,0.0
1.25,-5.0,-0.019999802112579346,ID19995,True,2.5822481541926123e-08,ID19995,3.519998435974121,ID124,0.0
1.25,-4.75,-0.01999962329864502,ID16918,True,0.0,ID16918,3.519998435974121,ID124,0.0
1.25,-4.5,-0.01999962329864502,ID16918,True,0.0,ID16918,3.519998435974121,ID124,0.0
1.25,-4.25,-0.019999682903289795,ID19995,True,0.0,ID19995,3.6099983501434325,ID144,0.019782341029446364
1.25,-4.0,-0.019999682903289795,ID20115,True,0.0,ID20115,3.6099985885620116,ID144,0.0
1.25,-3.75,-0.01999962329864502,ID20115,True,0.0,ID20115,3.6099985885620116,ID144,0.0
1.25,-3.5,-0.019999563694000244,ID16886,True,0.0,ID16886,3.4799982357025145,ID152,0.019782341029446364
1.25,-3.25,-0.01999950408935547,ID16886,True,0.0,ID16886,3.6099981117248534,ID220,0.0
1.25,-3.0,-0.01999950408935547,ID16886,True,0.0,ID16886,3.6099981117248534,ID220,0.0
1.25,-2.75,-0.019999444484710693,ID16886,True,0.0,ID16886,3.6099981117248534,ID220,0.0
1.25,-2.5,-0.019999563694000244,ID20115,True,2.582281594110114e-08,ID20115,3.6062845039367675,ID160,0.0
1.25,-2.25,-0.019999444484710693,ID16814,True,0.0,ID16814,3.421736125946045,ID160,0.0
1.25,-2.0,-0.019999384880065918,ID16814,True,0.0,ID16814,3.379997615814209,ID1061,0.0
1.25,-1.75,-0.019999384880065918,ID16814,True,0.0,ID16814,3.379997615814209,ID1061,0.019782341029446364
1.25,-1.5,-0.019999325275421143,ID16814,True,0.0,ID16814,3.3884714889526366,ID485,0.019782341029446364
1.25,-1.25,-0.019999325275421143,ID16814,True,0.0,ID16814,3.115851526260376,ID54,0.019782341029446364
1.25,-1.0,-0.019999265670776367,ID16814,True,0.0,ID16814,2.9685796546936034,ID54,0.019782341029446364
1.25,-0.75,-0.019999325275421143,ID20115,True,0.0,ID20115,2.949997787475586,ID54,0.0
1.25,-0.5,-0.019999384880065918,ID20075,True,0.0,ID20075,3.4046765613555907,ID90,0.0
1.25,-0.25,-0.019999265670776367,ID20075,True,0.0,ID20075,3.3285046863555907,ID90,0.0
1.25,0.0,-0.019999325275421143,ID20065,True,0.0,ID20065,3.3035060214996337,ID90,0.0
1.25,0.25,-0.019999265670776367,ID20065,False,0.21577708537332332,ID21920,3.329688196182251,ID90,0.0
1.25,0.5,0.2700006663799286,ID19659,False,0.34,ID21920,0.5710380125045776,ID21920,0.0
1.25,0.75,0.27000096440315247,ID16806,False,0.34,ID20991,0.5523090410232544,ID20991,0.0
1.25,1.0,0.27000099420547485,ID16806,False,0.34,ID20991,0.5523088026046753,ID20991,0.0
1.25,1.25,0.27000102400779724,ID16806,False,0.34,ID21270,0.376025025844574,ID21270,0.0
1.25,1.5,,,False,,,,,
1.25,1.75,0.27000102400779724,ID16806,False,0.31712648702948876,ID21250,3.0899971771240233,ID1021,0.0
1.25,2.0,0.2700008153915405,ID19659,False,0.1245796454818009,ID21250,3.0899974155426024,ID1021,0.019782341029446364
1.25,2.25,0.270001083612442,ID16846,True,0.0,ID16846,3.1372414875030517,ID160,0.0
1.25,2.5,0.2700011134147644,ID16846,True,2.5822836813294003e-08,ID16846,3.3199974346160888,ID220,0.0
1.25,2.75,0.2700011432170868,ID16846,True,0.0,ID16846,3.3199971961975097,ID220,0.0
1.25,3.0,0.2700009047985077,ID19659,False,0.14121443256344318,ID19649,3.3199974346160888,ID220,0.0
1.25,3.25,0.43000108003616333,ID19875,True,2.582275321350025e-08,ID19875,3.159996633529663,ID220,0.0
1.25,3.5,0.4300011396408081,ID16894,True,0.0,ID16894,3.0299972343444823,ID152,0.0
1.25,3.75,0.4300011396408081,ID16894,True,2.5822836813294003e-08,ID16894,3.159996871948242,ID144,0.0
1.25,4.0,0.4300011694431305,ID16894,True,0.0,ID16894,3.159996633529663,ID144,0.0
1.25,4.25,0.4300011992454529,ID16894,True,0.0,ID16894,3.159997110366821,ID144,0.0
1.25,4.5,0.4300011694431305,ID19875,True,0.0,ID19875,3.0699967193603515,ID124,0.0
1.25,4.75,0.4300011992454529,ID19865,True,2.5822836813294003e-08,ID19865,3.0699962425231933,ID124,0.019782341029446364
1.25,5.0,0.43000125885009766,ID16854,True,2.5822502469630138e-08,ID16854,3.0699964809417724,ID124,0.0
1.25,5.25,0.43000125885009766,ID16854,True,2.582216807045512e-08,ID16854,2.876533393859863,ID124,0.0
1.25,5.5,0.43000128865242004,ID16854,True,0.0,ID16854,2.7621735382080077,ID124,0.0
1.25,5.75,0.43000131845474243,ID16854,True,2.5822836813294003e-08,ID16854,2.6473125267028808,ID933,0.0
1.25,6.0,0.43000131845474243,ID16854,True,2.5822836813294003e-08,ID16854,2.532451992034912,ID124,0.0
1.25,6.25,0.43000131845474243,ID19865,False,0.13004954874364735,ID20485,2.41999662399292,ID116,0.0
1.25,6.5,-0.679998517036438,ID19639,False,0.29995044700303725,ID19649,1.527417902946472,ID20485,0.0
1.25,6.75,-0.679998517036438,ID19639,False,0.08071529591046628,ID20485,3.529996519088745,ID116,0.0
1.25,7.0,-0.679998517036438,ID19639,True,0.0,ID19639,3.529996519088745,ID116,0.0
1.25,7.25,-0.679998517036438,ID19639,True,0.0,ID19639,3.529996280670166,ID116,0.0
1.25,7.5,-0.679998517036438,ID19639,True,0.0,ID19639,3.529996042251587,ID116,0.0
1.25,7.75,-0.679998517036438,ID19639,True,0.0,ID19639,3.529996042251587,ID116,0.0
1.25,8.0,-0.679998517036438,ID19639,False,0.24830717310762024,ID19639,3.529996042251587,ID116,0.0
1.5,-8.0,0.31000006198883057,ID19649,False,0.27330620578124576,ID1471,2.539999132156372,ID116,0.0
1.5,-7.75,0.31000009179115295,ID20721,False,0.024559075655864127,ID1471,2.5399986553192138,ID116,0.0
1.5,-7.5,0.31000012159347534,ID20721,True,2.5822836813294003e-08,ID20721,2.5399986553192138,ID116,0.0
1.5,-7.25,0.31000012159347534,ID19649,True,5.8693049420632804e-08,ID19649,2.5399986553192138,ID116,0.0
1.5,-7.0,-0.01999986171722412,ID16838,False,0.15893938682390646,ID19709,2.8699988174438475,ID116,0.0
1.5,-6.75,-0.01999986171722412,ID20115,True,0.0,ID20115,2.8699985790252684,ID116,0.0
1.5,-6.5,-0.01999986171722412,ID20055,True,0.0,ID20055,2.8699985790252684,ID116,0.0
1.5,-6.25,-0.01999986171722412,ID20115,True,0.0,ID20115,2.8699985790252684,ID116,0.0
1.5,-6.0,-0.01999986171722412,ID19995,True,0.0,ID19995,2.969036464691162,ID124,0.0
1.5,-5.75,-0.01999986171722412,ID19995,True,2.5822836813294003e-08,ID19995,3.0828357982635497,ID893,0.0
1.5,-5.5,-0.01999974250793457,ID16918,True,2.5822836813294003e-08,ID16918,3.1966348934173583,ID124,0.0
1.5,-5.25,-0.019999682903289795,ID16918,True,0.0,ID16918,3.3104351806640624,ID124,0.0
1.5,-5.0,-0.019999682903289795,ID16918,True,0.0,ID16918,3.5199986743927,ID124,0.0
1.5,-4.75,-0.019999682903289795,ID16918,True,2.5822836813294003e-08,ID16918,3.519998197555542,ID124,0.0
1.5,-4.5,-0.019999682903289795,ID16918,True,2.582281594110114e-08,ID16918,3.5199986743927,ID124,0.0
1.5,-4.25,-0.019999682903289795,ID16918,True,5.8693049420632804e-08,ID16918,3.6099985885620116,ID144,0.0
1.5,-4.0,-0.019999682903289795,ID20115,True,0.0,ID20115,3.6099981117248534,ID144,0.0
1.5,-3.75,-0.019999682903289795,ID19965,True,2.5822836813294003e-08,ID19965,3.6099981117248534,ID144,0.0
1.5,-3.5,-0.019999563694000244,ID20115,True,0.0,ID20115,3.4799979972839354,ID152,0.0
1.5,-3.25,-0.01999962329864502,ID19975,True,0.0,ID19975,3.6099985885620116,ID220,0.0
1.5,-3.0,-0.019999444484710693,ID16886,True,0.0,ID16886,3.6099981117248534,ID220,0.0
1.5,-2.75,-0.019999563694000244,ID20115,True,0.0,ID20115,3.6099981117248534,ID220,0.0
1.5,-2.5,-0.019999384880065918,ID16814,True,0.0,ID16814,3.609997634887695,ID220,0.0
1.5,-2.25,-0.019999444484710693,ID16814,True,0.0,ID16814,3.531022434234619,ID160,0.019782341029446364
1.5,-2.0,-0.019999444484710693,ID16814,True,2.5822836813294003e-08,ID16814,3.369997863769531,ID160,0.019782341029446364
1.5,-1.75,-0.019999325275421143,ID16814,True,0.0,ID16814,3.379997615814209,ID1061,0.019782341029446364
1.5,-1.5,-0.019999325275421143,ID16814,True,0.0,ID16814,3.3799973773956298,ID1165,0.019782341029446364
1.5,-1.25,-0.019999325275421143,ID16814,True,0.0,ID16814,3.3873230266571044,ID485,0.019782341029446364
1.5,-1.0,-0.019999384880065918,ID20025,True,0.0,ID20025,3.698517208099365,ID485,0.019782341029446364
1.5,-0.75,-0.019999384880065918,ID20115,True,0.0,ID20115,3.036511306762695,ID54,0.0
1.5,-0.5,-0.019999325275421143,ID16902,True,2.5822836813294003e-08,ID16902,2.9507478523254393,ID54,0.0
1.5,-0.25,-0.019999206066131592,ID16902,True,0.0,ID16902,2.9499973106384276,ID54,0.0
1.5,0.0,-0.019999384880065918,ID20115,True,5.8693048143876325e-08,ID20115,2.9499975490570067,ID54,0.0
1.5,0.25,-0.019999325275421143,ID20065,False,0.19276991317409672,ID21920,2.9499973106384276,ID54,0.0
1.5,0.5,-0.019999325275421143,ID20065,False,0.34,ID21920,0.8558266806602478,ID21920,0.0
1.5,0.75,0.27000072598457336,ID19659,False,0.34,ID20991,0.561300699710846,ID20991,0.0
1.5,1.0,0.27000096440315247,ID16806,False,0.34,ID20991,0.5613002228736877,ID20991,0.0
1.5,1.25,0.27000099420547485,ID16806,False,0.1498324354492731,ID21014,3.0875450420379638,ID485,0.0
1.5,1.5,0.27000102400779724,ID16806,False,0.12266880557951748,ID21270,3.0899974155426024,ID965,0.0
1.5,1.75,0.27000078558921814,ID19659,False,0.10297565217514196,ID21250,3.0899971771240233,ID1021,0.0
1.5,2.0,0.2700008153915405,ID20105,True,2.5822836813294003e-08,ID20105,3.0799974250793456,ID160,0.0
1.5,2.25,0.270001083612442,ID16846,True,0.0,ID16846,3.2462047386169433,ID160,0.0
1.5,2.5,0.2700011134147644,ID16846,True,2.5822836813294003e-08,ID16846,3.3199971961975097,ID220,0.0
1.5,2.75,0.2700011432170868,ID16846,True,0.0,ID16846,3.3199971961975097,ID220,0.0
1.5,3.0,0.2700009047985077,ID20105,False,0.0826073103909778,ID19649,3.3199971961975097,ID220,0.0
1.5,3.25,0.43000108003616333,ID19649,True,0.0,ID19649,3.159996871948242,ID220,0.0
1.5,3.5,0.4300011396408081,ID16894,True,2.5822836813294003e-08,ID16894,3.029996757507324,ID152,0.0
1.5,3.75,0.4300011396408081,ID16894,True,2.5822836813294003e-08,ID16894,3.159996633529663,ID144,0.0
1.5,4.0,0.4300011694431305,ID16894,True,0.0,ID16894,3.159996395111084,ID144,0.019782341029446364
1.5,4.25,0.4300011992454529,ID16894,True,2.5822836813294003e-08,ID16894,3.159996871948242,ID144,0.0
1.5,4.5,0.4300011694431305,ID19875,True,0.0,ID19875,3.0699967193603515,ID124,0.0
1.5,4.75,0.4300011992454529,ID19865,True,2.5822836813294003e-08,ID19865,3.0699967193603515,ID124,0.0
1.5,5.0,0.43000125885009766,ID16854,True,2.5822418869836383e-08,ID16854,3.0699969577789306,ID124,0.0
1.5,5.25,0.43000128865242004,ID16854,True,0.0,ID16854,2.8604327487945556,ID124,0.0
1.5,5.5,0.43000131845474243,ID16854,True,0.0,ID16854,2.7466329383850097,ID124,0.0
1.5,5.75,0.43000131845474243,ID16854,True,2.5822836813294003e-08,ID16854,2.632833604812622,ID933,0.0
1.5,6.0,0.4300013482570648,ID16854,True,0.0,ID16854,2.5190342712402343,ID124,0.0
1.5,6.25,0.43000131845474243,ID19865,False,0.11001498008177402,ID20485,2.41999662399292,ID116,0.0
1.5,6.5,-0.6799986362457275,ID19639,False,0.3362848015015879,ID20485,1.428484444618225,ID20485,0.0
1.5,6.75,-0.6799986362457275,ID19639,False,0.10798508872829751,ID20485,3.529996280670166,ID116,0.0
1.5,7.0,-0.6799986362457275,ID19639,True,0.0,ID19639,3.529996280670166,ID116,0.0
1.5,7.25,-0.6799986362457275,ID19639,True,5.869302849292879e-08,ID19639,3.529996280670166,ID116,0.0
1.5,7.5,-0.6799986362457275,ID19639,True,5.869302849292879e-08,ID19639,3.529996280670166,ID116,0.0
1.5,7.75,-0.679998517036438,ID19639,False,0.024559004059236555,ID19639,3.529996042251587,ID116,0.0
1.5,8.0,-0.6799986362457275,ID19639,False,0.27330620578012044,ID19639,3.529996280670166,ID116,0.0
1.75,-8.0,0.31000009179115295,ID19649,False,0.3017457147564464,ID1471,2.5399986553192138,ID116,0.0
1.75,-7.75,0.31000012159347534,ID20721,False,0.05421060445277842,ID1471,2.5399986553192138,ID116,0.0
1.75,-7.5,0.31000012159347534,ID20721,True,2.5822836813294003e-08,ID20721,2.539998893737793,ID116,0.0
1.75,-7.25,0.31000012159347534,ID19649,True,2.5822836813294003e-08,ID19649,2.5399986553192138,ID116,0.0
1.75,-7.0,-0.019999921321868896,ID20115,False,0.1921646458155245,ID19649,2.8699985790252684,ID116,0.0
1.75,-6.75,-0.019999921321868896,ID20115,True,0.0,ID20115,2.8699988174438475,ID116,0.0
1.75,-6.5,-0.019999921321868896,ID19995,True,2.5822836813294003e-08,ID19995,2.8699988174438475,ID116,0.0
1.75,-6.25,-0.019999802112579346,ID16918,True,0.0,ID16918,2.8699985790252684,ID116,0.0
1.75,-6.0,-0.01999974250793457,ID16918,True,0.0,ID16918,2.9529358196258544,ID124,0.0
1.75,-5.75,-0.01999974250793457,ID16918,True,0.0,ID16918,3.066735153198242,ID124,0.0
1.75,-5.5,-0.01999974250793457,ID16918,True,2.5822836813294003e-08,ID16918,3.17999041557312,ID124,0.0
1.75,-5.25,-0.01999974250793457,ID16918,True,2.582281594110114e-08,ID16918,3.292384271621704,ID124,0.0
1.75,-5.0,-0.019999682903289795,ID16918,True,0.0,ID16918,3.519998435974121,ID124,0.0
1.75,-4.75,-0.01999962329864502,ID16918,True,0.0,ID16918,3.519997959136963,ID124,0.0
1.75,-4.5,-0.019999563694000244,ID16918,True,0.0,ID16918,3.519998435974121,ID124,0.0
1.75,-4.25,-0.01999974250793457,ID20115,True,2.5822836813294003e-08,ID20115,3.6099983501434325,ID144,0.0
1.75,-4.0,-0.019999682903289795,ID19965,False,0.0011242096148818548,ID21832.001,3.6099983501434325,ID144,0.0
1.75,-3.75,-0.019999563694000244,ID16878,True,0.0,ID16878,3.6099983501434325,ID144,0.019782341029446364
1.75,-3.5,-0.01999950408935547,ID16878,True,0.0,ID16878,3.6099983501434325,ID144,0.019782341029446364
1.75,-3.25,-0.01999962329864502,ID19965,True,0.0,ID19965,3.4799982357025145,ID152,0.0
1.75,-3.0,-0.01999962329864502,ID20115,False,0.12586806393214378,ID21484.002,3.6099985885620116,ID220,0.0
1.75,-2.75,-0.019999563694000244,ID20025,False,0.22454206077385996,ID21250.002,3.6099983501434325,ID220,0.0
1.75,-2.5,-0.019999444484710693,ID16814,False,0.1416244322259708,ID21250.002,3.6099978733062743,ID220,0.019782341029446364
1.75,-2.25,-0.019999444484710693,ID16814,True,0.0,ID16814,3.6099978733062743,ID220,0.019782341029446364
1.75,-2.0,-0.019999444484710693,ID16814,True,2.5822836813294003e-08,ID16814,3.491142635345459,ID160,0.019782341029446364
1.75,-1.75,-0.019999325275421143,ID16814,True,0.0,ID16814,3.3699981021881102,ID160,0.019782341029446364
1.75,-1.5,-0.019999325275421143,ID16814,True,0.0,ID16814,3.379997615814209,ID1165,0.019782341029446364
1.75,-1.25,-0.019999325275421143,ID16814,True,0.0,ID16814,3.369997863769531,ID200,0.019782341029446364
1.75,-1.0,-0.019999384880065918,ID20115,True,0.0,ID20115,3.369997625350952,ID212,0.0
1.75,-0.75,-0.019999325275421143,ID16902,True,2.5822732341307386e-08,ID16902,3.4890009212493895,ID485,0.0
1.75,-0.5,-0.019999265670776367,ID16902,True,0.0,ID16902,3.6606103229522704,ID485,0.0
1.75,-0.25,-0.019999265670776367,ID16902,True,0.0,ID16902,3.1174851703643798,ID54,0.0
1.75,0.0,-0.019999325275421143,ID20115,True,0.0,ID20115,3.0638915348052977,ID43,0.019782341029446364
1.75,0.25,-0.019999325275421143,ID20065,False,0.13128756568827138,ID21920,3.118516092300415,ID54,0.0
1.75,0.5,-0.019999265670776367,ID20065,False,0.2519082941420995,ID19659,3.6565889167785643,ID485,0.0
1.75,0.75,0.27000072598457336,ID20095,False,0.34,ID20991,0.5564708757400513,ID20991,0.0
1.75,1.0,0.270000696182251,ID19659,False,0.34,ID20991,0.5564705777168274,ID20991,0.019782341029446364
1.75,1.25,0.27000075578689575,ID20085,False,0.20044172977540453,ID21032,3.0799971866607665,ID200,0.019782341029446364
1.75,1.5,0.27000078558921814,ID20085,True,0.0,ID20085,3.0899974155426024,ID965,0.0
1.75,1.75,0.27000078558921814,ID20105,True,0.0,ID20105,3.0799976634979247,ID160,0.0
1.75,2.0,0.27000105381011963,ID16846,True,2.5822836813294003e-08,ID16846,3.205943946838379,ID160,0.0
1.75,2.25,0.270001083612442,ID16846,True,0.0,ID16846,3.3199969577789306,ID220,0.0
1.75,2.5,0.270001083612442,ID16846,True,2.5822836813294003e-08,ID16846,3.3199974346160888,ID220,0.0
1.75,2.75,0.2700011432170868,ID16846,True,0.0,ID16846,3.3199969577789306,ID220,0.0
1.75,3.0,0.2700011432170868,ID16846,True,0.0,ID16846,3.3199971961975097,ID220,0.0
1.75,3.25,0.2700009047985077,ID19659,False,0.129305797459244,ID19649,3.1899970817565917,ID152,0.0
1.75,3.5,0.43000108003616333,ID19649,True,2.582281594110114e-08,ID19649,3.159996633529663,ID144,0.0
1.75,3.75,0.4300011396408081,ID16894,True,2.582275321350025e-08,ID16894,3.159997110366821,ID144,0.0
1.75,4.0,0.4300011694431305,ID16894,True,0.0,ID16894,3.159997110366821,ID144,0.0
1.75,4.25,0.4300011992454529,ID16894,True,2.5822836813294003e-08,ID16894,3.159996871948242,ID144,0.0
1.75,4.5,0.4300011992454529,ID19649,True,0.0,ID19649,3.0699969577789306,ID124,0.0
1.75,4.75,0.43000125885009766,ID16854,True,0.0,ID16854,3.0699967193603515,ID124,0.0
1.75,5.0,0.43000125885009766,ID16854,True,2.5822836813294003e-08,ID16854,3.0699967193603515,ID124,0.0
1.75,5.25,0.43000128865242004,ID16854,True,0.0,ID16854,2.842381839752197,ID124,0.0
1.75,5.5,0.43000128865242004,ID16854,True,0.0,ID16854,2.7299882221221923,ID124,0.0
1.75,5.75,0.43000131845474243,ID16854,True,2.5822836813294003e-08,ID16854,2.6167329597473143,ID124,0.0
1.75,6.0,0.4300013482570648,ID16854,True,0.0,ID16854,2.5029336261749267,ID124,0.0
1.75,6.25,0.43000131845474243,ID19865,False,0.13004741946682266,ID20485,2.41999662399292,ID116,0.0
1.75,6.5,-0.6799986362457275,ID19639,False,0.29995044700303725,ID19649,3.529996042251587,ID116,0.0
1.75,6.75,-0.6799986362457275,ID19639,False,0.06399590809086236,ID20485,3.529996519088745,ID116,0.0
1.75,7.0,-0.6799986362457275,ID19639,True,0.0,ID19639,3.529996519088745,ID116,0.0
1.75,7.25,-0.6799986362457275,ID19639,True,5.8693049420632804e-08,ID19639,3.529996519088745,ID116,0.0
1.75,7.5,-0.679998517036438,ID19639,True,0.0,ID19639,3.529996042251587,ID116,0.0
1.75,7.75,-0.679998517036438,ID19639,False,0.0542100620713733,ID19639,3.529996042251587,ID116,0.0
1.75,8.0,-0.679998517036438,ID19639,False,0.3017449536824673,ID19639,3.529996042251587,ID116,0.0
2.0,-8.0,0.31000006198883057,ID19649,False,0.33676662577181554,ID1471,2.539998893737793,ID116,0.0
2.0,-7.75,0.31000012159347534,ID20721,False,0.08923154932855337,ID1471,2.539998893737793,ID116,0.0
2.0,-7.5,0.31000015139579773,ID20721,True,0.0,ID20721,2.539998893737793,ID116,0.0
2.0,-7.25,0.3100001811981201,ID20721,True,0.0,ID20721,2.539998893737793,ID116,0.0
2.0,-7.0,-0.01999986171722412,ID16870,False,0.22708099188563396,ID19649,2.8699988174438475,ID116,0.0
2.0,-6.75,-0.01999986171722412,ID16870,True,2.5822836813294003e-08,ID16870,2.8699988174438475,ID116,0.0
2.0,-6.5,-0.019999980926513672,ID20619,True,8.060652623154141e-08,ID20619,2.8699985790252684,ID116,0.0
2.0,-6.25,-0.019999802112579346,ID20115,True,0.0,ID20115,2.8699985790252684,ID116,0.0
2.0,-6.0,-0.01999986171722412,ID19995,True,0.0,ID19995,2.9346064376831054,ID124,0.0
2.0,-5.75,-0.01999974250793457,ID16918,True,0.0,ID16918,3.046999578475952,ID733,0.0
2.0,-5.5,-0.01999974250793457,ID16918,True,2.5822836813294003e-08,ID16918,3.1593922424316405,ID733,0.0
2.0,-5.25,-0.01999974250793457,ID16918,True,2.5822836813294003e-08,ID16918,3.2717858600616454,ID124,0.0
2.0,-5.0,-0.019999682903289795,ID16918,True,0.0,ID16918,3.519998197555542,ID124,0.0
2.0,-4.75,-0.01999962329864502,ID16918,True,0.0,ID16918,3.519998435974121,ID124,0.0
2.0,-4.5,-0.019999682903289795,ID20115,True,0.0,ID20115,3.5199986743927,ID124,0.0
2.0,-4.25,-0.019999682903289795,ID19965,False,0.15922613593808427,ID21832.001,3.6099981117248534,ID144,0.0
2.0,-4.0,-0.019999563694000244,ID16878,False,0.22534103820404572,ID21832.001,3.6099981117248534,ID144,0.019782341029446364
2.0,-3.75,-0.01999950408935547,ID16878,False,0.047167529967275246,ID21832.001,3.6099981117248534,ID144,0.019782341029446364
2.0,-3.5,-0.019999563694000244,ID16878,True,0.0,ID16878,3.6099981117248534,ID144,0.0
2.0,-3.25,-0.01999962329864502,ID19965,False,0.159129299081776,ID21356.002,3.4799982357025145,ID152,0.0
2.0,-3.0,-0.019999563694000244,ID20035,False,0.3272289701019948,ID21356.002,3.6099983501434325,ID220,0.0
2.0,-2.75,0.33735108375549316,ID21492.002,False,0.3395386464653241,ID21492.002,0.33846644043922425,ID21492.002,17.42197159806948
2.0,-2.5,-0.01999950408935547,ID20025,False,0.3131036697567251,ID21250.002,3.6099981117248534,ID220,0.0
2.0,-2.25,-0.019999444484710693,ID16814,False,0.1311837086175403,ID21250.002,3.6099981117248534,ID220,0.019782341029446364
2.0,-2.0,-0.019999444484710693,ID16814,True,2.5822836813294003e-08,ID16814,3.6099981117248534,ID220,0.019782341029446364
2.0,-1.75,-0.019999384880065918,ID16814,True,0.0,ID16814,3.491598014831543,ID160,0.019782341029446364
2.0,-1.5,-0.019999325275421143,ID16814,True,0.0,ID16814,3.369997863769531,ID160,0.019782341029446364
2.0,-1.25,-0.019999444484710693,ID20115,True,0.0,ID20115,3.379997615814209,ID941,0.0
2.0,-1.0,-0.019999444484710693,ID20075,True,2.5822418869836383e-08,ID20075,3.379997854232788,ID941,0.0
2.0,-0.75,-0.019999325275421143,ID16902,True,1.4125756231386788e-08,ID16902,3.379998092651367,ID981,0.0
2.0,-0.5,-0.019999325275421143,ID16902,True,2.5822836813294003e-08,ID16902,3.369997863769531,ID200,0.0
2.0,-0.25,-0.019999265670776367,ID16902,True,0.0,ID16902,3.369997386932373,ID212,0.0
2.0,0.0,-0.019999325275421143,ID20075,True,0.0,ID20075,3.369997863769531,ID212,0.0
2.0,0.25,-0.019999265670776367,ID20065,True,0.0,ID20065,3.369997863769531,ID212,0.0
2.0,0.5,-0.019999325275421143,ID20065,False,0.1897369877267008,ID20991,3.369997863769531,ID200,0.019782341029446364
2.0,0.75,0.270000696182251,ID19659,False,0.34,ID20991,0.5564708757400513,ID20991,0.0
2.0,1.0,0.2700009346008301,ID16910,False,0.34,ID20991,0.5564703392982483,ID20991,0.0
2.0,1.25,0.27000075578689575,ID20095,False,0.26301611654243523,ID20991,3.0899974155426024,ID1117,0.0
2.0,1.5,0.27000075578689575,ID19659,False,0.013041604450110211,ID20991,3.0799969482421874,ID160,0.019782341029446364
2.0,1.75,0.27000102400779724,ID16846,True,0.0,ID16846,3.20548713684082,ID160,0.0
2.0,2.0,0.27000102400779724,ID16846,True,2.5822836813294003e-08,ID16846,3.3199974346160888,ID220,0.0
2.0,2.25,0.270001083612442,ID16846,True,0.0,ID16846,3.3199971961975097,ID220,0.0
2.0,2.5,0.270001083612442,ID16846,True,2.582275321350025e-08,ID16846,3.3199971961975097,ID220,0.0
2.0,2.75,0.2700011432170868,ID16846,True,0.0,ID16846,3.3199971961975097,ID220,0.0
2.0,3.0,0.2700011432170868,ID16846,True,0.0,ID16846,3.3199971961975097,ID220,0.0
2.0,3.25,0.2700011432170868,ID16846,False,0.03592113640839001,ID19649,3.1899968433380126,ID152,0.0
2.0,3.5,0.2700009346008301,ID19659,False,0.15662313348663018,ID19649,3.3199971961975097,ID144,0.0
2.0,3.75,0.43000108003616333,ID19875,True,5.8693049420632804e-08,ID19875,3.159996871948242,ID144,0.0
2.0,4.0,0.4300011396408081,ID16894,True,5.8693049420632804e-08,ID16894,3.159996871948242,ID144,0.0
2.0,4.25,0.4300011992454529,ID16894,True,2.5822836813294003e-08,ID16894,3.159996871948242,ID144,0.0
2.0,4.5,0.4300011396408081,ID19649,True,5.8693049420632804e-08,ID19649,3.0699967193603515,ID124,0.0
2.0,4.75,0.43000125885009766,ID16854,True,2.581512531518726e-08,ID16854,3.0699967193603515,ID124,0.0
2.0,5.0,0.43000125885009766,ID16854,True,2.5822836813294003e-08,ID16854,3.0699969577789306,ID124,0.0
2.0,5.25,0.43000128865242004,ID16854,True,0.0,ID16854,2.821784143447876,ID124,0.0
2.0,5.5,0.43000128865242004,ID16854,True,0.0,ID16854,2.709390525817871,ID957,0.0
2.0,5.75,0.43000131845474243,ID16854,True,2.5822836813294003e-08,ID16854,2.5969973850250243,ID957,0.0
2.0,6.0,0.43000131845474243,ID16854,True,2.5822836813294003e-08,ID16854,2.4846042442321776,ID124,0.0
2.0,6.25,0.43000131845474243,ID19865,False,0.1300498237703661,ID19639,2.4199963855743407,ID116,0.0
2.0,6.5,-0.679998517036438,ID19639,False,0.29995044700303725,ID19649,3.5299958038330077,ID116,0.0
2.0,6.75,-0.679998517036438,ID19639,False,0.049950444061318044,ID19649,3.529996280670166,ID116,0.0
2.0,7.0,-0.679998517036438,ID19639,True,0.0,ID19639,3.529996280670166,ID116,0.0
2.0,7.25,-0.6799986362457275,ID19639,True,5.8693049420632804e-08,ID19639,3.529996519088745,ID116,0.0
2.0,7.5,-0.679998517036438,ID19639,True,0.0,ID19639,3.529996280670166,ID116,0.0
2.0,7.75,-0.679998517036438,ID19639,False,0.08923108138079278,ID19639,3.529996280670166,ID116,0.0
2.0,8.0,-0.679998517036438,ID19639,False,0.33676568150046876,ID19639,3.529996519088745,ID116,0.0
2.25,-8.0,,,False,,,,,
2.25,-7.75,0.31000009179115295,ID20721,False,0.12691311682605888,ID1471,2.539999132156372,ID116,0.0
2.25,-7.5,0.31000009179115295,ID20721,True,2.5822836813294003e-08,ID20721,2.539998893737793,ID116,0.0
2.25,-7.25,0.31000015139579773,ID20721,True,0.0,ID20721,2.539998893737793,ID116,0.0
2.25,-7.0,-0.019999921321868896,ID20619,False,0.2693852765392178,ID19649,2.8699985790252684,ID116,0.0
2.25,-6.75,-0.01999986171722412,ID16870,False,0.02403412567978036,ID19649,2.8699985790252684,ID116,0.0
2.25,-6.5,-0.01999986171722412,ID16870,True,5.8693049420632804e-08,ID16870,2.8699985790252684,ID116,0.0
2.25,-6.25,-0.01999986171722412,ID16870,True,5.869296582083905e-08,ID16870,2.8699985790252684,ID116,0.0
2.25,-6.0,-0.01999986171722412,ID20619,True,0.0,ID20619,2.914008264541626,ID124,0.0
2.25,-5.75,-0.019999802112579346,ID20115,True,0.0,ID20115,3.0264016437530517,ID124,0.0
2.25,-5.5,-0.01999974250793457,ID16918,True,2.5822836813294003e-08,ID16918,3.1373707103729247,ID733,0.0
2.25,-5.25,-0.01999974250793457,ID16918,True,2.5822836813294003e-08,ID16918,3.2480200576782225,ID124,0.0
2.25,-5.0,-0.019999682903289795,ID16918,True,0.0,ID16918,3.519998435974121,ID124,0.0
2.25,-4.75,-0.019999802112579346,ID20115,True,5.8693049420632804e-08,ID20115,3.5199986743927,ID124,0.0
2.25,-4.5,-0.019999682903289795,ID19965,False,0.1016955893469085,ID21832.001,3.519998435974121,ID124,0.0
2.25,-4.25,-0.01999950408935547,ID16878,False,0.3048815024939033,ID21832.001,3.581941728591919,ID144,0.019782341029446364
2.25,-4.0,-0.01999950408935547,ID16878,False,0.34,ID21844.001,0.6664729762077332,ID21832.001,0.0
2.25,-3.75,-0.01999950408935547,ID16878,False,0.22253628183490076,ID21832.001,3.6099978733062743,ID144,0.0
2.25,-3.5,-0.01999962329864502,ID19965,False,0.05491951185240468,ID21832.001,3.6099981117248534,ID144,0.0
2.25,-3.25,-0.01999962329864502,ID20035,False,0.2948161148933771,ID21356.002,3.4799982357025145,ID152,0.0
2.25,-3.0,0.3594968616962433,ID21442.002,False,0.13626048636873642,ID21356.002,3.230501537322998,ID220,5.97152996512978
2.25,-2.75,0.3404679000377655,ID21442.002,False,0.17506506404050035,ID21492.002,3.24953067779541,ID220,5.971464311512478
2.25,-2.5,,,False,,,,,
2.25,-2.25,-0.01999950408935547,ID20115,False,0.20809542376445528,ID21250.002,3.6099983501434325,ID220,0.0
2.25,-2.0,-0.019999444484710693,ID20025,True,0.0,ID20025,3.6099981117248534,ID220,0.0
2.25,-1.75,-0.019999384880065918,ID16814,True,0.0,ID16814,3.6099978733062743,ID220,0.019782341029446364
2.25,-1.5,-0.019999384880065918,ID20025,True,0.0,ID20025,3.531930332183838,ID160,0.0
2.25,-1.25,-0.019999384880065918,ID20115,True,0.0,ID20115,3.423086051940918,ID160,0.0
2.25,-1.0,-0.019999384880065918,ID16902,True,5.8693049420632804e-08,ID16902,3.369997863769531,ID160,0.0
2.25,-0.75,-0.019999325275421143,ID16902,True,0.0,ID16902,3.379997854232788,ID981,0.0
2.25,-0.5,-0.019999265670776367,ID16902,True,0.0,ID16902,3.369997625350952,ID200,0.0
2.25,-0.25,-0.019999265670776367,ID16902,True,0.0,ID16902,3.379997615814209,ID1069,0.0
2.25,0.0,-0.019999206066131592,ID16902,True,0.0,ID16902,3.369997386932373,ID200,0.0
2.25,0.25,-0.019999265670776367,ID20065,True,0.0,ID20065,3.379997615814209,ID1045,0.0
2.25,0.5,-0.019999265670776367,ID20065,False,0.09153821068266743,ID19659,3.369997625350952,ID200,0.0
2.25,0.75,-0.019999265670776367,ID20065,False,0.28838528668185354,ID19659,3.3799973773956298,ID1101,0.0
2.25,1.0,0.2700009346008301,ID16910,False,0.0922652178947837,ID20991,3.0799971866607665,ID160,0.0
2.25,1.25,0.2700009346008301,ID16910,False,0.08058930365470707,ID20991,3.1358910846710204,ID160,0.0
2.25,1.5,0.27000102400779724,ID16910,True,0.0,ID16910,3.245295648574829,ID160,0.0
2.25,1.75,0.2700008153915405,ID19659,True,2.5822669613706495e-08,ID19659,3.3199974346160888,ID220,0.019782341029446364
2.25,2.0,0.2700008451938629,ID20105,True,0.0,ID20105,3.3199974346160888,ID220,0.0
2.25,2.25,0.270001083612442,ID16846,True,0.0,ID16846,3.3199971961975097,ID220,0.0
2.25,2.5,0.270001083612442,ID16846,True,0.0,ID16846,3.3199969577789306,ID220,0.0
2.25,2.75,0.2700011432170868,ID16846,True,0.0,ID16846,3.3199967193603515,ID220,0.0
2.25,3.0,0.2700011730194092,ID16846,True,0.0,ID16846,3.3199969577789306,ID220,0.0
2.25,3.25,0.2700011432170868,ID16846,True,0.0,ID16846,3.189997320175171,ID152,0.0
2.25,3.5,0.27000096440315247,ID20105,False,0.09199834980571545,ID19649,3.3199969577789306,ID144,0.019782341029446364
2.25,3.75,0.43000108003616333,ID19649,True,5.8693049420632804e-08,ID19649,3.159997110366821,ID144,0.0
2.25,4.0,0.4300011396408081,ID19875,True,2.5822836813294003e-08,ID19875,3.159996871948242,ID144,0.0
2.25,4.25,0.4300011694431305,ID16894,True,2.5822836813294003e-08,ID16894,3.131939296722412,ID144,0.0
2.25,4.5,0.4300011992454529,ID19649,True,0.0,ID19649,3.0699964809417724,ID124,0.0
2.25,4.75,0.43000122904777527,ID16854,True,0.0,ID16854,3.0699969577789306,ID124,0.0
2.25,5.0,0.43000125885009766,ID16854,True,2.582275321350025e-08,ID16854,3.0699969577789306,ID124,0.0
2.25,5.25,0.43000125885009766,ID16854,True,2.5822836813294003e-08,ID16854,2.7980173873901366,ID124,0.0
2.25,5.5,0.43000125885009766,ID19865,True,2.5822836813294003e-08,ID19865,2.687368278503418,ID957,0.0
2.25,5.75,0.43000125885009766,ID19865,True,5.8693049420632804e-08,ID19865,2.576399927139282,ID124,0.0
2.25,6.0,0.43000131845474243,ID19865,True,2.5822836813294003e-08,ID19865,2.464006071090698,ID124,0.0
2.25,6.25,0.43000131845474243,ID19865,False,0.1300495664871669,ID19639,2.41999662399292,ID116,0.0
2.25,6.5,-0.6799986362457275,ID19639,False,0.29995044700303725,ID19639,2.0768605518341063,ID20555,0.0
2.25,6.75,-0.679998517036438,ID19639,False,0.049950444061318044,ID19639,3.529996519088745,ID116,0.0
2.25,7.0,-0.6799983978271484,ID19639,True,0.0,ID19639,3.529996280670166,ID116,0.0
2.25,7.25,-0.679998517036438,ID19639,True,0.0,ID19639,3.529996280670166,ID116,0.0
2.25,7.5,-0.6799986362457275,ID19639,True,5.8693049420632804e-08,ID19639,3.529996280670166,ID116,0.0
2.25,7.75,-0.679998517036438,ID19639,False,0.12691260163931486,ID19639,3.529996042251587,ID116,0.0
2.25,8.0,,,False,,,,,
2.5,-8.0,,,False,,,,,
2.5,-7.75,0.31000012159347534,ID20721,False,0.17197912828036835,ID1471,2.539999132156372,ID116,0.019782341029446364
2.5,-7.5,0.31000015139579773,ID20721,True,0.0,ID20721,2.539998893737793,ID116,0.019782341029446364
2.5,-7.25,0.31000012159347534,ID20721,True,5.8693049420632804e-08,ID20721,2.539998893737793,ID116,0.0
2.5,-7.0,-0.019999921321868896,ID20619,False,0.3132253317875467,ID19649,2.8699985790252684,ID116,0.0
2.5,-6.75,-0.019999921321868896,ID16870,False,0.06907381152555575,ID19649,2.8699988174438475,ID116,0.0
2.5,-6.5,-0.01999974250793457,ID16870,True,0.0,ID16870,2.8699983406066893,ID116,0.0
2.5,-6.25,-0.019999802112579346,ID16870,True,0.0,ID16870,2.8699983406066893,ID116,0.0
2.5,-6.0,-0.019999802112579346,ID16870,True,2.5822836813294003e-08,ID16870,2.8910530853271483,ID124,0.0
2.5,-5.75,-0.01999974250793457,ID16870,True,0.0,ID16870,3.001702432632446,ID124,0.0
2.5,-5.5,-0.019999802112579346,ID20115,True,0.0,ID20115,3.112351303100586,ID709,0.019782341029446364
2.5,-5.25,-0.019999802112579346,ID19995,False,0.1601233173265341,ID19649,3.2230004119873046,ID124,0.0
2.5,-5.0,-0.01999974250793457,ID19995,False,0.22288475139897662,ID19649,3.331807975769043,ID124,0.0
2.5,-4.75,-0.019999682903289795,ID19965,False,0.10450198417119913,ID19649,3.5199986743927,ID124,0.0
2.5,-4.5,-0.01999962329864502,ID16878,False,0.19473854242938615,ID21832.001,3.519998197555542,ID124,0.0
2.5,-4.25,-0.01999962329864502,ID16878,False,0.34,ID21860.001,0.6664733338356018,ID21832.001,0.0
2.5,-4.0,-0.019999563694000244,ID16878,False,0.34,ID21868.001,0.666473274230957,ID21832.001,0.0
2.5,-3.75,-0.01999962329864502,ID19965,False,0.34,ID21844.001,0.6664734530448914,ID21832.001,0.0
2.5,-3.5,-0.01999962329864502,ID20035,False,0.24202114699938984,ID21832.001,3.6099988269805907,ID144,0.0
2.5,-3.25,-0.01999950408935547,ID16822,False,0.12363628960486897,ID21356.002,3.4799979972839354,ID152,0.0
2.5,-3.0,-0.019999563694000244,ID16822,False,0.3055560702651534,ID21270.002,3.6099983501434325,ID220,0.0
2.5,-2.75,0.3584047555923462,ID21442.002,False,0.15020315984346438,ID21270.002,3.231593732833862,ID220,5.971464311512478
2.5,-2.5,-0.019999444484710693,ID16822,False,0.3110830943011248,ID21270.002,3.6099981117248534,ID220,0.0
2.5,-2.25,-0.019999444484710693,ID16822,False,0.12428622324936131,ID21250.002,3.6099978733062743,ID220,0.0
2.5,-2.0,-0.019999444484710693,ID20035,True,0.0,ID20035,3.6099978733062743,ID220,0.019782341029446364
2.5,-1.75,-0.019999444484710693,ID20115,True,0.0,ID20115,3.6099981117248534,ID220,0.0
2.5,-1.5,-0.019999384880065918,ID20115,True,0.0,ID20115,3.6099981117248534,ID220,0.0
2.5,-1.25,-0.019999384880065918,ID16902,True,2.582281594110114e-08,ID16902,3.6076341915130614,ID160,0.0
2.5,-1.0,-0.019999265670776367,ID16902,True,0.0,ID16902,3.5228539752960204,ID160,0.0
2.5,-0.75,-0.019999265670776367,ID16902,True,0.0,ID16902,3.454073791503906,ID160,0.0
2.5,-0.5,-0.019999265670776367,ID16902,True,0.0,ID16902,3.4034439373016356,ID160,0.0
2.5,-0.25,-0.019999265670776367,ID16902,True,0.0,ID16902,3.3711329746246337,ID160,0.0
2.5,0.0,-0.019999206066131592,ID16902,True,0.0,ID16902,3.3699981021881102,ID160,0.0
2.5,0.25,-0.019999265670776367,ID20115,True,0.0,ID20115,3.371281986236572,ID160,0.0
2.5,0.5,-0.019999265670776367,ID20065,True,0.0,ID20065,3.4044107246398925,ID160,0.0
2.5,0.75,-0.019999265670776367,ID20065,False,0.21374738417841388,ID19659,3.4556731033325194,ID160,0.0
2.5,1.0,0.27000072598457336,ID19659,True,0.0,ID19659,3.2350682067871093,ID160,0.0
2.5,1.25,0.27000072598457336,ID19659,True,2.5822836813294003e-08,ID19659,3.3199974346160888,ID220,0.0
2.5,1.5,0.27000075578689575,ID19659,True,5.869296582083905e-08,ID19659,3.319997673034668,ID220,0.0
2.5,1.75,0.27000075578689575,ID19659,True,8.060652623154141e-08,ID19659,3.319997673034668,ID220,0.0
2.5,2.0,0.27000078558921814,ID19659,True,2.5822836813294003e-08,ID19659,3.3199971961975097,ID220,0.0
2.5,2.25,0.2700008153915405,ID19659,True,2.5822836813294003e-08,ID19659,3.3199971961975097,ID220,0.0
2.5,2.5,0.270001083612442,ID16846,True,2.5822836813294003e-08,ID16846,3.3199969577789306,ID220,0.0
2.5,2.75,0.2700011134147644,ID16846,True,5.869296582083905e-08,ID16846,3.3199969577789306,ID220,0.0
2.5,3.0,0.2700011432170868,ID16846,True,0.0,ID16846,3.3199967193603515,ID220,0.0
2.5,3.25,0.2700011432170868,ID16846,True,0.0,ID16846,3.189997320175171,ID152,0.0
2.5,3.5,0.2700009346008301,ID20105,False,0.09849331133540659,ID16030,3.3199969577789306,ID144,0.0
2.5,3.75,0.4300011396408081,ID19659,False,0.15045166974814608,ID16030,3.159997110366821,ID144,0.0
2.5,4.0,0.4300011396408081,ID19659,False,0.029686839161065737,ID16030,3.159997110366821,ID144,0.0
2.5,4.25,0.4300011396408081,ID19659,True,5.8693049420632804e-08,ID19659,3.0699969577789306,ID124,0.0
2.5,4.5,0.4300011992454529,ID19649,True,2.5822836813294003e-08,ID19649,3.0699964809417724,ID124,0.0
2.5,4.75,0.4300011992454529,ID19649,True,2.5821499327616237e-08,ID19649,3.0699967193603515,ID124,0.0
2.5,5.0,0.43000122904777527,ID19905,True,0.0,ID19905,2.8818060207366942,ID124,0.0
2.5,5.25,0.43000125885009766,ID19905,True,0.0,ID19905,2.772998456954956,ID124,0.0
2.5,5.5,0.43000125885009766,ID19905,True,2.5821499327616237e-08,ID19905,2.662349109649658,ID1005,0.019782341029446364
2.5,5.75,0.43000128865242004,ID19905,True,0.0,ID19905,2.5517000007629393,ID124,0.0
2.5,6.0,0.43000131845474243,ID19905,True,2.5822836813294003e-08,ID19905,2.4410501766204833,ID124,0.0
2.5,6.25,0.43000131845474243,ID19905,False,0.08036155673432499,ID19639,2.4199961471557616,ID116,0.0
2.5,6.5,0.4300013482570648,ID19649,False,0.2977248364587046,ID20611,2.41999662399292,ID116,0.0
2.5,6.75,-0.6799986362457275,ID19639,False,0.19799115316739174,ID19639,3.529996042251587,ID116,0.0
2.5,7.0,-0.6799986362457275,ID19639,False,0.01558369852617042,ID19639,3.529996280670166,ID116,0.0
2.5,7.25,-0.679998517036438,ID19639,True,0.0,ID19639,3.529996042251587,ID116,0.0
2.5,7.5,-0.679998517036438,ID19639,True,0.0,ID19639,3.529996042251587,ID116,0.0
2.5,7.75,-0.6799983978271484,ID19639,False,0.1719790423652553,ID19639,3.5299955654144286,ID116,0.0
2.5,8.0,,,False,,,,,
2.75,-8.0,,,False,,,,,
2.75,-7.75,0.31000009179115295,ID19649,False,0.21751624100032274,ID1471,2.539998893737793,ID116,0.0
2.75,-7.5,0.31000012159347534,ID20721,True,2.5822836813294003e-08,ID20721,2.539998893737793,ID116,0.0
2.75,-7.25,0.31000012159347534,ID20721,True,5.8693049420632804e-08,ID20721,2.5399984169006347,ID116,0.0
2.75,-7.0,0.31000015139579773,ID19649,True,0.0,ID19649,2.539998893737793,ID116,0.0
2.75,-6.75,-0.01999986171722412,ID16870,False,0.21062250513204006,ID19649,2.8699985790252684,ID116,0.0
2.75,-6.5,-0.019999802112579346,ID16870,False,0.09220958079382202,ID19649,2.8699988174438475,ID116,0.0
2.75,-6.25,-0.019999802112579346,ID16870,True,0.0,ID16870,2.8699985790252684,ID116,0.0
2.75,-6.0,-0.01999974250793457,ID16870,True,0.0,ID16870,2.8699983406066893,ID116,0.0
2.75,-5.75,-0.01999974250793457,ID16870,True,0.0,ID16870,2.97668231010437,ID124,0.0
2.75,-5.5,-0.01999974250793457,ID16870,False,0.14970937682107802,ID19649,3.085305814743042,ID709,0.0
2.75,-5.25,-0.019999802112579346,ID20619,False,0.3271227945202485,ID19649,3.1938816356658934,ID124,0.0
2.75,-5.0,0.31000030040740967,ID19649,True,8.060652623154141e-08,ID19649,2.9724580097198485,ID124,0.0
2.75,-4.75,-0.01999974250793457,ID19965,False,0.32179968027005906,ID19649,3.519998197555542,ID124,0.0
2.75,-4.5,-0.01999962329864502,ID16878,False,0.20582179093108235,ID19649,3.5199986743927,ID124,0.0
2.75,-4.25,-0.01999962329864502,ID16878,False,0.33515912216236693,ID21832.001,3.519998197555542,ID124,0.0
2.75,-4.0,-0.019999682903289795,ID19965,False,0.34,ID21868.001,0.6664737510681152,ID21832.001,0.0
2.75,-3.75,-0.01999962329864502,ID20115,False,0.34,ID21868.001,0.6664737510681152,ID21832.001,0.0
2.75,-3.5,-0.019999563694000244,ID16822,False,0.34,ID21844.001,0.6664736318588257,ID21832.001,0.0
2.75,-3.25,-0.019999563694000244,ID16822,False,0.2839897313228138,ID21832.001,3.6099985885620116,ID144,0.0
2.75,-3.0,-0.01999950408935547,ID16822,False,0.13998134871367907,ID21832.001,3.4799977588653563,ID152,0.0
2.75,-2.75,-0.019999444484710693,ID16822,False,0.2954812201472282,ID21270.002,3.6099981117248534,ID220,0.0
2.75,-2.5,-0.019999444484710693,ID16822,False,0.13659656204793685,ID21270.002,3.6099981117248534,ID220,0.0
2.75,-2.25,-0.019999384880065918,ID16822,True,0.0,ID16822,3.6099978733062743,ID220,0.0
2.75,-2.0,-0.019999265670776367,ID16822,True,0.0,ID16822,3.6099978733062743,ID220,0.0
2.75,-1.75,-0.019999444484710693,ID20035,True,0.0,ID20035,3.6099978733062743,ID220,0.0
2.75,-1.5,-0.019999384880065918,ID20115,True,0.0,ID20115,3.6099981117248534,ID220,0.0
2.75,-1.25,-0.019999444484710693,ID20115,True,0.0,ID20115,3.6099978733062743,ID220,0.0
2.75,-1.0,-0.019999384880065918,ID20115,True,0.0,ID20115,3.6099981117248534,ID220,0.0
2.75,-0.75,-0.019999384880065918,ID20115,True,0.0,ID20115,3.6099981117248534,ID220,0.0
2.75,-0.5,-0.019999325275421143,ID20115,True,0.0,ID20115,3.608018283843994,ID160,0.0
2.75,-0.25,-0.019999325275421143,ID20115,True,0.0,ID20115,3.4662581729888915,ID160,0.0
2.75,0.0,-0.019999325275421143,ID20115,True,0.0,ID20115,3.461421375274658,ID160,0.0
2.75,0.25,-0.019999265670776367,ID20115,True,0.0,ID20115,3.4664062309265136,ID160,0.019782341029446364
2.75,0.5,-0.019999265670776367,ID20065,True,0.0,ID20065,3.6089845943450927,ID160,0.0
2.75,0.75,-0.019999206066131592,ID20065,False,0.08934760249905044,ID19659,3.609997158050537,ID220,0.0
2.75,1.0,-0.019999206066131592,ID20065,False,0.1478784448946444,ID19659,3.609997158050537,ID220,0.0
2.75,1.25,0.10000082850456238,ID14887,False,0.08918232202158777,ID19659,3.489997510910034,ID220,0.019782341029446364
2.75,1.5,0.1000007688999176,ID14887,False,0.08997873088685404,ID19659,3.489997510910034,ID220,0.019782341029446364
2.75,1.75,0.10000085830688477,ID14887,False,0.09077279660721202,ID19659,3.489997510910034,ID220,0.0
2.75,2.0,0.10000085830688477,ID14887,False,0.09156478556060405,ID19659,3.489997510910034,ID220,0.0
2.75,2.25,-0.01999908685684204,ID20065,False,0.2322389097743361,ID19659,3.609997396469116,ID220,0.0
2.75,2.5,0.2700008451938629,ID19659,True,0.0,ID19659,3.3199971961975097,ID220,0.0
2.75,2.75,0.2700008749961853,ID20105,True,2.5822418869836383e-08,ID20105,3.3199971961975097,ID220,0.0
2.75,3.0,0.2700011432170868,ID16846,True,0.0,ID16846,3.1899970817565917,ID152,0.0
2.75,3.25,0.27000120282173157,ID16846,False,0.03792617752533911,ID16030,3.3199969577789306,ID144,0.0
2.75,3.5,0.2700009346008301,ID19659,False,0.24321151035412295,ID16220,3.3199969577789306,ID144,0.0
2.75,3.75,0.4300011396408081,ID16934,False,0.34,ID16030,0.775569920539856,ID16030,0.0
2.75,4.0,0.4300011396408081,ID16934,False,0.24544870457102483,ID16030,3.159997110366821,ID144,0.0
2.75,4.25,0.4300011396408081,ID19659,False,0.1191084254358705,ID16030,3.0699967193603515,ID124,0.0
2.75,4.5,0.4300011992454529,ID19905,True,0.0,ID19905,3.0699967193603515,ID124,0.0
2.75,4.75,0.4300011992454529,ID19905,True,2.5822836813294003e-08,ID19905,3.0699969577789306,ID124,0.0
2.75,5.0,0.4300011992454529,ID19905,True,5.8693049420632804e-08,ID19905,2.8524559783935546,ID124,0.0
2.75,5.25,0.43000125885009766,ID19905,True,0.0,ID19905,2.743879919052124,ID124,0.0
2.75,5.5,0.43000125885009766,ID19905,True,2.5822836813294003e-08,ID19905,2.6353038597106933,ID1005,0.0
2.75,5.75,0.43000128865242004,ID19905,True,0.0,ID19905,2.5266803550720214,ID124,0.0
2.75,6.0,0.43000128865242004,ID19905,True,2.5822836813294003e-08,ID19905,2.41999662399292,ID116,0.0
2.75,6.25,0.43000131845474243,ID19905,False,0.0025994423238649977,ID18203.001,2.4199961471557616,ID116,0.0
2.75,6.5,0.43000131845474243,ID19905,False,0.2514179931595895,ID18203.001,2.41999662399292,ID116,0.019782341029446364
2.75,6.75,0.4300013780593872,ID19639,False,0.34,ID18173.001,0.22553220868110657,ID18173.001,0.0
2.75,7.0,-0.6799987554550171,ID19639,False,0.18654427998312745,ID19639,3.529996519088745,ID116,0.0
2.75,7.25,-0.6799986362457275,ID19639,False,0.004136817192370912,ID19639,3.529996519088745,ID116,0.0
2.75,7.5,-0.679998517036438,ID19639,True,0.0,ID19639,3.529996042251587,ID116,0.0
2.75,7.75,-0.6799983978271484,ID19639,False,0.21751624100030825,ID19639,3.529996042251587,ID116,0.0
2.75,8.0,,,False,,,,,
3.0,-8.0,,,False,,,,,
3.0,-7.75,0.31000012159347534,ID19649,False,0.2726539759839125,ID1471,2.539998893737793,ID116,0.0
3.0,-7.5,0.31000012159347534,ID20731,False,0.028809824967340747,ID1471,2.539998893737793,ID116,0.0
3.0,-7.25,0.31000012159347534,ID20731,True,5.8693049420632804e-08,ID20731,2.5399986553192138,ID116,0.0
3.0,-7.0,0.31000015139579773,ID20731,True,0.0,ID20731,2.5399984169006347,ID116,0.0
3.0,-6.75,0.3100001811981201,ID19649,True,2.5822836813294003e-08,ID19649,2.539998893737793,ID116,0.019782341029446364
3.0,-6.5,-0.019999921321868896,ID20619,False,0.31072873676255136,ID19649,2.8699988174438475,ID116,0.0
3.0,-6.25,-0.019999802112579346,ID16870,False,0.19354972766936848,ID19649,2.8699988174438475,ID116,0.0
3.0,-6.0,-0.01999974250793457,ID16870,False,0.07510455183076564,ID19649,2.8699981021881102,ID116,0.0
3.0,-5.75,-0.019999682903289795,ID16870,False,0.1392938421934047,ID19649,2.9473799514770507,ID124,0.0
3.0,-5.5,-0.01999986171722412,ID20619,False,0.31893291394371276,ID19649,3.0559562492370604,ID709,0.019782341029446364
3.0,-5.25,0.31000033020973206,ID20731,True,0.0,ID20731,2.8340660381317138,ID709,0.0
3.0,-5.0,0.31000036001205444,ID20731,True,2.5822836813294003e-08,ID20731,2.9402502822875975,ID124,0.0
3.0,-4.75,0.31000036001205444,ID20731,True,2.5822836813294003e-08,ID20731,3.1899985122680663,ID124,0.0
3.0,-4.5,0.3100004196166992,ID19649,False,0.00285581696609033,ID21832.001,3.1899985122680663,ID124,0.019782341029446364
3.0,-4.25,-0.01999962329864502,ID19965,False,0.3061640264024087,ID19649,3.519998435974121,ID124,0.0
3.0,-4.0,-0.019999682903289795,ID20115,False,0.34,ID21860.001,0.6664740490913391,ID21832.001,0.0
3.0,-3.75,-0.019999563694000244,ID16822,False,0.34,ID21868.001,0.6664740490913391,ID21832.001,0.0
3.0,-3.5,,,False,,,,,
3.0,-3.25,-0.01999950408935547,ID16822,False,0.34,ID21860.001,0.6664740490913391,ID21832.001,0.0
3.0,-3.0,-0.01999950408935547,ID16822,False,0.34,ID21832.001,0.6664741086959839,ID21832.001,0.0
3.0,-2.75,-0.019999444484710693,ID16822,False,0.21625554911966632,ID21832.001,3.6099983501434325,ID220,0.0
3.0,-2.5,-0.019999444484710693,ID16822,False,0.09230454949173825,ID21832.001,3.6099983501434325,ID220,0.0
3.0,-2.25,-0.019999384880065918,ID16822,True,0.0,ID16822,3.6099983501434325,ID220,0.019782341029446364
3.0,-2.0,-0.019999563694000244,ID20035,True,5.8693049420632804e-08,ID20035,3.6099983501434325,ID220,0.0
3.0,-1.75,-0.01999950408935547,ID20115,True,2.5822836813294003e-08,ID20115,3.6099978733062743,ID220,0.0
3.0,-1.5,-0.019999384880065918,ID20665,True,0.0,ID20665,3.609997634887695,ID220,0.0
3.0,-1.25,-0.019999384880065918,ID20665,True,0.0,ID20665,3.609997634887695,ID220,0.0
3.0,-1.0,-0.019999384880065918,ID20665,True,0.0,ID20665,3.6099978733062743,ID220,0.0
3.0,-0.75,-0.019999384880065918,ID20665,True,0.0,ID20665,3.6099978733062743,ID220,0.0
3.0,-0.5,-0.019999265670776367,ID20665,True,0.0,ID20665,3.609997396469116,ID220,0.0
3.0,-0.25,-0.019999325275421143,ID20015,True,0.0,ID20015,3.480337266921997,ID160,0.0
3.0,0.0,-0.019999325275421143,ID20655,True,0.0,ID20655,3.4803389358520507,ID160,0.0
3.0,0.25,-0.019999325275421143,ID20655,True,2.5822731009039757e-08,ID20655,3.480337505340576,ID160,0.0
3.0,0.5,-0.019999206066131592,ID20115,True,0.0,ID20115,3.609996919631958,ID220,0.019782341029446364
3.0,0.75,-0.019999206066131592,ID20065,True,0.0,ID20065,3.609996919631958,ID220,0.0
3.0,1.0,-0.019999206066131592,ID20065,False,0.09103053977142789,ID14887,3.609997634887695,ID220,0.019782341029446364
3.0,1.25,-0.019999206066131592,ID20065,False,0.10787082993839184,ID14887,3.609997634887695,ID220,0.019782341029446364
3.0,1.5,-0.019999206066131592,ID20065,False,0.10811343343902277,ID14887,3.609997634887695,ID220,0.019782341029446364
3.0,1.75,-0.019999265670776367,ID20065,False,0.10835387078741002,ID14887,3.609997634887695,ID220,0.0
3.0,2.0,-0.01999908685684204,ID20065,False,0.10712132587715095,ID14887,3.609996919631958,ID220,0.0
3.0,2.25,-0.01999908685684204,ID20065,False,0.034551994050628254,ID19659,3.609997396469116,ID220,0.0
3.0,2.5,-0.01999908685684204,ID20065,False,0.17285642049373443,ID19659,3.609996919631958,ID220,0.0
3.0,2.75,-0.01999908685684204,ID20065,False,0.28697566032411814,ID19659,3.609996919631958,ID220,0.0
3.0,3.0,0.2700008749961853,ID20105,True,2.5822836813294003e-08,ID20105,3.1899970817565917,ID152,0.0
3.0,3.25,0.2700009346008301,ID20105,False,0.18835381992920353,ID2094.001,3.3199969577789306,ID144,0.0
3.0,3.5,0.43000108003616333,ID19659,False,0.34,ID16030,0.775569920539856,ID16030,0.0
3.0,3.75,0.4300011396408081,ID16934,False,0.34,ID16030,0.775569920539856,ID16030,0.0
3.0,4.0,0.4300011992454529,ID16934,False,0.34,ID16030,0.7755698609352112,ID16030,0.0
3.0,4.25,0.4300011396408081,ID19649,False,0.2420549310988523,ID16030,3.0699967193603515,ID124,0.0
3.0,4.5,0.4300011694431305,ID19905,True,0.0,ID19905,3.0699967193603515,ID124,0.0
3.0,4.75,0.4300011992454529,ID19905,True,2.5822836813294003e-08,ID19905,3.0699967193603515,ID124,0.0
3.0,5.0,0.43000122904777527,ID19905,True,0.0,ID19905,2.8202480125427245,ID124,0.0
3.0,5.25,0.43000125885009766,ID19905,True,0.0,ID19905,2.7140632915496825,ID1005,0.0
3.0,5.5,0.43000125885009766,ID19905,True,2.5822418869836383e-08,ID19905,2.6059535789489745,ID1005,0.0
3.0,5.75,0.43000125885009766,ID19905,True,5.8693049420632804e-08,ID19905,2.497377519607544,ID124,0.019782341029446364
3.0,6.0,0.43000128865242004,ID19905,True,2.5822836813294003e-08,ID19905,2.4199963855743407,ID116,0.019782341029446364
3.0,6.25,0.43000131845474243,ID19905,False,0.026875565884599495,ID18203.001,2.4199963855743407,ID116,0.019782341029446364
3.0,6.5,0.4300013780593872,ID19649,False,0.2756941135184766,ID18203.001,2.4199961471557616,ID116,0.0
3.0,6.75,0.4300013780593872,ID19639,False,0.34,ID18173.001,0.24377550661563874,ID18173.001,0.0
3.0,7.0,0.4300013780593872,ID19639,False,0.32249660754995135,ID18173.001,2.4199963855743407,ID116,0.0
3.0,7.25,-0.6799986362457275,ID19639,False,0.17509741450056907,ID19639,3.529996280670166,ID116,0.0
3.0,7.5,-0.6799983978271484,ID19639,False,0.028809475560899023,ID19639,3.529996280670166,ID116,0.0
3.0,7.75,-0.679998517036438,ID19639,False,0.27265361783688985,ID19639,3.529996280670166,ID116,0.0
3.0,8.0,,,False,,,,,
3.25,-8.0,,,False,,,,,
3.25,-7.75,0.31000012159347534,ID19649,False,0.3277912984441054,ID1471,2.5399986553192138,ID116,0.0
3.25,-7.5,0.31000012159347534,ID20731,False,0.08447426727871143,ID1471,2.539998893737793,ID116,0.0
3.25,-7.25,0.31000015139579773,ID20731,True,0.0,ID20731,2.539998893737793,ID116,0.0
3.25,-7.0,0.3100001811981201,ID20731,True,2.5822836813294003e-08,ID20731,2.5399986553192138,ID116,0.0
3.25,-6.75,0.31000015139579773,ID20731,True,5.8693049420632804e-08,ID20731,2.5399986553192138,ID116,0.0
3.25,-6.5,0.3100001811981201,ID20731,True,5.8693049420632804e-08,ID20731,2.5399984169006347,ID116,0.0
3.25,-6.25,0.3100002408027649,ID19649,True,2.5822836813294003e-08,ID19649,2.5399984169006347,ID116,0.0
3.25,-6.0,-0.019999802112579346,ID20619,False,0.29426507354009745,ID19649,2.8699983406066893,ID116,0.0
3.25,-5.75,-0.01999986171722412,ID20619,False,0.3093510662808242,ID19649,2.918029909133911,ID124,0.019782341029446364
3.25,-5.5,0.31000030040740967,ID20731,True,2.5822836813294003e-08,ID20731,2.694307451248169,ID124,0.0
3.25,-5.25,0.31000036001205444,ID20731,True,0.0,ID20731,2.8004914569854735,ID885,0.0
3.25,-5.0,0.31000036001205444,ID20731,True,0.0,ID20731,2.906675462722778,ID124,0.0
3.25,-4.75,0.31000036001205444,ID20731,True,2.5822836813294003e-08,ID20731,3.0107742595672606,ID124,0.0
3.25,-4.5,0.31000038981437683,ID20731,True,0.0,ID20731,3.1899985122680663,ID124,0.0
3.25,-4.25,0.3100004196166992,ID20731,False,0.10528850239198176,ID21832.001,3.189998035430908,ID124,0.0
3.25,-4.0,-0.01999974250793457,ID20035,False,0.3145462722040143,ID21832.001,3.519998197555542,ID124,0.0
3.25,-3.75,,,False,,,,,
3.25,-3.5,-0.01999950408935547,ID16822,False,0.34,ID21860.001,0.7270130562782288,ID21860.001,0.0
3.25,-3.25,,,False,,,,,
3.25,-3.0,-0.019999444484710693,ID16822,False,0.34,ID21832.001,0.666474347114563,ID21832.001,0.019782341029446364
3.25,-2.75,-0.019999444484710693,ID16822,False,0.34,ID21832.001,0.6664744067192078,ID21832.001,0.019782341029446364
3.25,-2.5,-0.019999384880065918,ID16822,False,0.31349078462180674,ID21832.001,3.609997634887695,ID220,0.019782341029446364
3.25,-2.25,-0.019999384880065918,ID16822,False,0.20462126219584065,ID21832.001,3.609997634887695,ID220,0.019782341029446364
3.25,-2.0,-0.019999444484710693,ID20115,False,0.06613108472127038,ID21832.001,3.0079594898223876,ID14765,0.0
3.25,-1.75,-0.01999950408935547,ID20665,True,2.5822836813294003e-08,ID20665,3.503007535934448,ID14508,0.0
3.25,-1.5,-0.019999384880065918,ID20665,True,0.0,ID20665,3.609997634887695,ID220,0.0
3.25,-1.25,-0.019999384880065918,ID20665,True,0.0,ID20665,3.609997634887695,ID220,0.0
3.25,-1.0,-0.019999444484710693,ID20665,True,2.5822836813294003e-08,ID20665,3.6099978733062743,ID220,0.0
3.25,-0.75,-0.019999325275421143,ID20665,True,0.0,ID20665,3.6099978733062743,ID220,0.0
3.25,-0.5,-0.019999384880065918,ID20015,True,0.0,ID20015,3.6099978733062743,ID220,0.0
3.25,-0.25,-0.019999325275421143,ID20655,True,0.0,ID20655,3.4803034114837645,ID160,0.0
3.25,0.0,-0.019999265670776367,ID20655,True,0.0,ID20655,3.480304126739502,ID160,0.0
3.25,0.25,-0.019999265670776367,ID20655,True,0.0,ID20655,3.4803029346466063,ID160,0.0
3.25,0.5,-0.019999265670776367,ID20655,True,0.0,ID20655,3.609997396469116,ID220,0.0
3.25,0.75,-0.019999146461486816,ID20115,True,0.0,ID20115,3.609997396469116,ID220,0.019782341029446364
3.25,1.0,-0.019999206066131592,ID20115,True,0.0,ID20115,3.609997396469116,ID220,0.019782341029446364
3.25,1.25,-0.019999265670776367,ID20115,True,5.8692882221045295e-08,ID20115,3.609997396469116,ID220,0.0
3.25,1.5,-0.019999206066131592,ID20115,True,0.0,ID20115,3.609997396469116,ID220,0.0
3.25,1.75,-0.019999146461486816,ID20115,False,0.0586804169640433,ID6790.001,3.609997158050537,ID220,0.0
3.25,2.0,-0.01999908685684204,ID20065,False,0.035904381144149344,ID6790.001,3.609997396469116,ID220,0.0
3.25,2.25,-0.01999908685684204,ID20065,False,0.0504351503853272,ID6790.001,3.609997396469116,ID220,0.0
3.25,2.5,-0.01999908685684204,ID20065,True,0.0,ID20065,3.609997396469116,ID220,0.0
3.25,2.75,-0.01999908685684204,ID20065,False,0.11095562107035287,ID19659,3.4799975204467772,ID152,0.0
3.25,3.0,-0.01999908685684204,ID20065,False,0.24422961350715613,ID19659,3.609996919631958,ID144,0.0
3.25,3.25,0.27000096440315247,ID19659,False,0.3189508907413745,ID15529,3.3199964809417724,ID144,0.0
3.25,3.5,0.4300011098384857,ID16934,False,0.34,ID2094.001,0.775569920539856,ID16030,0.0
3.25,3.75,0.4300011396408081,ID16934,False,0.34,ID16030,0.775569920539856,ID16030,0.0
3.25,4.0,0.4300011396408081,ID19659,False,0.3399972487398249,ID16030,3.0699969577789306,ID124,0.0
3.25,4.25,0.4300011396408081,ID19905,False,0.12423031369380289,ID16230,3.0699969577789306,ID124,0.0
3.25,4.5,0.4300011694431305,ID19905,True,0.0,ID19905,3.0699967193603515,ID124,0.0
3.25,4.75,0.4300011992454529,ID19905,True,2.5822836813294003e-08,ID19905,2.890772943496704,ID124,0.0
3.25,5.0,0.43000122904777527,ID19905,True,0.0,ID19905,2.786672954559326,ID124,0.0
3.25,5.25,0.43000122904777527,ID19905,True,2.5822836813294003e-08,ID19905,2.6804887104034423,ID1013,0.019782341029446364
3.25,5.5,0.43000125885009766,ID19905,True,2.5822836813294003e-08,ID19905,2.5743047046661376,ID124,0.019782341029446364
3.25,5.75,0.43000125885009766,ID19905,True,5.8693049420632804e-08,ID19905,2.4680277156829833,ID124,0.019782341029446364
3.25,6.0,0.43000131845474243,ID19905,True,2.5822836813294003e-08,ID19905,2.4199961471557616,ID116,0.019782341029446364
3.25,6.25,0.43000131845474243,ID19905,False,0.0511516893072983,ID18203.001,2.4199963855743407,ID116,0.019782341029446364
3.25,6.5,0.4300013780593872,ID19649,False,0.2999702381200612,ID18203.001,2.4199961471557616,ID116,0.0
3.25,6.75,0.4300013780593872,ID19639,False,0.34,ID10439.016,0.2620188343524933,ID18173.001,0.0
3.25,7.0,0.4300013780593872,ID19639,False,0.34,ID18193.001,1.3994052457809447,ID18193.001,0.0
3.25,7.25,-0.679998517036438,ID19639,False,0.2697007096456506,ID18173.001,3.529996280670166,ID116,0.0
3.25,7.5,-0.679998517036438,ID19639,False,0.0844734344589867,ID19639,3.529996280670166,ID116,0.0
3.25,7.75,-0.679998517036438,ID19639,False,0.3277904207425937,ID19639,3.5299958038330077,ID116,0.0
3.25,8.0,,,False,,,,,
3.5,-8.0,,,False,,,,,
3.5,-7.75,,,False,,,,,
3.5,-7.5,0.31000015139579773,ID20731,False,0.14971250768920275,ID1471,2.539998893737793,ID116,0.0
3.5,-7.25,0.3100001811981201,ID20731,True,0.0,ID20731,2.5399986553192138,ID116,0.0
3.5,-7.0,0.3100001811981201,ID20731,True,2.5822836813294003e-08,ID20731,2.5399986553192138,ID116,0.0
3.5,-6.75,0.3100002110004425,ID20731,True,0.0,ID20731,2.5399986553192138,ID116,0.0
3.5,-6.5,0.3100002110004425,ID20731,True,0.0,ID20731,2.5399986553192138,ID116,0.0
3.5,-6.25,0.3100002408027649,ID20731,True,2.5822836813294003e-08,ID20731,2.5399984169006347,ID116,0.0
3.5,-6.0,0.3100002706050873,ID20731,True,0.0,ID20731,2.5399984169006347,ID116,0.0
3.5,-5.75,0.3100002706050873,ID20731,True,0.0,ID20731,2.5545479106903075,ID124,0.0
3.5,-5.5,0.31000030040740967,ID20731,True,2.5822836813294003e-08,ID20731,2.660731916427612,ID124,0.0
3.5,-5.25,0.31000036001205444,ID20731,True,0.0,ID20731,2.7661238956451415,ID885,0.0
3.5,-5.0,0.31000036001205444,ID20731,True,0.0,ID20731,2.8696094799041747,ID124,0.0
3.5,-4.75,0.31000036001205444,ID20731,True,2.5822836813294003e-08,ID20731,2.973095302581787,ID124,0.0
3.5,-4.5,0.31000038981437683,ID20731,True,0.0,ID20731,3.1899985122680663,ID124,0.0
3.5,-4.25,0.31000038981437683,ID20731,True,2.5822836813294003e-08,ID20731,3.189998273849487,ID124,0.0
3.5,-4.0,0.3100004494190216,ID19649,False,0.2384448715737608,ID21832.001,3.189998035430908,ID124,0.0
3.5,-3.75,-0.019999563694000244,ID16822,False,0.34,ID21860.001,0.7449191856384277,ID21860.001,0.0
3.5,-3.5,,,False,,,,,
3.5,-3.25,-0.01999950408935547,ID16822,False,0.34,ID21816.001,0.6664746451377869,ID21832.001,0.019782341029446364
3.5,-3.0,-0.01999950408935547,ID16822,False,0.34,ID21883.001,0.6664747047424316,ID21832.001,0.019782341029446364
3.5,-2.75,-0.01999950408935547,ID16822,False,0.34,ID21883.001,0.6664747047424316,ID21832.001,0.019782341029446364
3.5,-2.5,-0.019999384880065918,ID16822,False,0.34,ID21832.001,0.6664746451377869,ID21832.001,0.019782341029446364
3.5,-2.25,-0.01999950408935547,ID20035,False,0.31711748193288514,ID21832.001,2.3557134914398192,ID14693,0.0
3.5,-2.0,-0.01999950408935547,ID20015,False,0.10645714347806706,ID21832.001,2.6463264274597167,ID14508,0.0
3.5,-1.75,-0.01999950408935547,ID20665,True,2.5822836813294003e-08,ID20665,3.6099978733062743,ID220,0.0
3.5,-1.5,-0.019999444484710693,ID20665,True,0.0,ID20665,3.6099978733062743,ID220,0.0
3.5,-1.25,-0.019999325275421143,ID20665,True,0.0,ID20665,3.6099978733062743,ID220,0.0
3.5,-1.0,-0.019999384880065918,ID20665,True,0.0,ID20665,3.6099978733062743,ID220,0.0
3.5,-0.75,-0.019999384880065918,ID20655,True,0.0,ID20655,3.6099978733062743,ID220,0.0
3.5,-0.5,-0.019999384880065918,ID20655,True,0.0,ID20655,3.6099978733062743,ID220,0.0
3.5,-0.25,-0.019999325275421143,ID20655,True,0.0,ID20655,3.609997634887695,ID220,0.0
3.5,0.0,-0.019999265670776367,ID20655,True,0.0,ID20655,3.480269556045532,ID160,0.0
3.5,0.25,-0.019999265670776367,ID20655,True,0.0,ID20655,3.480268840789795,ID160,0.0
3.5,0.5,-0.019999265670776367,ID20655,True,0.0,ID20655,3.609997634887695,ID220,0.0
3.5,0.75,-0.019999206066131592,ID20655,True,0.0,ID20655,3.609997634887695,ID220,0.0
3.5,1.0,-0.019999206066131592,ID20655,True,0.0,ID20655,3.609997158050537,ID220,0.0
3.5,1.25,-0.019999206066131592,ID20115,True,0.0,ID20115,3.609997158050537,ID220,0.0
3.5,1.5,-0.019999146461486816,ID20115,False,0.13789899608561407,ID6622.001,3.609997158050537,ID220,0.0
3.5,1.75,,,False,,,,,
3.5,2.0,,,False,,,,,
3.5,2.25,-0.01999908685684204,ID20115,False,0.281632859158976,ID6790.001,3.609996919631958,ID220,0.0
3.5,2.5,-0.01999908685684204,ID20115,False,0.1860573891912714,ID6810.001,3.609997158050537,ID220,0.0
3.5,2.75,-0.019999027252197266,ID20115,False,0.05930283692567173,ID6790.001,3.479997043609619,ID152,0.0
3.5,3.0,-0.01999908685684204,ID20065,False,0.20448609384782113,ID16110,3.609996919631958,ID144,0.0
3.5,3.25,0.43000108003616333,ID19659,False,0.34,ID3186.001,0.7755698609352112,ID16030,0.0
3.5,3.5,0.4300011396408081,ID16934,False,0.34,ID16030,0.7755709338188171,ID16030,0.0
3.5,3.75,0.4300011396408081,ID16934,False,0.34,ID16030,0.7755708146095276,ID16030,0.0
3.5,4.0,0.4300011396408081,ID19649,False,0.21372530684434293,ID16328,3.0699967193603515,ID124,0.0
3.5,4.25,0.4300011396408081,ID19905,True,5.8693049420632804e-08,ID19905,3.0699964809417724,ID124,0.0
3.5,4.5,0.4300011694431305,ID19905,True,0.0,ID19905,3.0699967193603515,ID124,0.019782341029446364
3.5,4.75,0.4300011992454529,ID19905,True,2.582275321350025e-08,ID19905,2.853093509674072,ID124,0.019782341029446364
3.5,5.0,0.4300011992454529,ID19905,True,5.8693049420632804e-08,ID19905,2.74960768699646,ID124,0.019782341029446364
3.5,5.25,0.43000125885009766,ID19905,True,2.5822836813294003e-08,ID19905,2.646122579574585,ID1013,0.019782341029446364
3.5,5.5,0.43000125885009766,ID19905,False,0.06660965985580458,ID17972.002,2.5407306003570556,ID124,0.019782341029446364
3.5,5.75,0.43000128865242004,ID19905,False,0.21733235831602266,ID17972.002,2.4345463562011718,ID124,0.019782341029446364
3.5,6.0,0.43000131845474243,ID19905,False,0.18647830641540653,ID11120.006,2.4199963855743407,ID116,0.019782341029446364
3.5,6.25,0.43000131845474243,ID19905,False,0.14578449940484184,ID11120.006,2.4199963855743407,ID116,0.019782341029446364
3.5,6.5,0.43000131845474243,ID19649,False,0.3242463627491143,ID18203.001,2.4199963855743407,ID116,0.0
3.5,6.75,0.4300013780593872,ID19639,False,0.34,ID17822.004,0.2802622067928314,ID18173.001,0.0
3.5,7.0,0.4300013780593872,ID19639,False,0.3211496160345577,ID18193.001,2.4199961471557616,ID116,0.019782341029446364
3.5,7.25,-0.6799986362457275,ID19639,False,0.2454246433961465,ID18173.001,3.529996519088745,ID116,0.0
3.5,7.5,-0.6799986362457275,ID19639,False,0.14971271875573058,ID19639,3.529996519088745,ID116,0.0
3.5,7.75,,,False,,,,,
3.5,8.0,,,False,,,,,
3.75,-8.0,,,False,,,,,
3.75,-7.75,,,False,,,,,
3.75,-7.5,0.31000015139579773,ID20731,False,0.21495068921095628,ID1471,2.5399986553192138,ID116,0.0
3.75,-7.25,0.31000015139579773,ID20731,True,0.0,ID20731,2.5399986553192138,ID116,0.0
3.75,-7.0,0.31000015139579773,ID20731,True,0.0,ID20731,2.539998893737793,ID116,0.0
3.75,-6.75,0.31000015139579773,ID20731,True,2.5821415727822483e-08,ID20731,2.5399986553192138,ID116,0.0
3.75,-6.5,0.3100002110004425,ID20731,True,0.0,ID20731,2.5399986553192138,ID116,0.0
3.75,-6.25,0.3100002110004425,ID20731,True,2.582275321350025e-08,ID20731,2.5399984169006347,ID116,0.0
3.75,-6.0,0.3100002706050873,ID20731,True,0.0,ID20731,2.5399984169006347,ID116,0.0
3.75,-5.75,0.3100002706050873,ID20731,True,0.0,ID20731,2.5399986553192138,ID116,0.0
3.75,-5.5,0.31000030040740967,ID20731,True,2.5822836813294003e-08,ID20731,2.624960069656372,ID124,0.019782341029446364
3.75,-5.25,0.31000033020973206,ID20731,True,0.0,ID20731,2.728445415496826,ID885,0.019782341029446364
3.75,-5.0,0.31000036001205444,ID20731,True,0.0,ID20731,2.8319298076629638,ID124,0.019782341029446364
3.75,-4.75,0.31000036001205444,ID20731,True,2.5822836813294003e-08,ID20731,2.932697420120239,ID124,0.019782341029446364
3.75,-4.5,0.31000038981437683,ID20731,True,0.0,ID20731,3.1899985122680663,ID124,0.019782341029446364
3.75,-4.25,0.3100004196166992,ID20731,True,0.0,ID20731,3.189998273849487,ID124,0.019782341029446364
3.75,-4.0,0.3100004196166992,ID20731,False,0.11579140659711654,ID21832.001,3.189998035430908,ID124,0.019782341029446364
3.75,-3.75,,,False,,,,,
3.75,-3.5,,,False,,,,,
3.75,-3.25,-0.01999950408935547,ID16822,False,0.30484432100885495,ID21832.001,3.6099981117248534,ID144,0.019782341029446364
3.75,-3.0,-0.01999950408935547,ID16822,False,0.34,ID21832.001,0.6664750027656555,ID21832.001,0.019782341029446364
3.75,-2.75,-0.01999950408935547,ID16822,False,0.34,ID21832.001,0.6664750623703003,ID21832.001,0.0
3.75,-2.5,-0.019999563694000244,ID20035,False,0.34,ID21832.001,0.6664751815795898,ID21832.001,0.0
3.75,-2.25,-0.019999444484710693,ID20115,False,0.17146217182971962,ID21832.001,2.1022962379455565,ID14532,0.0
3.75,-2.0,-0.01999950408935547,ID20665,True,0.0,ID20665,3.6099981117248534,ID220,0.0
3.75,-1.75,-0.019999444484710693,ID20665,True,0.0,ID20665,3.6099981117248534,ID220,0.0
3.75,-1.5,-0.019999444484710693,ID20665,True,0.0,ID20665,3.6099981117248534,ID220,0.0
3.75,-1.25,-0.019999444484710693,ID20015,True,0.0,ID20015,3.6099978733062743,ID220,0.0
3.75,-1.0,-0.019999325275421143,ID20655,True,0.0,ID20655,3.6099978733062743,ID220,0.0
3.75,-0.75,-0.019999384880065918,ID20655,True,0.0,ID20655,3.6099978733062743,ID220,0.0
3.75,-0.5,-0.019999384880065918,ID20655,True,0.0,ID20655,3.6099978733062743,ID220,0.0
3.75,-0.25,-0.019999325275421143,ID20655,True,0.0,ID20655,3.6099978733062743,ID220,0.0
3.75,0.0,-0.019999325275421143,ID20655,True,0.0,ID20655,3.4802357006072997,ID160,0.0
3.75,0.25,-0.019999265670776367,ID20655,True,0.0,ID20655,3.480234270095825,ID160,0.0
3.75,0.5,-0.019999265670776367,ID20655,True,0.0,ID20655,3.6099978733062743,ID220,0.0
3.75,0.75,-0.019999265670776367,ID20655,True,0.0,ID20655,3.6099978733062743,ID220,0.0
3.75,1.0,-0.019999206066131592,ID20655,True,0.0,ID20655,3.6099978733062743,ID220,0.0
3.75,1.25,-0.019999206066131592,ID20015,True,0.0,ID20015,3.6099978733062743,ID220,0.0
3.75,1.5,-0.019999146461486816,ID20115,False,0.19331270583500768,ID6622.001,3.6099978733062743,ID220,0.0
3.75,1.75,-0.019999146461486816,ID20115,False,0.34,ID6622.001,0.7400689172744751,ID6622.001,0.0
3.75,2.0,-0.019999146461486816,ID20115,False,0.34,ID6790.001,1.1322783279418944,ID6790.001,0.0
3.75,2.25,-0.01999908685684204,ID20115,False,0.34,ID6790.001,1.0233873176574706,ID6790.001,0.0
3.75,2.5,,,False,,,,,
3.75,2.75,-0.01999908685684204,ID20115,False,0.26765067657800123,ID6790.001,3.609997396469116,ID144,0.0
3.75,3.0,-0.01999908685684204,ID20115,False,0.33076043772691943,ID16110,3.609997158050537,ID144,0.0
3.75,3.25,0.43000108003616333,ID16934,False,0.34,ID15247,0.7755721259117127,ID16030,0.019782341029446364
3.75,3.5,0.4300011098384857,ID16934,False,0.34,ID16030,0.775571768283844,ID16030,0.0
3.75,3.75,0.43000108003616333,ID19659,False,0.3032204096147566,ID16030,3.0699971961975097,ID124,0.0
3.75,4.0,0.4300011396408081,ID19649,False,0.08745338684300463,ID16030,3.0699971961975097,ID124,0.019782341029446364
3.75,4.25,0.4300011694431305,ID19905,True,0.0,ID19905,3.0699969577789306,ID124,0.0
3.75,4.5,0.4300011992454529,ID19905,True,2.5822502469630138e-08,ID19905,3.0699967193603515,ID124,0.0
3.75,4.75,0.4300011992454529,ID19905,True,2.5822836813294003e-08,ID19905,2.8126961040496825,ID124,0.0
3.75,5.0,0.43000122904777527,ID19905,True,0.0,ID19905,2.711928730010986,ID124,0.0
3.75,5.25,0.43000125885009766,ID19905,True,2.582275321350025e-08,ID19905,2.608442907333374,ID1013,0.0
3.75,5.5,0.43000125885009766,ID19905,False,0.18218089623858938,ID17898.002,2.504957799911499,ID124,0.0
3.75,5.75,0.43000128865242004,ID19905,False,0.34,ID17908.002,0.4484373378753662,ID17908.002,0.0
3.75,6.0,0.43000131845474243,ID19905,False,0.34,ID17922.002,0.24778871715068818,ID11120.006,0.0
3.75,6.25,0.43000131845474243,ID19905,False,0.34,ID11120.006,0.4876841652393341,ID11120.006,0.0
3.75,6.5,0.4300013482570648,ID19649,False,0.34,ID18173.001,0.7690180587768555,ID18173.001,0.0
3.75,6.75,0.4300013780593872,ID19639,False,0.34,ID8217.015,0.29850563883781434,ID18173.001,0.0
3.75,7.0,-0.6799986362457275,ID19639,False,0.31823650376117013,ID19639,3.529996519088745,ID116,0.0
3.75,7.25,-0.679998517036438,ID19639,False,0.22114858209525706,ID18173.001,3.529996280670166,ID116,0.0
3.75,7.5,-0.6799987554550171,ID19639,False,0.21495188409373414,ID19639,3.529996280670166,ID116,0.0
3.75,7.75,,,False,,,,,
3.75,8.0,,,False,,,,,
4.0,-8.0,,,False,,,,,
4.0,-7.75,,,False,,,,,
4.0,-7.5,0.31000015139579773,ID19649,False,0.28852521647261986,ID1471,2.539998893737793,ID116,0.0
4.0,-7.25,0.31000015139579773,ID20731,False,0.050157465005469304,ID1471,2.539998893737793,ID116,0.0
4.0,-7.0,0.31000015139579773,ID20731,True,2.5822502469630138e-08,ID20731,2.5399986553192138,ID116,0.0
4.0,-6.75,0.3100001811981201,ID20731,True,2.582275321350025e-08,ID20731,2.5399986553192138,ID116,0.0
4.0,-6.5,0.3100002110004425,ID20731,True,0.0,ID20731,2.5399984169006347,ID116,0.0
4.0,-6.25,0.3100002110004425,ID20731,True,2.582216807045512e-08,ID20731,2.5399986553192138,ID116,0.0
4.0,-6.0,0.3100002706050873,ID20731,True,0.0,ID20731,2.5399984169006347,ID116,0.0
4.0,-5.75,0.3100002706050873,ID20731,True,0.0,ID20731,2.5399984169006347,ID116,0.0
4.0,-5.5,0.3100002706050873,ID20731,True,2.5822836813294003e-08,ID20731,2.58728063583374,ID124,0.0
4.0,-5.25,0.31000030040740967,ID20731,True,2.5822502469630138e-08,ID20731,2.690061454772949,ID124,0.0
4.0,-5.0,0.31000030040740967,ID20731,True,5.8693049420632804e-08,ID20731,2.790553455352783,ID725,0.0
4.0,-4.75,0.31000033020973206,ID20731,True,2.5822502469630138e-08,ID20731,2.8910461711883544,ID124,0.0
4.0,-4.5,0.31000038981437683,ID20731,True,0.0,ID20731,2.989208106994629,ID124,0.0
4.0,-4.25,0.31000038981437683,ID20731,True,2.582275321350025e-08,ID20731,3.1899987506866454,ID124,0.0
4.0,-4.0,0.3100004494190216,ID20731,True,0.0,ID20731,3.189997797012329,ID124,0.0
4.0,-3.75,0.3100004494190216,ID19649,False,0.021913083683250567,ID21832.001,3.189998035430908,ID124,0.0
4.0,-3.5,-0.019999563694000244,ID16822,False,0.22611489409160496,ID19649,3.6099981117248534,ID144,0.0
4.0,-3.25,-0.01999950408935547,ID16822,False,0.06012736155307041,ID21832.001,3.6099981117248534,ID144,0.0
4.0,-3.0,-0.01999950408935547,ID16822,False,0.13206918520733868,ID14588,3.6099978733062743,ID144,0.0
4.0,-2.75,-0.019999563694000244,ID20115,False,0.2917507197308298,ID14693,3.6099981117248534,ID144,0.0
4.0,-2.5,-0.019999563694000244,ID20115,False,0.34,ID14717,0.9023451256752014,ID14717,0.0
4.0,-2.25,-0.019999444484710693,ID20115,False,0.26135369439358463,ID14508,2.1132258224487304,ID14508,0.0
4.0,-2.0,-0.01999950408935547,ID20015,False,0.011854872829468566,ID14508,3.609997634887695,ID220,0.019782341029446364
4.0,-1.75,-0.019999444484710693,ID20665,False,0.003984757681993356,ID14797,3.6099978733062743,ID220,0.0
4.0,-1.5,-0.019999444484710693,ID20015,True,0.0,ID20015,3.6099978733062743,ID220,0.0
4.0,-1.25,-0.019999444484710693,ID20655,True,0.0,ID20655,3.6099978733062743,ID220,0.0
4.0,-1.0,-0.019999384880065918,ID20655,True,0.0,ID20655,3.6099978733062743,ID220,0.0
4.0,-0.75,-0.019999384880065918,ID20655,True,0.0,ID20655,3.6099978733062743,ID220,0.0
4.0,-0.5,-0.019999384880065918,ID20655,True,0.0,ID20655,3.6099978733062743,ID220,0.0
4.0,-0.25,-0.019999325275421143,ID20655,True,0.0,ID20655,3.6099978733062743,ID220,0.0
4.0,0.0,-0.019999265670776367,ID20655,True,0.0,ID20655,3.480200891494751,ID160,0.0
4.0,0.25,-0.019999325275421143,ID20655,True,2.5822836813294003e-08,ID20655,3.609997634887695,ID220,0.0
4.0,0.5,-0.019999265670776367,ID20655,True,0.0,ID20655,3.6099978733062743,ID220,0.0
4.0,0.75,-0.019999265670776367,ID20655,True,0.0,ID20655,3.6099978733062743,ID220,0.0
4.0,1.0,-0.019999206066131592,ID20655,True,0.0,ID20655,3.6099978733062743,ID220,0.0
4.0,1.25,-0.019999146461486816,ID20015,True,0.0,ID20015,3.6099978733062743,ID220,0.0
4.0,1.5,-0.019999206066131592,ID20115,False,0.15552423679964952,ID6622.001,3.6099978733062743,ID220,0.0
4.0,1.75,,,False,,,,,
4.0,2.0,-0.01999908685684204,ID6622.001,False,0.34,ID6672.001,1.351510887145996,ID6672.001,0.0
4.0,2.25,-0.01999908685684204,ID20115,False,0.2791473810342901,ID6790.001,3.5999997901916503,ID6790.001,0.0
4.0,2.5,-0.019999027252197266,ID20115,False,0.2746925272007337,ID6790.001,1.622333173751831,ID6790.001,0.0
4.0,2.75,-0.019999027252197266,ID20115,False,0.34,ID6790.001,1.39704204082489,ID6790.001,0.0
4.0,3.0,0.43000105023384094,ID19659,False,0.34,ID16030,0.5172807025909424,ID16030,0.0
4.0,3.25,0.4300011098384857,ID16934,False,0.34,ID16030,0.7755727219581604,ID16030,0.0
4.0,3.5,0.4300011396408081,ID16934,False,0.34,ID15709.001,0.7755703973770142,ID16030,0.0
4.0,3.75,0.4300011396408081,ID19649,False,0.17694850691465933,ID16030,3.0699967193603515,ID124,0.0
4.0,4.0,0.4300011396408081,ID19885,True,2.5822836813294003e-08,ID19885,3.0699967193603515,ID124,0.0
4.0,4.25,0.4300011396408081,ID19885,True,2.5822836813294003e-08,ID19885,3.0699964809417724,ID124,0.0
4.0,4.5,0.4300011992454529,ID19905,True,2.5822502469630138e-08,ID19905,2.869206075668335,ID124,0.0
4.0,4.75,0.4300011992454529,ID19905,True,2.5822836813294003e-08,ID19905,2.7710441398620604,ID124,0.0
4.0,5.0,0.4300011992454529,ID19905,True,5.8693049420632804e-08,ID19905,2.6705516624450683,ID909,0.0
4.0,5.25,0.43000122904777527,ID19905,True,2.5822836813294003e-08,ID19905,2.5700582313537597,ID124,0.0
4.0,5.5,0.43000125885009766,ID19905,False,0.23714241595504132,ID17898.002,2.467278366088867,ID124,0.0
4.0,5.75,0.43000128865242004,ID19905,False,0.34,ID17982.002,0.38693777203559876,ID17898.002,0.0
4.0,6.0,,,False,,,,,
4.0,6.25,0.4589366316795349,ID18010.002,False,0.34,ID17922.002,0.42018500447273255,ID11120.006,0.0
4.0,6.5,,,False,,,,,
4.0,6.75,0.4300013780593872,ID19639,False,0.34,ID18173.001,0.33777982473373414,ID18173.001,0.0
4.0,7.0,-0.679998517036438,ID19639,False,0.2507897141978844,ID18173.001,3.529996280670166,ID116,0.0
4.0,7.25,-0.679998517036438,ID19639,False,0.18541931330076278,ID18173.001,3.529996280670166,ID116,0.0
4.0,7.5,-0.679998517036438,ID19639,False,0.2885264668695142,ID19639,3.5299958038330077,ID116,0.0
4.0,7.75,,,False,,,,,
4.0,8.0,,,False,,,,,
4.25,-8.0,,,False,,,,,
4.25,-7.75,,,False,,,,,
4.25,-7.5,,,False,,,,,
4.25,-7.25,0.31000015139579773,ID20731,False,0.12552793228623413,ID1471,2.539998893737793,ID116,0.0
4.25,-7.0,0.3100001811981201,ID20731,True,0.0,ID20731,2.539998893737793,ID116,0.0
4.25,-6.75,0.3100002110004425,ID20731,True,0.0,ID20731,2.5399986553192138,ID116,0.0
4.25,-6.5,0.3100002408027649,ID20731,True,0.0,ID20731,2.5399984169006347,ID116,0.0
4.25,-6.25,0.3100002408027649,ID20731,True,0.0,ID20731,2.5399986553192138,ID116,0.0
4.25,-6.0,0.3100002706050873,ID20731,True,0.0,ID20731,2.5399984169006347,ID116,0.0
4.25,-5.75,0.31000030040740967,ID20731,True,0.0,ID20731,2.5399986553192138,ID116,0.0
4.25,-5.5,0.31000033020973206,ID20731,True,0.0,ID20731,2.5479167747497558,ID124,0.0
4.25,-5.25,0.31000033020973206,ID20731,True,0.0,ID20731,2.6484099674224852,ID124,0.0
4.25,-5.0,0.31000036001205444,ID20731,True,0.0,ID20731,2.7489024448394774,ID725,0.0
4.25,-4.75,0.31000036001205444,ID20731,True,2.5822836813294003e-08,ID20731,2.846508865356445,ID725,0.0
4.25,-4.5,0.31000038981437683,ID20731,True,0.0,ID20731,2.9437295246124267,ID124,0.019782341029446364
4.25,-4.25,0.31000038981437683,ID20731,True,0.0,ID20731,3.1899987506866454,ID124,0.019782341029446364
4.25,-4.0,0.3100004196166992,ID20731,True,2.5757299682016566e-08,ID20731,3.1899985122680663,ID124,0.019782341029446364
4.25,-3.75,0.3100004494190216,ID20731,True,0.0,ID20731,3.189998273849487,ID124,0.019782341029446364
4.25,-3.5,0.3100004494190216,ID19649,True,2.5822836813294003e-08,ID19649,3.189998273849487,ID124,0.0
4.25,-3.25,-0.01999950408935547,ID16822,False,0.16469097727068488,ID19649,3.6099981117248534,ID144,0.0
4.25,-3.0,-0.019999563694000244,ID20035,False,0.26820882200707563,ID14588,3.6099985885620116,ID144,0.0
4.25,-2.75,0.4736015796661377,ID14596,False,0.3084460149506382,ID14596,0.3061904060840607,ID14596,22.500486133148822
4.25,-2.5,-0.01999950408935547,ID20115,False,0.32515586960371773,ID14508,2.767022256851196,ID14508,0.0
4.25,-2.25,-0.01999950408935547,ID20015,False,0.2327500800608776,ID14508,3.4799982357025145,ID152,0.0
4.25,-2.0,-0.01999950408935547,ID20015,False,0.0748208066282231,ID14797,3.6099978733062743,ID220,0.0
4.25,-1.75,-0.01999950408935547,ID20015,False,0.12025864887665319,ID14797,3.609997634887695,ID220,0.0
4.25,-1.5,-0.019999384880065918,ID20655,False,0.06272464091044161,ID14797,3.6099978733062743,ID220,0.019782341029446364
4.25,-1.25,-0.019999325275421143,ID20655,True,0.0,ID20655,3.609997396469116,ID220,0.019782341029446364
4.25,-1.0,-0.019999325275421143,ID20655,True,0.0,ID20655,3.609997396469116,ID220,0.019782341029446364
4.25,-0.75,-0.019999325275421143,ID20655,True,0.0,ID20655,3.609997396469116,ID220,0.019782341029446364
4.25,-0.5,-0.019999325275421143,ID20655,True,0.0,ID20655,3.609997396469116,ID220,0.0
4.25,-0.25,-0.019999265670776367,ID20655,True,0.0,ID20655,3.609997396469116,ID220,0.0
4.25,0.0,-0.019999265670776367,ID20655,True,0.0,ID20655,3.4801665592193602,ID160,0.0
4.25,0.25,-0.019999265670776367,ID20655,True,0.0,ID20655,3.609997634887695,ID220,0.0
4.25,0.5,-0.019999265670776367,ID20655,True,0.0,ID20655,3.609997634887695,ID220,0.0
4.25,0.75,-0.019999325275421143,ID20655,True,5.8693049420632804e-08,ID20655,3.6099978733062743,ID220,0.0
4.25,1.0,-0.019999325275421143,ID20655,True,8.060652623154141e-08,ID20655,3.609997634887695,ID220,0.0
4.25,1.25,-0.019999206066131592,ID20655,True,0.0,ID20655,3.609997158050537,ID220,0.0
4.25,1.5,-0.019999206066131592,ID20115,False,0.12454716209344532,ID6622.001,3.609997634887695,ID220,0.019782341029446364
4.25,1.75,,,False,,,,,
4.25,2.0,-0.01999908685684204,ID20115,False,0.34,ID6622.001,1.1590695428848266,ID6622.001,0.019782341029446364
4.25,2.25,-0.01999896764755249,ID6622.001,False,0.26087931265385966,ID6622.001,3.479997043609619,ID152,0.0
4.25,2.5,-0.019999027252197266,ID20115,False,0.09277037724451043,ID6790.001,3.599999074935913,ID6790.001,0.0
4.25,2.75,-0.019999027252197266,ID20115,False,0.2665888930188809,ID16030,1.9811979579925536,ID6790.001,0.0
4.25,3.0,0.43000108003616333,ID16934,False,0.34,ID16030,0.47063899517059327,ID6790.001,0.0
4.25,3.25,0.4300011098384857,ID16934,False,0.34,ID16030,0.7081867504119873,ID6790.001,0.0
4.25,3.5,0.4300011098384857,ID19649,False,0.2664434495704471,ID16190,3.0699967193603515,ID124,0.0
4.25,3.75,0.4300011396408081,ID19885,False,0.05067650759559922,ID16338,3.0699967193603515,ID124,0.019782341029446364
4.25,4.0,0.4300011396408081,ID19885,True,2.5822836813294003e-08,ID19885,3.0699967193603515,ID124,0.019782341029446364
4.25,4.25,0.4300011694431305,ID19885,True,0.0,ID19885,3.0699967193603515,ID124,0.019782341029446364
4.25,4.5,0.4300011992454529,ID19885,True,0.0,ID19885,2.823727970123291,ID124,0.0
4.25,4.75,0.4300011992454529,ID19649,True,2.582016184193847e-08,ID19649,2.7265073108673095,ID909,0.0
4.25,5.0,0.43000122904777527,ID19905,True,0.0,ID19905,2.6289001750946044,ID909,0.0
4.25,5.25,0.43000125885009766,ID19905,True,0.0,ID19905,2.5284079360961913,ID124,0.0
4.25,5.5,0.43000125885009766,ID19905,False,0.1929691439118529,ID17898.002,2.427914981842041,ID124,0.0
4.25,5.75,0.43000128865242004,ID19905,False,0.34,ID17972.002,0.6035611081123352,ID17972.002,0.0
4.25,6.0,0.43000131845474243,ID19905,False,0.34,ID11210.006,0.444892053604126,ID11210.006,0.0
4.25,6.25,0.43000131845474243,ID19905,False,0.3017030667070056,ID11210.006,2.4199961471557616,ID116,0.0
4.25,6.5,0.4300013780593872,ID19639,False,0.34,ID10007.021,0.19618258357048035,ID18173.001,0.019782341029446364
4.25,6.75,0.4300013780593872,ID19639,False,0.34,ID18173.001,0.3793904232978821,ID18173.001,0.0
4.25,7.0,-0.6799986362457275,ID19639,False,0.30616022762568795,ID18173.001,3.529996757507324,ID116,0.0
4.25,7.25,-0.679998517036438,ID19639,False,0.13004866710718524,ID18173.001,3.5299958038330077,ID116,0.0
4.25,7.5,,,False,,,,,
4.25,7.75,,,False,,,,,
4.25,8.0,,,False,,,,,
4.5,-8.0,,,False,,,,,
4.5,-7.75,,,False,,,,,
4.5,-7.5,,,False,,,,,
4.5,-7.25,0.31000015139579773,ID20731,False,0.20999715976791936,ID1471,2.539998893737793,ID116,0.0
4.5,-7.0,0.31000015139579773,ID20731,True,0.0,ID20731,2.539998893737793,ID116,0.0
4.5,-6.75,0.31000015139579773,ID20731,True,2.5822836813294003e-08,ID20731,2.539998893737793,ID116,0.0
4.5,-6.5,0.3100002110004425,ID20731,True,0.0,ID20731,2.5399986553192138,ID116,0.0
4.5,-6.25,0.3100002408027649,ID20731,False,0.055052097806952416,ID19649,2.539998893737793,ID116,0.0
4.5,-6.0,0.3100002408027649,ID19649,False,0.1179248057969503,ID19649,2.5399986553192138,ID116,0.0
4.5,-5.75,0.3100002706050873,ID19649,False,0.11918573629836296,ID19649,2.5399986553192138,ID116,0.0
4.5,-5.5,0.31000030040740967,ID19649,False,0.11918575316905952,ID19649,2.5399984169006347,ID116,0.0
4.5,-5.25,0.31000030040740967,ID19649,False,0.11918577847510678,ID19649,2.606590871810913,ID124,0.0
4.5,-5.0,0.31000030040740967,ID19649,False,0.11918579534580656,ID19649,2.70381010055542,ID124,0.0
4.5,-4.75,0.31000036001205444,ID19649,False,0.11918577003975736,ID19649,2.8010309982299804,ID805,0.0
4.5,-4.5,0.31000038981437683,ID20731,False,0.062454211795054615,ID19649,2.8958309936523436,ID124,0.0
4.5,-4.25,0.31000038981437683,ID20731,True,0.0,ID20731,2.9895147132873534,ID124,0.0
4.5,-4.0,0.3100004196166992,ID20731,True,2.5822836813294003e-08,ID20731,3.189998273849487,ID124,0.0
4.5,-3.75,0.3100004196166992,ID20731,True,5.8693049420632804e-08,ID20731,3.189998273849487,ID124,0.0
4.5,-3.5,0.310000479221344,ID20731,True,2.5822836813294003e-08,ID20731,3.189998035430908,ID124,0.0
4.5,-3.25,-0.019999563694000244,ID20035,False,0.31674168612876136,ID19649,3.6099981117248534,ID144,0.0
4.5,-3.0,-0.019999563694000244,ID20115,False,0.34,ID14371,0.9425578165054321,ID14661,0.0
4.5,-2.75,,,False,,,,,
4.5,-2.5,0.4604503810405731,ID14397,False,0.34,ID14387,0.33249345898628235,ID14397,1.4999826611365912
4.5,-2.25,-0.01999950408935547,ID20015,False,0.1688265385719217,ID14807,3.6099978733062743,ID144,0.0
4.5,-2.0,0.10069471597671509,ID14797,True,0.0,ID14797,3.3593035984039306,ID152,0.0
4.5,-1.75,0.10069474577903748,ID14797,True,0.0,ID14797,3.4893037128448485,ID220,0.019782341029446364
4.5,-1.5,0.10069477558135986,ID14797,True,0.0,ID14797,3.4893039512634276,ID220,0.019782341029446364
4.5,-1.25,-0.019999444484710693,ID20655,False,0.09880242927228122,ID14797,3.6099981117248534,ID220,0.0
4.5,-1.0,-0.019999384880065918,ID20655,False,0.03106934926473298,ID14797,3.6099981117248534,ID220,0.0
4.5,-0.75,-0.019999384880065918,ID20655,True,0.0,ID20655,3.6099981117248534,ID220,0.0
4.5,-0.5,-0.019999384880065918,ID20655,True,0.0,ID20655,3.6099981117248534,ID220,0.0
4.5,-0.25,-0.019999384880065918,ID20655,True,2.5821144056248357e-08,ID20655,3.6099978733062743,ID220,0.0
4.5,0.0,-0.019999325275421143,ID20655,True,0.0,ID20655,3.4801322269439696,ID160,0.0
4.5,0.25,-0.019999325275421143,ID20655,True,2.5820308113821966e-08,ID20655,3.609997634887695,ID220,0.0
4.5,0.5,-0.019999325275421143,ID20655,True,2.5822481541926123e-08,ID20655,3.609997634887695,ID220,0.0
4.5,0.75,-0.019999265670776367,ID20655,True,0.0,ID20655,3.609997158050537,ID220,0.0
4.5,1.0,-0.019999265670776367,ID20655,False,0.031069757752178295,ID14797,3.6099978733062743,ID220,0.0
4.5,1.25,-0.019999206066131592,ID20655,False,0.09880286993710882,ID14797,3.609997634887695,ID220,0.0
4.5,1.5,0.10069501399993896,ID14797,False,0.0034051203940139163,ID6622.001,3.4893032360076903,ID220,0.0
4.5,1.75,-0.019999206066131592,ID20115,False,0.2266606932695291,ID6622.001,3.609997396469116,ID220,0.019782341029446364
4.5,2.0,-0.019999027252197266,ID6622.001,False,0.34,ID6642.001,0.9536087560653687,ID6642.001,0.019782341029446364
4.5,2.25,-0.01999908685684204,ID6622.001,False,0.1906156109472323,ID6622.001,1.750309829711914,ID6622.001,0.0
4.5,2.5,-0.01999896764755249,ID6622.001,False,0.1497472487107678,ID6622.001,3.599999551773071,ID6622.001,0.0
4.5,2.75,-0.01999908685684204,ID20115,False,0.29705618814944335,ID16030,3.5999997901916503,ID6790.001,0.0
4.5,3.0,0.43000105023384094,ID19659,False,0.34,ID16210,0.41363052010536194,ID6790.001,0.0
4.5,3.25,0.43000108003616333,ID19659,False,0.34,ID16030,0.7755699801445007,ID16030,0.0
4.5,3.5,0.43000108003616333,ID19885,False,0.3359995285450955,ID6790.001,1.432897810935974,ID6790.001,0.0
4.5,3.75,0.4300011098384857,ID19885,False,0.10101785670842484,ID6790.001,3.0699967193603515,ID124,0.0
4.5,4.0,0.4300011396408081,ID19885,True,2.5822418869836383e-08,ID19885,3.0699967193603515,ID124,0.0
4.5,4.25,0.4300011694431305,ID19885,True,0.0,ID19885,2.869511966705322,ID124,0.0
4.5,4.5,0.4300011992454529,ID19885,True,0.0,ID19885,2.7758287239074706,ID124,0.0
4.5,4.75,0.4300011992454529,ID19885,True,2.5822836813294003e-08,ID19885,2.6810289669036864,ID861,0.0
4.5,5.0,0.4300011992454529,ID19649,True,5.8692715021457786e-08,ID19649,2.583808546066284,ID124,0.019782341029446364
4.5,5.25,0.43000125885009766,ID19905,True,2.5822836813294003e-08,ID19905,2.4865878868103026,ID124,0.0
4.5,5.5,0.43000125885009766,ID19905,False,0.035225382690374285,ID17898.002,2.41999662399292,ID116,0.0
4.5,5.75,0.43000128865242004,ID19905,False,0.10670586350755287,ID11210.006,2.4199963855743407,ID116,0.0
4.5,6.0,0.43000131845474243,ID19905,False,0.17964290978356454,ID11210.006,2.4199963855743407,ID116,0.0
4.5,6.25,0.43000131845474243,ID19649,False,0.28125802737514516,ID18203.001,2.4199963855743407,ID116,0.0
4.5,6.5,0.4300013780593872,ID19639,False,0.34,ID10439.018,0.24399061977863312,ID18173.001,0.0
4.5,6.75,-0.6799986362457275,ID19639,False,0.29637195911512193,ID19639,2.048975591659546,ID16952.006,0.0
4.5,7.0,-0.679998517036438,ID19639,False,0.3184692271229039,ID18173.001,3.529996042251587,ID116,0.0
4.5,7.25,-0.679998517036438,ID19639,False,0.2099978242179921,ID19639,3.529996042251587,ID116,0.0
4.5,7.5,,,False,,,,,
4.5,7.75,,,False,,,,,
4.5,8.0,,,False,,,,,
4.75,-8.0,,,False,,,,,
4.75,-7.75,,,False,,,,,
4.75,-7.5,,,False,,,,,
4.75,-7.25,0.31000012159347534,ID19649,False,0.29552972736121563,ID1471,2.539999132156372,ID116,0.0
4.75,-7.0,0.31000015139579773,ID20731,False,0.06080893953759997,ID1471,2.539998893737793,ID116,0.0
4.75,-6.75,0.3100001811981201,ID20731,True,2.5822836813294003e-08,ID20731,2.539998893737793,ID116,0.0
4.75,-6.5,0.3100002110004425,ID20731,False,0.08317627381029635,ID19649,2.5399984169006347,ID116,0.0
4.75,-6.25,0.4300002455711365,ID19649,True,0.0,ID19649,2.4199987697601317,ID116,0.019782341029446364
4.75,-6.0,0.4300002455711365,ID20645,True,2.5822836813294003e-08,ID20645,2.4199987697601317,ID116,0.019782341029446364
4.75,-5.75,0.43000027537345886,ID20645,True,0.0,ID20645,2.4199985313415526,ID116,0.019782341029446364
4.75,-5.5,0.43000030517578125,ID20645,True,2.5822836813294003e-08,ID20645,2.4199987697601317,ID116,0.019782341029446364
4.75,-5.25,0.43000033497810364,ID20645,True,0.0,ID20645,2.4411119270324706,ID124,0.019782341029446364
4.75,-5.0,0.430000364780426,ID20645,True,0.0,ID20645,2.538332109451294,ID124,0.0
4.75,-4.75,0.4300003945827484,ID20645,True,0.0,ID20645,2.6329973983764647,ID805,0.0
4.75,-4.5,0.31000036001205444,ID19649,False,0.11888899397561178,ID19649,2.8466802883148192,ID805,0.0
4.75,-4.25,0.31000038981437683,ID20731,False,0.025816284934957523,ID19649,2.9381066608428954,ID124,0.0
4.75,-4.0,0.3100004196166992,ID20731,True,2.5822836813294003e-08,ID20731,3.189998273849487,ID124,0.0
4.75,-3.75,0.3100004494190216,ID20731,True,0.0,ID20731,3.189998273849487,ID124,0.0
4.75,-3.5,0.310000479221344,ID20731,False,0.07112792996460465,ID14693,3.189998273849487,ID124,0.0
4.75,-3.25,0.3100005090236664,ID19649,False,0.2808086525015403,ID14693,3.189997797012329,ID124,0.0
4.75,-3.0,-0.01999962329864502,ID20115,False,0.34,ID14371,1.1684070873260497,ID14371,0.0
4.75,-2.75,-0.019999563694000244,ID20115,False,0.34,ID14371,1.286010866165161,ID14371,0.019782341029446364
4.75,-2.5,-0.01999950408935547,ID20015,False,0.24203456827433922,ID14807,3.6099981117248534,ID144,0.0
4.75,-2.25,0.2500005066394806,ID14807,False,0.01046986873557959,ID14387,3.3399981307983397,ID144,0.0
4.75,-2.0,0.10069471597671509,ID14797,False,0.124851614770148,ID14807,3.3593038368225097,ID152,0.0
4.75,-1.75,0.10069471597671509,ID14797,False,0.025955087480452055,ID14807,3.3593040752410888,ID152,0.0
4.75,-1.5,0.10069480538368225,ID14797,True,0.0,ID14797,3.4893037128448485,ID220,0.0
4.75,-1.25,0.10069480538368225,ID14797,True,0.0,ID14797,3.4893037128448485,ID220,0.0
4.75,-1.0,0.10069483518600464,ID14797,True,0.0,ID14797,3.4893037128448485,ID220,0.0
4.75,-0.75,-0.019999384880065918,ID20015,False,0.10633867251329746,ID14797,3.6099978733062743,ID220,0.0
4.75,-0.5,-0.019999325275421143,ID20655,False,0.07529998157611828,ID14797,3.609997396469116,ID220,0.0
4.75,-0.25,-0.019999325275421143,ID20655,False,0.04951259465810681,ID14797,3.609997634887695,ID220,0.0
4.75,0.0,-0.019999325275421143,ID20655,False,0.039104658527858216,ID14797,3.480098133087158,ID160,0.0
4.75,0.25,-0.019999265670776367,ID20655,False,0.04951260477726127,ID14797,3.609997634887695,ID220,0.0
4.75,0.5,-0.019999265670776367,ID20655,False,0.07530007657314236,ID14797,3.609997396469116,ID220,0.0
4.75,0.75,-0.019999265670776367,ID20015,False,0.1063388669446941,ID14797,3.609997634887695,ID220,0.0
4.75,1.0,0.10069498419761658,ID14797,True,0.0,ID14797,3.4893032360076903,ID220,0.0
4.75,1.25,0.10069501399993896,ID14797,True,0.0,ID14797,3.4893037128448485,ID220,0.0
4.75,1.5,0.10069510340690613,ID14797,True,0.0,ID14797,3.4893032360076903,ID220,0.0
4.75,1.75,0.10069504380226135,ID14797,False,0.06567995967739437,ID6622.001,3.3593031215667724,ID152,0.019782341029446364
4.75,2.0,-0.019999206066131592,ID20115,False,0.28035365662232675,ID6622.001,3.4799975204467772,ID152,0.0
4.75,2.25,,,False,,,,,
4.75,2.5,,,False,,,,,
4.75,2.75,-0.019998908042907715,ID6622.001,False,0.2637668974292956,ID6622.001,3.599999074935913,ID6622.001,0.0
4.75,3.0,,,False,,,,,
4.75,3.25,0.43000105023384094,ID19885,False,0.34,ID6790.001,0.8557539629936218,ID6790.001,0.0
4.75,3.5,0.43000105023384094,ID19885,False,0.22213789842657733,ID6790.001,3.0699971961975097,ID124,0.0
4.75,3.75,0.43000108003616333,ID19885,False,0.019365998158574427,ID6790.001,3.0699967193603515,ID124,0.0
4.75,4.0,0.4300011396408081,ID19885,True,2.5821499327616237e-08,ID19885,3.0699969577789306,ID124,0.0
4.75,4.25,0.4300011396408081,ID19885,True,5.867131513959123e-08,ID19885,2.8181043910980224,ID124,0.0
4.75,4.5,0.4300011992454529,ID19885,True,2.582216807045512e-08,ID19885,2.7266782569885253,ID861,0.0
4.75,4.75,0.4300011992454529,ID19885,True,5.868769942241059e-08,ID19885,2.63299596786499,ID861,0.0
4.75,5.0,0.43000125885009766,ID19885,True,0.0,ID19885,2.538330202102661,ID124,0.0
4.75,5.25,0.43000125885009766,ID19935,True,0.0,ID19935,2.4411093044281005,ID124,0.0
4.75,5.5,0.43000125885009766,ID19649,True,2.5822836813294003e-08,ID19649,2.41999662399292,ID116,0.0
4.75,5.75,0.43000128865242004,ID19905,False,0.03146264869256943,ID18173.001,2.4199963855743407,ID116,0.0
4.75,6.0,0.43000131845474243,ID19905,False,0.13195045052656293,ID18203.001,2.4199963855743407,ID116,0.0
4.75,6.25,0.43000131845474243,ID19649,False,0.34,ID18173.001,0.7761953520774841,ID18173.001,0.0
4.75,6.5,0.4300013780593872,ID19639,False,0.34,ID17822.006,0.3083081293106079,ID18173.001,0.0
4.75,6.75,-0.679998517036438,ID19639,False,0.21078586954200504,ID19639,3.529996280670166,ID116,0.0
4.75,7.0,-0.679998517036438,ID19639,False,0.24460174875435325,ID18173.001,3.529996042251587,ID116,0.0
4.75,7.25,-0.679998517036438,ID19639,False,0.2955301763202008,ID19639,3.529996519088745,ID116,0.0
4.75,7.5,,,False,,,,,
4.75,7.75,,,False,,,,,
4.75,8.0,,,False,,,,,
5.0,-8.0,,,False,,,,,
5.0,-7.75,,,False,,,,,
5.0,-7.5,,,False,,,,,
5.0,-7.25,,,False,,,,,
5.0,-7.0,0.3100001811981201,ID20731,False,0.15653049163174276,ID1471,2.539998893737793,ID116,0.0
5.0,-6.75,0.31000015139579773,ID19649,False,0.1045369255728402,ID19649,2.539998893737793,ID116,0.0
5.0,-6.5,0.4300002157688141,ID19649,True,0.0,ID19649,2.4199987697601317,ID116,0.0
5.0,-6.25,0.4300002157688141,ID20645,True,2.5822836813294003e-08,ID20645,2.4199985313415526,ID116,0.019782341029446364
5.0,-6.0,0.4300002455711365,ID20645,True,2.5822836813294003e-08,ID20645,2.4199987697601317,ID116,0.019782341029446364
5.0,-5.75,0.43000030517578125,ID20645,True,0.0,ID20645,2.4199985313415526,ID116,0.0
5.0,-5.5,0.43000030517578125,ID20645,True,2.5822836813294003e-08,ID20645,2.4199987697601317,ID116,0.0
5.0,-5.25,0.43000033497810364,ID20645,True,0.0,ID20645,2.4199985313415526,ID116,0.0
5.0,-5.0,0.430000364780426,ID20645,True,0.0,ID20645,2.490164403915405,ID124,0.0
5.0,-4.75,0.4300003945827484,ID20645,True,0.0,ID20645,2.5838476467132567,ID124,0.0
5.0,-4.5,0.4300003945827484,ID20645,True,0.0,ID20645,2.6755529689788817,ID805,0.0
5.0,-4.25,0.3100004196166992,ID19649,False,0.10683769888911279,ID19649,2.885449295043945,ID124,0.0
5.0,-4.0,0.3100004196166992,ID20731,True,2.5822836813294003e-08,ID20731,2.9729934978485106,ID124,0.0
5.0,-3.75,0.3100004494190216,ID20731,True,0.0,ID20731,3.189998273849487,ID124,0.0
5.0,-3.5,0.310000479221344,ID20731,False,0.20726752406036794,ID14693,3.189998273849487,ID124,0.0
5.0,-3.25,0.5003823041915894,ID14363,False,0.34,ID14371,0.2651815462112427,ID14363,0.019782341029446364
5.0,-3.0,0.5003823637962341,ID14363,False,0.34,ID14371,0.22838269650936127,ID14363,0.0
5.0,-2.75,-0.01999950408935547,ID20015,False,0.28765650389860997,ID20781,3.6099983501434325,ID144,0.0
5.0,-2.5,0.2500004768371582,ID14807,False,0.06827816788906188,ID19649,3.3399978923797606,ID144,0.0
5.0,-2.25,0.2500004768371582,ID14807,True,2.5822836813294003e-08,ID14807,3.3399981307983397,ID144,0.0
5.0,-2.0,0.2500004768371582,ID14807,True,5.869302849292879e-08,ID14807,3.3399978923797606,ID144,0.0
5.0,-1.75,0.10069474577903748,ID14797,False,0.14437860656081314,ID14807,3.3593035984039306,ID152,0.019782341029446364
5.0,-1.5,0.10069480538368225,ID14797,False,0.0816192495830147,ID14807,3.3593040752410888,ID152,0.019782341029446364
5.0,-1.25,0.10069477558135986,ID14797,True,0.0,ID14797,3.4893039512634276,ID220,0.0
5.0,-1.0,0.10069480538368225,ID14797,True,0.0,ID14797,3.4893037128448485,ID220,0.0
5.0,-0.75,0.10069483518600464,ID14797,True,0.0,ID14797,3.4893034744262694,ID220,0.0
5.0,-0.5,0.10069483518600464,ID14797,True,2.5743736697947384e-08,ID14797,3.4893037128448485,ID220,0.0
5.0,-0.25,0.10069486498832703,ID14797,True,0.0,ID14797,3.4893034744262694,ID220,0.0
5.0,0.0,0.10069486498832703,ID14797,True,2.5822481541926123e-08,ID14797,3.359369878768921,ID160,0.0
5.0,0.25,0.10069486498832703,ID14797,True,2.5800386771468453e-08,ID14797,3.4893037128448485,ID220,0.0
5.0,0.5,0.1006949245929718,ID14797,True,0.0,ID14797,3.4893037128448485,ID220,0.0
5.0,0.75,0.10069495439529419,ID14797,True,0.0,ID14797,3.4893034744262694,ID220,0.0
5.0,1.0,0.10069501399993896,ID14797,True,0.0,ID14797,3.489302997589111,ID220,0.0
5.0,1.25,0.10069498419761658,ID14797,True,2.5774352707674808e-08,ID14797,3.3593035984039306,ID152,0.0
5.0,1.5,0.10069504380226135,ID14797,False,0.0816202966801986,ID14807,3.3593028831481933,ID152,0.0
5.0,1.75,0.10069504380226135,ID14797,False,0.14437882317925074,ID14807,3.489302997589111,ID144,0.0
5.0,2.0,0.25000083446502686,ID14807,False,0.11529307940329153,ID6622.001,3.3399974155426024,ID144,0.0
5.0,2.25,-0.01999908685684204,ID20115,False,0.2952897190124383,ID6622.001,3.609997396469116,ID144,0.0
5.0,2.5,-0.01999908685684204,ID20115,False,0.34,ID6622.001,1.1117811250686644,ID6622.001,0.0
5.0,2.75,-0.019999146461486816,ID20115,False,0.34,ID6622.001,1.3311301517486571,ID6622.001,0.0
5.0,3.0,0.43000102043151855,ID19885,False,0.34,ID6622.001,0.4099489498138428,ID6622.001,0.0
5.0,3.25,0.43000105023384094,ID19885,False,0.34,ID6790.001,0.6449510502815247,ID6790.001,0.0
5.0,3.5,0.43000108003616333,ID19885,False,0.311417626781308,ID6790.001,3.0699967193603515,ID124,0.0
5.0,3.75,0.4300011098384857,ID19885,False,0.13987672845936408,ID6790.001,3.0699967193603515,ID124,0.0
5.0,4.0,0.4300011396408081,ID19885,True,2.5822836813294003e-08,ID19885,2.8529914665222167,ID124,0.0
5.0,4.25,0.4300011694431305,ID19885,True,0.0,ID19885,2.7654475021362304,ID124,0.0
5.0,4.5,0.4300011992454529,ID19885,True,0.0,ID19885,2.67555082321167,ID861,0.0
5.0,4.75,0.4300011694431305,ID19885,True,2.5822836813294003e-08,ID19885,2.583845739364624,ID124,0.0
5.0,5.0,0.43000122904777527,ID19935,False,0.02800825457558287,ID17972.003,2.4901627349853515,ID124,0.0
5.0,5.25,0.43000122904777527,ID19935,False,0.07339529331894568,ID17972.003,2.41999662399292,ID116,0.0
5.0,5.5,0.43000125885009766,ID19935,True,2.5822836813294003e-08,ID19935,2.419996862411499,ID116,0.0
5.0,5.75,0.43000128865242004,ID19649,False,0.15870848739551677,ID18173.001,2.4199963855743407,ID116,0.0
5.0,6.0,0.43000131845474243,ID19905,False,0.34,ID18173.001,0.7215083885192871,ID18173.001,0.0
5.0,6.25,0.43000131845474243,ID19639,False,0.34,ID18173.001,0.1961042630672455,ID18173.001,0.0
5.0,6.5,0.43000131845474243,ID19639,False,0.34,ID18173.001,0.3726257133483887,ID18173.001,0.0
5.0,6.75,-0.6799986362457275,ID19639,False,0.28609095467912715,ID18173.001,3.529996519088745,ID116,0.019782341029446364
5.0,7.0,-0.679998517036438,ID19639,False,0.15901575958009306,ID18173.001,3.529996757507324,ID116,0.019782341029446364
5.0,7.25,,,False,,,,,
5.0,7.5,,,False,,,,,
5.0,7.75,,,False,,,,,
5.0,8.0,,,False,,,,,
5.25,-8.0,,,False,,,,,
5.25,-7.75,,,False,,,,,
5.25,-7.5,,,False,,,,,
5.25,-7.25,,,False,,,,,
5.25,-7.0,0.31000015139579773,ID19649,False,0.252251868787176,ID1471,2.539998893737793,ID116,0.0
5.25,-6.75,0.4300001859664917,ID19649,False,0.0232430363733952,ID1471,2.4199987697601317,ID116,0.0
5.25,-6.5,0.4300002157688141,ID20645,True,0.0,ID20645,2.4199987697601317,ID116,0.0
5.25,-6.25,0.4300002455711365,ID20645,True,2.5822502469630138e-08,ID20645,2.4199987697601317,ID116,0.0
5.25,-6.0,0.43000027537345886,ID20645,True,0.0,ID20645,2.4199985313415526,ID116,0.0
5.25,-5.75,0.43000030517578125,ID20645,True,0.0,ID20645,2.4199982929229735,ID116,0.0
5.25,-5.5,0.43000030517578125,ID20645,True,2.5822836813294003e-08,ID20645,2.4199985313415526,ID116,0.0
5.25,-5.25,0.43000033497810364,ID20645,True,0.0,ID20645,2.4199982929229735,ID116,0.0
5.25,-5.0,0.430000364780426,ID20645,True,0.0,ID20645,2.441014413833618,ID124,0.0
5.25,-4.75,0.430000364780426,ID20645,True,2.5822836813294003e-08,ID20645,2.5329998779296874,ID124,0.0
5.25,-4.5,0.430000364780426,ID20645,True,5.8693049420632804e-08,ID20645,2.622896556854248,ID773,0.0
5.25,-4.25,0.4300004243850708,ID19649,True,0.0,ID19649,2.7111262130737304,ID773,0.0
5.25,-4.0,0.3100004494190216,ID20731,False,0.08327099509617575,ID19649,2.917003517150879,ID124,0.0
5.25,-3.75,0.3100004494190216,ID20731,False,0.13372640233580096,ID14693,3.0002166080474852,ID124,0.0
5.25,-3.5,0.4705495834350586,ID14363,False,0.34,ID14371,0.40107200026512146,ID14363,28.294789577439676
5.25,-3.25,0.5003823041915894,ID14363,False,0.34,ID14371,0.3218584108352661,ID14363,0.0
5.25,-3.0,0.43000054359436035,ID19649,False,0.31723304427941124,ID14508,3.069998149871826,ID124,0.0
5.25,-2.75,0.43000054359436035,ID20741,False,0.10755244533168937,ID14508,3.099983100891113,ID144,0.0
5.25,-2.5,0.2500004768371582,ID14807,False,0.17740894630666523,ID19649,3.3399981307983397,ID144,0.0
5.25,-2.25,0.2500005066394806,ID14807,False,0.09580945525311352,ID19649,3.3399978923797606,ID144,0.0
5.25,-2.0,0.2500004470348358,ID14807,True,2.5822836813294003e-08,ID14807,3.3399981307983397,ID144,0.0
5.25,-1.75,0.2500004768371582,ID14807,True,5.869296582083905e-08,ID14807,3.3399978923797606,ID144,0.0
5.25,-1.5,0.2500005066394806,ID14807,True,2.5822836813294003e-08,ID14807,3.3399978923797606,ID144,0.0
5.25,-1.25,0.10069483518600464,ID14797,False,0.13878077656249274,ID14807,3.3593035984039306,ID152,0.0
5.25,-1.0,0.10069480538368225,ID14797,False,0.09198972401330613,ID14807,3.3593035984039306,ID152,0.0
5.25,-0.75,0.10069480538368225,ID14797,False,0.03692722629444345,ID14807,3.4893039512634276,ID220,0.0
5.25,-0.5,0.10069486498832703,ID14797,True,0.0,ID14797,3.4893037128448485,ID220,0.0
5.25,-0.25,0.10069486498832703,ID14797,True,0.0,ID14797,3.4893037128448485,ID220,0.0
5.25,0.0,0.10069486498832703,ID14797,True,2.5822757099280835e-08,ID14797,3.3593360233306884,ID160,0.0
5.25,0.25,0.1006949245929718,ID14797,True,0.0,ID14797,3.4893032360076903,ID220,0.0
5.25,0.5,0.1006949245929718,ID14797,True,0.0,ID14797,3.489302997589111,ID220,0.0
5.25,0.75,0.1006949245929718,ID14797,False,0.036927630001392264,ID14807,3.4893032360076903,ID220,0.0
5.25,1.0,0.10069498419761658,ID14797,False,0.09199005259154322,ID14807,3.3593033599853515,ID152,0.0
5.25,1.25,0.10069504380226135,ID14797,False,0.13878117677464732,ID14807,3.3593033599853515,ID152,0.0
5.25,1.5,0.2500007748603821,ID14807,True,2.5822836813294003e-08,ID14807,3.3399976539611815,ID144,0.0
5.25,1.75,0.25000083446502686,ID14807,True,0.0,ID14807,3.3399974155426024,ID144,0.0
5.25,2.0,0.25000083446502686,ID14807,True,2.5822836813294003e-08,ID14807,3.3399974155426024,ID144,0.0
5.25,2.25,0.25000086426734924,ID14807,False,0.1133628297403062,ID6622.001,3.3399974155426024,ID144,0.0
5.25,2.5,-0.019999027252197266,ID20115,False,0.3110879375608511,ID20781,3.609996919631958,ID144,0.0
5.25,2.75,0.43000102043151855,ID19925,False,0.34,ID6622.001,1.322124605178833,ID6622.001,0.0
5.25,3.0,0.43000102043151855,ID19649,False,0.3180391411628962,ID6622.001,3.0699974346160888,ID124,0.0
5.25,3.25,0.43000108003616333,ID19885,False,0.34,ID6622.001,0.7678933787345886,ID6622.001,0.0
5.25,3.5,0.43000108003616333,ID19885,False,0.2952798231749952,ID6790.001,3.0699967193603515,ID124,0.0
5.25,3.75,0.43000108003616333,ID19885,False,0.1623474423642076,ID6790.001,2.8802148151397704,ID124,0.0
5.25,4.0,0.4300011396408081,ID19885,True,0.0,ID19885,2.797001724243164,ID124,0.0
5.25,4.25,0.4300011396408081,ID19885,True,2.5822836813294003e-08,ID19885,2.7111240673065184,ID749,0.0
5.25,4.5,0.4300011396408081,ID19885,True,5.8693049420632804e-08,ID19885,2.622894649505615,ID749,0.0
5.25,4.75,0.4300011992454529,ID19649,False,0.053943748822195936,ID17898.003,2.5329979705810546,ID124,0.0
5.25,5.0,0.4300011992454529,ID19935,False,0.2548145755710331,ID17898.003,2.4410127449035643,ID124,0.0
5.25,5.25,0.43000125885009766,ID19935,False,0.30461045250390845,ID17972.003,2.41999662399292,ID116,0.0
5.25,5.5,0.43000125885009766,ID19935,False,0.17451709105919788,ID11120.007,2.41999662399292,ID116,0.0
5.25,5.75,0.43000131845474243,ID19935,False,0.2731515237534897,ID18173.001,2.4199963855743407,ID116,0.0
5.25,6.0,0.43000131845474243,ID19649,False,0.34,ID18173.001,0.7650436806678772,ID18173.001,0.0
5.25,6.25,0.43000131845474243,ID19639,False,0.34,ID18173.001,0.27572060108184815,ID18173.001,0.0
5.25,6.5,-0.679998517036438,ID19639,False,0.2745073793549394,ID19639,2.04896653175354,ID16952.007,0.019782341029446364
5.25,6.75,-0.6799986362457275,ID19639,False,0.30832322075526225,ID18173.001,3.529996519088745,ID116,0.019782341029446364
5.25,7.0,-0.6799986362457275,ID19639,False,0.252251868776467,ID19639,3.529996280670166,ID116,0.019782341029446364
5.25,7.25,,,False,,,,,
5.25,7.5,,,False,,,,,
5.25,7.75,,,False,,,,,
5.25,8.0,,,False,,,,,
5.5,-8.0,,,False,,,,,
5.5,-7.75,,,False,,,,,
5.5,-7.5,,,False,,,,,
5.5,-7.25,,,False,,,,,
5.5,-7.0,,,False,,,,,
5.5,-6.75,0.4300001859664917,ID20645,False,0.12917235347448988,ID1471,2.4199987697601317,ID116,0.0
5.5,-6.5,0.4300002455711365,ID20645,True,0.0,ID20645,2.419999008178711,ID116,0.0
5.5,-6.25,0.4300002455711365,ID20645,True,2.5822836813294003e-08,ID20645,2.4199985313415526,ID116,0.0
5.5,-6.0,0.43000027537345886,ID20645,True,0.0,ID20645,2.4199985313415526,ID116,0.0
5.5,-5.75,0.43000030517578125,ID20645,True,0.0,ID20645,2.4199982929229735,ID116,0.0
5.5,-5.5,0.43000030517578125,ID20645,True,2.5822836813294003e-08,ID20645,2.4199985313415526,ID116,0.0
5.5,-5.25,0.43000033497810364,ID20645,True,0.0,ID20645,2.4199982929229735,ID116,0.0
5.5,-5.0,0.430000364780426,ID20645,True,0.0,ID20645,2.4199985313415526,ID116,0.0
5.5,-4.75,0.430000364780426,ID20645,True,2.5822836813294003e-08,ID20645,2.4803429889678954,ID124,0.0
5.5,-4.5,0.4300003945827484,ID20645,True,0.0,ID20645,2.569258813858032,ID124,0.0
5.5,-4.25,0.4300004243850708,ID20645,True,2.5822836813294003e-08,ID20645,2.6551364707946776,ID773,0.0
5.5,-4.0,0.4300004243850708,ID19649,False,0.06018528972886911,ID14693,2.7394324588775634,ID124,0.0
5.5,-3.75,0.3100004494190216,ID19649,False,0.26986601652811726,ID14693,2.9410747337341308,ID124,0.019782341029446364
5.5,-3.5,0.5003823041915894,ID14363,False,0.34,ID14371,0.41533416986465455,ID14363,0.019782341029446364
5.5,-3.25,0.49604877829551697,ID14363,False,0.34,ID14371,0.3846965479850769,ID14363,28.294912057389073
5.5,-3.0,0.4300004839897156,ID20741,False,0.18109326519754074,ID14508,3.069998388290405,ID124,0.0
5.5,-2.75,0.43000051379203796,ID20741,True,2.5822836813294003e-08,ID20741,3.069998149871826,ID124,0.0
5.5,-2.5,0.43000054359436035,ID20741,True,2.5822836813294003e-08,ID20741,3.1144920635223388,ID144,0.0
5.5,-2.25,0.43000057339668274,ID19649,True,2.582275321350025e-08,ID19649,3.1599975872039794,ID144,0.0
5.5,-2.0,0.2500004768371582,ID14807,False,0.14040436402851003,ID19649,3.3399978923797606,ID144,0.0
5.5,-1.75,0.2500004768371582,ID14807,False,0.04499657659425821,ID19649,3.3399978923797606,ID144,0.0
5.5,-1.5,0.2500005066394806,ID14807,True,2.5822502469630138e-08,ID14807,3.3399974155426024,ID144,0.0
5.5,-1.25,0.250000536441803,ID14807,True,2.5822481541926123e-08,ID14807,3.3399976539611815,ID144,0.0
5.5,-1.0,0.25000056624412537,ID14807,True,0.0,ID14807,3.2099980163574218,ID152,0.0
5.5,-0.75,0.25000062584877014,ID14807,True,0.0,ID14807,3.2099977779388427,ID152,0.0
5.5,-0.5,0.10069483518600464,ID14797,False,0.14420585608494932,ID14807,3.3593038368225097,ID152,0.0
5.5,-0.25,0.10069483518600464,ID14797,False,0.13447696778392074,ID14807,3.3593038368225097,ID152,0.0
5.5,0.0,0.10069489479064941,ID14797,False,0.1297026913821539,ID14807,3.3593035984039306,ID152,0.0
5.5,0.25,0.10069489479064941,ID14797,False,0.13447705391737444,ID14807,3.3593031215667724,ID152,0.0
5.5,0.5,0.10069489479064941,ID14797,False,0.14420597115483305,ID14807,3.3593033599853515,ID152,0.0
5.5,0.75,0.2500007450580597,ID14807,True,0.0,ID14807,3.2099975395202636,ID152,0.0
5.5,1.0,0.2500007748603821,ID14807,True,0.0,ID14807,3.3399976539611815,ID144,0.0
5.5,1.25,0.25000080466270447,ID14807,True,0.0,ID14807,3.3399976539611815,ID144,0.0
5.5,1.5,0.25000080466270447,ID14807,True,0.0,ID14807,3.3399976539611815,ID144,0.0
5.5,1.75,0.25000086426734924,ID14807,False,0.044997039093515157,ID19649,3.3399974155426024,ID144,0.0
5.5,2.0,0.25000086426734924,ID14807,False,0.14040455766954535,ID19649,3.3399974155426024,ID144,0.0
5.5,2.25,0.4300009608268738,ID19649,True,2.5822836813294003e-08,ID19649,3.1599973487854003,ID144,0.0
5.5,2.5,0.4300009608268738,ID19925,False,0.10290790048904291,ID6622.001,3.0752486038208007,ID144,0.0
5.5,2.75,0.43000102043151855,ID19925,False,0.1881516230267406,ID6622.001,3.0699971961975097,ID124,0.0
5.5,3.0,0.43000108003616333,ID19925,False,0.10844920150910001,ID6622.001,3.0699971961975097,ID124,0.0
5.5,3.25,0.43000105023384094,ID19649,False,0.21369172940546588,ID6622.001,3.0699974346160888,ID124,0.0
5.5,3.5,0.43000108003616333,ID19885,False,0.1739007560161798,ID6622.001,2.8995682048797606,ID124,0.019782341029446364
5.5,3.75,0.43000108003616333,ID19885,True,2.5822836813294003e-08,ID19885,2.821073417663574,ID124,0.0
5.5,4.0,0.4300011396408081,ID19885,True,2.5822836813294003e-08,ID19885,2.7394307899475097,ID124,0.0
5.5,4.25,0.4300011396408081,ID19885,True,2.5822836813294003e-08,ID19885,2.6551343250274657,ID749,0.0
5.5,4.5,0.4300011694431305,ID19649,True,2.5822836813294003e-08,ID19649,2.56925666809082,ID124,0.0
5.5,4.75,0.4300011992454529,ID19935,False,0.20229840083302442,ID17898.003,2.4803410816192626,ID124,0.0
5.5,5.0,0.4300011992454529,ID19935,False,0.34,ID17982.003,0.8504617261886597,ID17908.003,0.0
5.5,5.25,,,False,,,,,
5.5,5.5,0.43000125885009766,ID19935,False,0.34,ID11120.007,0.47779423475265503,ID11120.007,0.0
5.5,5.75,0.43000125885009766,ID19935,False,0.34,ID18173.001,0.7250347185134888,ID18173.001,0.0
5.5,6.0,0.43000131845474243,ID19639,False,0.34,ID18173.001,0.19469103693962098,ID18173.001,0.0
5.5,6.25,0.43000131845474243,ID19639,False,0.34,ID18173.001,0.36172393441200257,ID18173.001,0.0
5.5,6.5,-0.6799987554550171,ID19639,False,0.2611285141592179,ID18173.001,3.529996519088745,ID116,0.0
5.5,6.75,-0.6799986362457275,ID19639,False,0.19660451355097017,ID18173.001,3.529996519088745,ID116,0.0
5.5,7.0,,,False,,,,,
5.5,7.25,,,False,,,,,
5.5,7.5,,,False,,,,,
5.5,7.75,,,False,,,,,
5.5,8.0,,,False,,,,,
5.75,-8.0,,,False,,,,,
5.75,-7.75,,,False,,,,,
5.75,-7.5,,,False,,,,,
5.75,-7.25,,,False,,,,,
5.75,-7.0,,,False,,,,,
5.75,-6.75,0.4300001859664917,ID19649,False,0.2351018867163151,ID1471,2.4199987697601317,ID116,0.0
5.75,-6.5,0.4300001859664917,ID20645,False,0.01279281289689499,ID1471,2.4199987697601317,ID116,0.0
5.75,-6.25,0.4300002157688141,ID20645,True,2.5821499327616237e-08,ID20645,2.4199987697601317,ID116,0.0
5.75,-6.0,0.4300002455711365,ID20645,True,2.5822836813294003e-08,ID20645,2.4199987697601317,ID116,0.0
5.75,-5.75,0.4300002455711365,ID20645,True,5.8693049420632804e-08,ID20645,2.4199987697601317,ID116,0.0
5.75,-5.5,0.43000027537345886,ID20645,True,2.5822836813294003e-08,ID20645,2.4199985313415526,ID116,0.0
5.75,-5.25,0.43000030517578125,ID20645,True,2.5822836813294003e-08,ID20645,2.4199987697601317,ID116,0.0
5.75,-5.0,0.43000033497810364,ID20645,True,0.0,ID20645,2.4199985313415526,ID116,0.0
5.75,-4.75,0.430000364780426,ID20645,True,2.5822836813294003e-08,ID20645,2.427391414642334,ID124,0.0
5.75,-4.5,0.430000364780426,ID20645,True,5.8692715021457786e-08,ID20645,2.5132690715789794,ID124,0.0
5.75,-4.25,0.4300003945827484,ID20645,True,0.0,ID20645,2.5986481952667235,ID773,0.0
5.75,-4.0,0.4300004243850708,ID20645,False,0.196324921053029,ID14693,2.680290822982788,ID821,0.0
5.75,-3.75,0.5003822445869446,ID14363,False,0.34,ID14371,0.5088099884986877,ID14363,0.019782341029446364
5.75,-3.5,0.5003823041915894,ID14363,False,0.34,ID14371,0.47201106429100037,ID14363,0.0
5.75,-3.25,0.4300004839897156,ID19649,False,0.2546340462511155,ID14508,3.069998149871826,ID124,0.0
5.75,-3.0,0.4300004839897156,ID20741,False,0.04495346632338132,ID14508,3.069998388290405,ID124,0.0
5.75,-2.75,0.43000051379203796,ID20741,True,0.0,ID20741,3.069998388290405,ID124,0.0
5.75,-2.5,0.43000054359436035,ID20741,True,5.8693049420632804e-08,ID20741,3.069997911453247,ID124,0.0
5.75,-2.25,0.43000057339668274,ID19649,True,0.0,ID19649,3.094222192764282,ID144,0.0
5.75,-2.0,0.4300006031990051,ID19649,True,2.5822836813294003e-08,ID19649,3.1599975872039794,ID144,0.0
5.75,-1.75,0.2500005066394806,ID14807,False,0.17754941567880364,ID19649,3.3399978923797606,ID144,0.0
5.75,-1.5,0.2500005066394806,ID14807,False,0.12893667404224446,ID19649,3.3399978923797606,ID144,0.0
5.75,-1.25,0.25000056624412537,ID14807,False,0.05636496544229325,ID19649,3.3399978923797606,ID144,0.0
5.75,-1.0,0.25000056624412537,ID14807,True,2.5822831595245788e-08,ID14807,3.3399978923797606,ID144,0.0
5.75,-0.75,0.25000059604644775,ID14807,True,2.5822648741513632e-08,ID14807,3.3399978923797606,ID144,0.0
5.75,-0.5,0.25000062584877014,ID14807,True,0.0,ID14807,3.3399978923797606,ID144,0.0
5.75,-0.25,0.25000065565109253,ID14807,True,2.5822314342338615e-08,ID14807,3.3399978923797606,ID144,0.0
5.75,0.0,0.25000062584877014,ID14807,True,2.5822260829588828e-08,ID14807,3.2099977779388427,ID152,0.0
5.75,0.25,0.25000065565109253,ID14807,True,5.869289138038525e-08,ID14807,3.3399976539611815,ID144,0.0
5.75,0.5,0.2500007152557373,ID14807,True,2.5822580795864525e-08,ID14807,3.3399978923797606,ID144,0.0
5.75,0.75,0.2500007152557373,ID14807,True,5.869102226441214e-08,ID14807,3.3399976539611815,ID144,0.0
5.75,1.0,0.2500007450580597,ID14807,True,0.0,ID14807,3.3399976539611815,ID144,0.0
5.75,1.25,0.2500007748603821,ID14807,False,0.05636548998581126,ID19649,3.3399974155426024,ID144,0.0
5.75,1.5,0.2500007748603821,ID14807,False,0.12893714066746553,ID19649,3.3399976539611815,ID144,0.0
5.75,1.75,0.2500007748603821,ID14807,False,0.177549711598304,ID19649,3.3399974155426024,ID144,0.0
5.75,2.0,0.4300009608268738,ID19649,True,2.5822836813294003e-08,ID19649,3.159997110366821,ID144,0.0
5.75,2.25,0.4300009608268738,ID19925,True,5.869296582083905e-08,ID19925,3.0699971961975097,ID124,0.0
5.75,2.5,0.43000099062919617,ID19925,True,0.0,ID19925,3.0699971961975097,ID124,0.0
5.75,2.75,0.43000102043151855,ID19925,True,0.0,ID19925,3.0699971961975097,ID124,0.0
5.75,3.0,0.43000105023384094,ID19925,True,0.0,ID19925,3.0699969577789306,ID124,0.0
5.75,3.25,0.43000105023384094,ID19925,True,2.5822836813294003e-08,ID19925,3.0699969577789306,ID124,0.0
5.75,3.5,0.43000108003616333,ID19925,True,2.5822836813294003e-08,ID19925,2.837461357116699,ID124,0.0
5.75,3.75,0.4300011098384857,ID19885,True,0.0,ID19885,2.760253553390503,ID124,0.019782341029446364
5.75,4.0,0.4300011396408081,ID19885,True,0.0,ID19885,2.680288677215576,ID781,0.0
5.75,4.25,0.4300011396408081,ID19885,True,2.5822836813294003e-08,ID19885,2.598647480010986,ID124,0.0
5.75,4.5,0.4300011992454529,ID19935,False,0.004979534175145184,ID17898.003,2.5132669258117675,ID124,0.0
5.75,4.75,0.4300011992454529,ID19935,False,0.25312810076801995,ID17898.003,2.4273887920379638,ID124,0.0
5.75,5.0,0.4300011992454529,ID19935,False,0.34,ID17982.003,0.39223719120025635,ID17972.003,0.0
5.75,5.25,0.47727394104003906,ID18010.003,False,0.34,ID11210.007,0.3792859363555908,ID11210.007,32.14529487284515
5.75,5.5,0.45893657207489014,ID18040.003,False,0.34,ID17922.003,0.41867146372795105,ID11120.007,0.0
5.75,5.75,0.43000128865242004,ID19649,False,0.34,ID18173.001,0.7775740075111389,ID18173.001,0.0
5.75,6.0,0.43000131845474243,ID19639,False,0.34,ID10427.071,0.28282616019248963,ID18173.001,0.0
5.75,6.25,-0.6799986362457275,ID19639,False,0.3382288687461562,ID19639,2.048966770172119,ID16952.004,0.0
5.75,6.5,-0.6799987554550171,ID19639,False,0.3044287958322383,ID18173.001,3.529996757507324,ID116,0.0
5.75,6.75,-0.6799986362457275,ID19639,False,0.23510188671631088,ID19639,3.529996280670166,ID116,0.0
5.75,7.0,,,False,,,,,
5.75,7.25,,,False,,,,,
5.75,7.5,,,False,,,,,
5.75,7.75,,,False,,,,,
5.75,8.0,,,False,,,,,
6.0,-8.0,,,False,,,,,
6.0,-7.75,,,False,,,,,
6.0,-7.5,,,False,,,,,
6.0,-7.25,,,False,,,,,
6.0,-7.0,,,False,,,,,
6.0,-6.75,,,False,,,,,
6.0,-6.5,0.4300002157688141,ID20645,False,0.12893931992018942,ID1471,2.4199987697601317,ID116,0.0
6.0,-6.25,0.4300002455711365,ID20645,True,2.5822836813294003e-08,ID20645,2.4199987697601317,ID116,0.0
6.0,-6.0,0.4300002455711365,ID20645,True,5.8693049420632804e-08,ID20645,2.4199987697601317,ID116,0.0
6.0,-5.75,0.43000027537345886,ID20645,True,0.0,ID20645,2.4199987697601317,ID116,0.0
6.0,-5.5,0.43000030517578125,ID20645,True,2.5822836813294003e-08,ID20645,2.4199985313415526,ID116,0.0
6.0,-5.25,0.43000030517578125,ID20645,True,5.869238067779392e-08,ID20645,2.4199985313415526,ID116,0.0
6.0,-5.0,0.43000033497810364,ID20645,True,0.0,ID20645,2.4199982929229735,ID116,0.0
6.0,-4.75,0.430000364780426,ID20645,True,2.5822836813294003e-08,ID20645,2.4199982929229735,ID116,0.0
6.0,-4.5,0.430000364780426,ID20645,True,5.8693049420632804e-08,ID20645,2.4572793292999267,ID124,0.0
6.0,-4.25,0.4300003945827484,ID20645,False,0.12278387501902843,ID14693,2.5395067977905272,ID124,0.0
6.0,-4.0,0.4300004243850708,ID19649,False,0.33246453588642366,ID14693,2.6209405708312987,ID821,0.0
6.0,-3.75,0.5003823041915894,ID14363,False,0.34,ID14371,0.5654209899902344,ID14363,0.019782341029446364
6.0,-3.5,0.4300004839897156,ID19649,False,0.3281748797898961,ID14508,2.7734407234191893,ID124,0.0
6.0,-3.25,0.4300004839897156,ID20741,False,0.11849427087307962,ID14508,2.8460313129425048,ID124,0.019782341029446364
6.0,-3.0,0.43000051379203796,ID20741,True,0.0,ID20741,3.069998149871826,ID124,0.0
6.0,-2.75,0.43000054359436035,ID20741,True,2.5822836813294003e-08,ID20741,3.069998149871826,ID124,0.0
6.0,-2.5,0.43000054359436035,ID20741,True,5.8693049420632804e-08,ID20741,3.069998149871826,ID124,0.019782341029446364
6.0,-2.25,0.4300006031990051,ID19895,True,0.0,ID19895,3.069997673034668,ID124,0.0
6.0,-2.0,0.4300006031990051,ID19895,True,5.869302849292879e-08,ID19895,3.069997673034668,ID124,0.0
6.0,-1.75,0.4300006330013275,ID19895,True,0.0,ID19895,3.1599978256225585,ID144,0.0
6.0,-1.5,0.4300006330013275,ID19649,True,0.0,ID19649,3.1599975872039794,ID144,0.0
6.0,-1.25,0.25000056624412537,ID14807,False,0.17999609862172464,ID19649,3.3399981307983397,ID144,0.0
6.0,-1.0,0.25000056624412537,ID14807,False,0.16216509957378802,ID19649,3.3399976539611815,ID144,0.0
6.0,-0.75,0.25000059604644775,ID14807,False,0.1280954121035646,ID19649,3.3399978923797606,ID144,0.0
6.0,-0.5,0.25000062584877014,ID14807,False,0.09625932647134511,ID19649,3.3399976539611815,ID144,0.0
6.0,-0.25,0.25000065565109253,ID14807,False,0.0748046282599783,ID19649,3.3399978923797606,ID144,0.0
6.0,0.0,0.25000065565109253,ID14807,False,0.06703263656383146,ID19649,3.3399976539611815,ID144,0.0
6.0,0.25,0.2500006854534149,ID14807,False,0.07480463863086828,ID19649,3.3399976539611815,ID144,0.0
6.0,0.5,0.2500007152557373,ID14807,False,0.09625934557612967,ID19649,3.3399976539611815,ID144,0.0
6.0,0.75,0.2500007450580597,ID14807,False,0.1280954733590116,ID19649,3.3399976539611815,ID144,0.0
6.0,1.0,0.2500007748603821,ID14807,False,0.162165106611016,ID19649,3.3399976539611815,ID144,0.0
6.0,1.25,0.2500007748603821,ID14807,False,0.17999616403923527,ID19649,3.3399976539611815,ID144,0.0
6.0,1.5,0.4300009310245514,ID19649,True,0.0,ID19649,3.1599975872039794,ID144,0.019782341029446364
6.0,1.75,0.4300009310245514,ID19925,True,0.0,ID19925,3.0784145641326903,ID144,0.0
6.0,2.0,0.4300009608268738,ID19925,True,2.5822502469630138e-08,ID19925,3.0699971961975097,ID124,0.0
6.0,2.25,0.4300009608268738,ID19925,True,5.869238067779392e-08,ID19925,3.0699971961975097,ID124,0.0
6.0,2.5,0.43000102043151855,ID19925,True,0.0,ID19925,3.0699969577789306,ID124,0.0
6.0,2.75,0.43000102043151855,ID19925,True,2.5821499327616237e-08,ID19925,3.0699971961975097,ID124,0.0
6.0,3.0,0.43000102043151855,ID19925,True,5.869296582083905e-08,ID19925,3.0699967193603515,ID124,0.0
6.0,3.25,0.43000105023384094,ID19925,True,0.0,ID19925,2.84602988243103,ID124,0.0
6.0,3.5,0.43000108003616333,ID19925,True,2.5822836813294003e-08,ID19925,2.7734383392333983,ID124,0.0
6.0,3.75,0.4300011098384857,ID19925,True,0.0,ID19925,2.698146228790283,ID781,0.0
6.0,4.0,0.4300011396408081,ID19885,True,2.5822836813294003e-08,ID19885,2.620938901901245,ID781,0.019782341029446364
6.0,4.25,0.4300011396408081,ID19935,True,2.5822836813294003e-08,ID19935,2.5395051288604735,ID124,0.0
6.0,4.5,0.4300011992454529,ID19935,True,0.0,ID19935,2.457277660369873,ID124,0.0
6.0,4.75,0.4300011992454529,ID19935,False,0.1052922131891087,ID17972.003,2.419996862411499,ID116,0.0
6.0,5.0,0.43000122904777527,ID19935,False,0.27604514604054936,ID11210.007,2.41999662399292,ID116,0.0
6.0,5.25,0.43000122904777527,ID19935,False,0.34,ID17922.003,0.45689014077186585,ID11210.007,0.0
6.0,5.5,0.43000125885009766,ID19649,False,0.3057341132434521,ID18203.001,2.41999662399292,ID116,0.0
6.0,5.75,0.43000125885009766,ID19639,False,0.34,ID18173.001,0.23425736010074616,ID18173.001,0.0
6.0,6.0,0.43000131845474243,ID19639,False,0.34,ID17738.001,1.064618592262268,ID17738.001,0.0
6.0,6.25,-0.679998517036438,ID19639,False,0.287946217781785,ID18173.001,3.529996280670166,ID116,0.019782341029446364
6.0,6.5,-0.6799986362457275,ID19639,False,0.1859409527628728,ID18173.001,3.529996519088745,ID116,0.019782341029446364
6.0,6.75,,,False,,,,,
6.0,7.0,,,False,,,,,
6.0,7.25,,,False,,,,,
6.0,7.5,,,False,,,,,
6.0,7.75,,,False,,,,,
6.0,8.0,,,False,,,,,
6.25,-8.0,,,False,,,,,
6.25,-7.75,,,False,,,,,
6.25,-7.5,,,False,,,,,
6.25,-7.25,,,False,,,,,
6.25,-7.0,,,False,,,,,
6.25,-6.75,,,False,,,,,
6.25,-6.5,0.4300002157688141,ID19649,False,0.24615980319681635,ID1471,2.4199987697601317,ID116,0.019782341029446364
6.25,-6.25,0.4300002455711365,ID20645,False,0.03044226602783978,ID1471,2.4199987697601317,ID116,0.0
6.25,-6.0,0.4300002455711365,ID20645,True,2.5822502469630138e-08,ID20645,2.4199985313415526,ID116,0.0
6.25,-5.75,0.43000030517578125,ID20645,True,0.0,ID20645,2.4199985313415526,ID116,0.0
6.25,-5.5,0.43000030517578125,ID20645,True,2.5822836813294003e-08,ID20645,2.4199985313415526,ID116,0.0
6.25,-5.25,0.43000030517578125,ID20645,True,5.8693049420632804e-08,ID20645,2.4199987697601317,ID116,0.0
6.25,-5.0,0.430000364780426,ID20645,True,0.0,ID20645,2.4199982929229735,ID116,0.0
6.25,-4.75,0.430000364780426,ID20645,True,2.5822836813294003e-08,ID20645,2.4199982929229735,ID116,0.0
6.25,-4.5,0.4300003945827484,ID20645,False,0.04924299966419371,ID14693,2.4199982929229735,ID116,0.0
6.25,-4.25,0.4300003945827484,ID19649,False,0.25892365161937414,ID14693,2.480365161895752,ID124,0.0
6.25,-4.0,0.4300004243850708,ID19649,False,0.34,ID14371,1.0263717222213744,ID14371,0.0
6.25,-3.75,0.5200074911117554,ID14363,False,0.34,ID14371,0.37289336800575257,ID14363,32.75738015856784
6.25,-3.5,0.4300004839897156,ID20741,False,0.19203525102248245,ID14508,2.708559875488281,ID837,0.019782341029446364
6.25,-3.25,0.4300004839897156,ID20741,True,2.5822836813294003e-08,ID20741,2.7788962173461913,ID124,0.0
6.25,-3.0,0.4300004839897156,ID20741,True,5.8693049420632804e-08,ID20741,2.846425895690918,ID124,0.0
6.25,-2.75,0.43000054359436035,ID20741,True,2.58207469849836e-08,ID20741,3.069997673034668,ID124,0.019782341029446364
6.25,-2.5,0.43000054359436035,ID19649,True,5.869296582083905e-08,ID19649,3.069998149871826,ID124,0.0
6.25,-2.25,0.4300006031990051,ID19895,True,2.5822836813294003e-08,ID19895,3.069997673034668,ID124,0.0
6.25,-2.0,0.4300006031990051,ID19895,True,2.5822836813294003e-08,ID19895,3.069998388290405,ID124,0.0
6.25,-1.75,0.4300006031990051,ID19895,True,2.5822836813294003e-08,ID19895,3.069997673034668,ID124,0.0
6.25,-1.5,0.4300006628036499,ID19895,True,0.0,ID19895,3.109426860809326,ID144,0.019782341029446364
6.25,-1.25,0.4300006628036499,ID19895,True,5.8693049420632804e-08,ID19895,3.1599978256225585,ID144,0.019782341029446364
6.25,-1.0,0.4300007224082947,ID19895,True,0.0,ID19895,3.1599978256225585,ID144,0.0
6.25,-0.75,0.4300007224082947,ID19649,True,2.5822831595245788e-08,ID19649,3.1599978256225585,ID144,0.0
6.25,-0.5,0.43000075221061707,ID19649,True,0.0,ID19649,3.1599978256225585,ID144,0.0
6.25,-0.25,0.43000078201293945,ID19649,True,0.0,ID19649,3.1599975872039794,ID144,0.0
6.25,0.0,0.43000078201293945,ID19649,True,2.582224645220066e-08,ID19649,3.1599978256225585,ID144,0.0
6.25,0.25,0.43000081181526184,ID19649,True,0.0,ID19649,3.1599973487854003,ID144,0.0
6.25,0.5,0.43000084161758423,ID19649,True,2.558099626570609e-08,ID19649,3.1599973487854003,ID144,0.019782341029446364
6.25,0.75,0.43000084161758423,ID19649,True,2.5822831595245788e-08,ID19649,3.1599975872039794,ID144,0.0
6.25,1.0,0.4300008714199066,ID19925,True,0.0,ID19925,3.1599973487854003,ID144,0.0
6.25,1.25,0.430000901222229,ID19925,True,0.0,ID19925,3.1599973487854003,ID144,0.0
6.25,1.5,0.430000901222229,ID19925,True,2.582216807045512e-08,ID19925,3.0699974346160888,ID124,0.0
6.25,1.75,0.4300009608268738,ID19925,True,0.0,ID19925,3.0699974346160888,ID124,0.0
6.25,2.0,0.4300009608268738,ID19925,True,2.5806452530474644e-08,ID19925,3.0699974346160888,ID124,0.0
6.25,2.25,0.43000102043151855,ID19925,True,0.0,ID19925,3.0699969577789306,ID124,0.0
6.25,2.5,0.43000102043151855,ID19925,True,2.5822836813294003e-08,ID19925,3.0699969577789306,ID124,0.019782341029446364
6.25,2.75,0.43000102043151855,ID19925,True,2.5822836813294003e-08,ID19925,2.883819942474365,ID124,0.019782341029446364
6.25,3.0,0.43000105023384094,ID19925,True,0.0,ID19925,2.8328255462646483,ID124,0.019782341029446364
6.25,3.25,0.43000108003616333,ID19925,True,2.5822836813294003e-08,ID19925,2.778895263671875,ID124,0.019782341029446364
6.25,3.5,0.43000108003616333,ID19925,True,2.5822836813294003e-08,ID19925,2.7085582065582274,ID925,0.019782341029446364
6.25,3.75,0.4300011098384857,ID19925,True,0.0,ID19925,2.635967855453491,ID781,0.019782341029446364
6.25,4.0,0.4300011396408081,ID19915,True,2.5822836813294003e-08,ID19915,2.5588320541381835,ID124,0.0
6.25,4.25,0.4300011396408081,ID19649,True,5.8693049420632804e-08,ID19649,2.4803637313842772,ID124,0.0
6.25,4.5,0.4300011992454529,ID19935,True,0.0,ID19935,2.419996862411499,ID116,0.0
6.25,4.75,0.4300011992454529,ID19935,False,0.10317049141388446,ID16606.001,2.419996862411499,ID116,0.0
6.25,5.0,0.43000125885009766,ID19935,False,0.1265106863641374,ID16562.001,2.419996862411499,ID116,0.0
6.25,5.25,0.43000125885009766,ID19935,False,0.24110451083204726,ID18203.001,2.41999662399292,ID116,0.019782341029446364
6.25,5.5,0.43000125885009766,ID19639,False,0.34,ID18173.001,0.1856885153055191,ID18173.001,0.0
6.25,5.75,0.43000125885009766,ID19639,False,0.34,ID18173.001,0.34058133244514466,ID18173.001,0.0
6.25,6.0,0.43000131845474243,ID19639,False,0.2846098527353898,ID18193.001,2.4199963855743407,ID116,0.0
6.25,6.25,-0.6799986362457275,ID19639,False,0.25057077179396275,ID18173.001,3.529996280670166,ID116,0.019782341029446364
6.25,6.5,-0.6799986362457275,ID19639,False,0.24616004386661722,ID19639,3.529996042251587,ID116,0.019782341029446364
6.25,6.75,,,False,,,,,
6.25,7.0,,,False,,,,,
6.25,7.25,,,False,,,,,
6.25,7.5,,,False,,,,,
6.25,7.75,,,False,,,,,
6.25,8.0,,,False,,,,,
6.5,-8.0,,,False,,,,,
6.5,-7.75,,,False,,,,,
6.5,-7.5,,,False,,,,,
6.5,-7.25,,,False,,,,,
6.5,-7.0,,,False,,,,,
6.5,-6.75,,,False,,,,,
6.5,-6.5,,,False,,,,,
6.5,-6.25,0.4300002455711365,ID20645,False,0.1567981134590739,ID1471,2.4199987697601317,ID116,0.0
6.5,-6.0,0.43000027537345886,ID20645,True,0.0,ID20645,2.4199987697601317,ID116,0.0
6.5,-5.75,0.43000030517578125,ID20645,True,2.5822836813294003e-08,ID20645,2.4199987697601317,ID116,0.0
6.5,-5.5,0.43000030517578125,ID20645,True,2.5822836813294003e-08,ID20645,2.4199985313415526,ID116,0.0
6.5,-5.25,0.430000364780426,ID20645,True,0.0,ID20645,2.4199985313415526,ID116,0.0
6.5,-5.0,0.43000033497810364,ID20645,True,0.0,ID20645,2.4199982929229735,ID116,0.0
6.5,-4.75,0.430000364780426,ID20645,True,2.5822502469630138e-08,ID20645,2.4199982929229735,ID116,0.0
6.5,-4.5,0.430000364780426,ID20645,False,0.18538258426721085,ID14693,2.4199982929229735,ID116,0.0
6.5,-4.25,0.4300004243850708,ID19649,False,0.28649537164226907,ID14709,2.4199982929229735,ID116,0.0
6.5,-4.0,0.4300004243850708,ID19649,False,0.3202208380851376,ID14371,1.4684102582931517,ID14371,0.0
6.5,-3.75,0.4300004541873932,ID19649,False,0.26557625314196054,ID14508,2.571089391708374,ID124,0.0
6.5,-3.5,0.4300004541873932,ID20741,False,0.05589564309195666,ID14508,2.6436315822601317,ID837,0.019782341029446364
6.5,-3.25,0.4300004839897156,ID20741,True,5.8692715021457786e-08,ID20741,2.7114390182495116,ID837,0.0
6.5,-3.0,0.43000051379203796,ID20741,True,0.0,ID20741,2.776590232849121,ID124,0.019782341029446364
6.5,-2.75,0.43000054359436035,ID19649,True,2.5817403270789185e-08,ID19649,2.838559274673462,ID124,0.0
6.5,-2.5,0.43000057339668274,ID19895,True,0.0,ID19895,2.896369342803955,ID124,0.0
6.5,-2.25,0.43000057339668274,ID19895,True,0.0,ID19895,3.069998149871826,ID124,0.0
6.5,-2.0,0.4300006031990051,ID19895,True,2.582281594110114e-08,ID19895,3.069997911453247,ID124,0.019782341029446364
6.5,-1.75,0.4300006330013275,ID19895,True,0.0,ID19895,3.069997911453247,ID124,0.0
6.5,-1.5,0.4300006628036499,ID19895,True,0.0,ID19895,3.069998149871826,ID124,0.0
6.5,-1.25,0.4300006628036499,ID19895,True,2.582281594110114e-08,ID19895,3.069997673034668,ID124,0.0
6.5,-1.0,0.4300006926059723,ID19895,True,0.0,ID19895,3.072610740661621,ID144,0.0
6.5,-0.75,0.4300007224082947,ID19895,True,2.5817152471407923e-08,ID19895,3.1599975872039794,ID144,0.0
6.5,-0.5,0.4300007224082947,ID19895,True,2.582275321350025e-08,ID19895,3.1599980640411376,ID144,0.0
6.5,-0.25,0.4300007224082947,ID19895,True,5.869296582083905e-08,ID19895,3.1599978256225585,ID144,0.0
6.5,0.0,0.43000078201293945,ID19895,True,2.5822836813294003e-08,ID19895,3.1599975872039794,ID144,0.0
6.5,0.25,0.43000078201293945,ID19895,True,2.5822836813294003e-08,ID19895,3.1599973487854003,ID144,0.0
6.5,0.5,0.43000078201293945,ID19649,True,5.869304420258459e-08,ID19649,3.159997110366821,ID144,0.0
6.5,0.75,0.4300008714199066,ID19925,True,0.0,ID19925,3.159997110366821,ID144,0.0
6.5,1.0,0.4300008714199066,ID19925,True,0.0,ID19925,3.072610502243042,ID144,0.0
6.5,1.25,0.430000901222229,ID19925,True,2.582281594110114e-08,ID19925,3.069997673034668,ID124,0.0
6.5,1.5,0.430000901222229,ID19925,True,5.8693049420632804e-08,ID19925,3.069997673034668,ID124,0.0
6.5,1.75,0.4300009608268738,ID19925,True,2.582275321350025e-08,ID19925,3.0699971961975097,ID124,0.0
6.5,2.0,0.4300009608268738,ID19925,True,2.582275321350025e-08,ID19925,3.0699971961975097,ID124,0.0
6.5,2.25,0.43000099062919617,ID19925,True,0.0,ID19925,3.0699971961975097,ID124,0.0
6.5,2.5,0.43000102043151855,ID19925,True,2.5822836813294003e-08,ID19925,2.8587302017211913,ID124,0.0
6.5,2.75,0.43000102043151855,ID19925,True,2.5822836813294003e-08,ID19925,2.807736759185791,ID124,0.0
6.5,3.0,0.43000102043151855,ID19925,True,5.8693049420632804e-08,ID19925,2.756742601394653,ID124,0.0
6.5,3.25,0.43000108003616333,ID19925,True,0.0,ID19925,2.7057489204406737,ID925,0.0
6.5,3.5,0.43000108003616333,ID19649,True,2.5822836813294003e-08,ID19649,2.6436291980743407,ID925,0.0
6.5,3.75,0.4300011396408081,ID19915,True,0.0,ID19915,2.57108772277832,ID124,0.0
6.5,4.0,0.4300011396408081,ID19915,True,2.5822836813294003e-08,ID19915,2.496725444793701,ID124,0.0
6.5,4.25,0.4300011396408081,ID19915,True,5.8693049420632804e-08,ID19915,2.419996862411499,ID116,0.0
6.5,4.5,0.4300011992454529,ID19649,False,0.18962547376026354,ID16606.001,2.419996862411499,ID116,0.0
6.5,4.75,0.4300011992454529,ID19639,False,0.33898361769591295,ID16606.001,0.24701160669326783,ID16596.001,0.0
6.5,5.0,0.4300011992454529,ID19639,False,0.34,ID16606.001,0.2500000047683716,ID16596.001,0.0
6.5,5.25,,,False,,,,,
6.5,5.5,0.43000125885009766,ID19639,False,0.34,ID18203.001,0.2920124578475952,ID18173.001,0.0
6.5,5.75,0.43000125885009766,ID19639,False,0.34,ID18173.001,1.3876617002487182,ID18173.001,0.0
6.5,6.0,-0.6799986362457275,ID19639,False,0.315154463497478,ID19639,3.529996280670166,ID116,0.0
6.5,6.25,-0.6799986362457275,ID19639,False,0.15679852523001547,ID19639,3.529996280670166,ID116,0.0
6.5,6.5,,,False,,,,,
6.5,6.75,,,False,,,,,
6.5,7.0,,,False,,,,,
6.5,7.25,,,False,,,,,
6.5,7.5,,,False,,,,,
6.5,7.75,,,False,,,,,
6.5,8.0,,,False,,,,,
6.75,-8.0,,,False,,,,,
6.75,-7.75,,,False,,,,,
6.75,-7.5,,,False,,,,,
6.75,-7.25,,,False,,,,,
6.75,-7.0,,,False,,,,,
6.75,-6.75,,,False,,,,,
6.75,-6.5,,,False,,,,,
6.75,-6.25,0.4300002455711365,ID19649,False,0.28652388656040567,ID1471,2.4199987697601317,ID116,0.0
6.75,-6.0,0.4300002455711365,ID20645,False,0.07710163688994459,ID1471,2.4199985313415526,ID116,0.0
6.75,-5.75,0.43000027537345886,ID20645,True,0.0,ID20645,2.4199985313415526,ID116,0.0
6.75,-5.5,0.43000030517578125,ID20645,True,2.5822836813294003e-08,ID20645,2.4199987697601317,ID116,0.0
6.75,-5.25,0.43000030517578125,ID20645,True,2.5822836813294003e-08,ID20645,2.4199985313415526,ID116,0.0
6.75,-5.0,0.430000364780426,ID20645,True,0.0,ID20645,2.4199985313415526,ID116,0.0
6.75,-4.75,0.43000033497810364,ID20645,False,0.11184163208596262,ID14693,2.4199985313415526,ID116,0.0
6.75,-4.5,0.4300003945827484,ID19649,False,0.32152230399523285,ID14693,2.4199985313415526,ID116,0.0
6.75,-4.25,0.4300004243850708,ID19649,False,0.1687976025303233,ID14709,2.4199985313415526,ID116,0.0
6.75,-4.0,0.4300004243850708,ID19649,False,0.3391171590819886,ID14508,2.4336189079284667,ID124,0.0
6.75,-3.75,0.4300004243850708,ID20741,False,0.1294364709487212,ID14508,2.506209735870361,ID124,0.019782341029446364
6.75,-3.5,0.4300004839897156,ID20741,True,2.5822836813294003e-08,ID20741,2.5761736679077147,ID124,0.0
6.75,-3.25,0.4300004839897156,ID20741,True,2.5822836813294003e-08,ID20741,2.643878583908081,ID837,0.0
6.75,-3.0,0.4300004839897156,ID20741,True,5.869296582083905e-08,ID20741,2.706754331588745,ID877,0.019782341029446364
6.75,-2.75,0.43000054359436035,ID19895,True,2.5822836813294003e-08,ID19895,2.766544942855835,ID124,0.0
6.75,-2.5,0.43000054359436035,ID19895,True,2.5822836813294003e-08,ID19895,2.822829608917236,ID124,0.019782341029446364
6.75,-2.25,0.4300006031990051,ID19895,True,0.0,ID19895,2.8751276779174804,ID124,0.0
6.75,-2.0,0.4300006031990051,ID19895,True,2.5822418869836383e-08,ID19895,3.069997673034668,ID124,0.0
6.75,-1.75,0.4300006031990051,ID19895,True,2.582281594110114e-08,ID19895,3.069997673034668,ID124,0.0
6.75,-1.5,0.4300006628036499,ID19895,True,0.0,ID19895,3.069997911453247,ID124,0.0
6.75,-1.25,0.4300006628036499,ID19895,True,2.5822836813294003e-08,ID19895,3.069997911453247,ID124,0.0
6.75,-1.0,0.4300006628036499,ID19895,True,5.8649392842280434e-08,ID19895,3.069997673034668,ID124,0.0
6.75,-0.75,0.4300006926059723,ID19895,True,2.5822831595245788e-08,ID19895,3.069997673034668,ID124,0.0
6.75,-0.5,0.4300007224082947,ID19895,True,2.5822836813294003e-08,ID19895,3.069997673034668,ID124,0.0
6.75,-0.25,0.43000075221061707,ID19895,True,0.0,ID19895,3.069997673034668,ID124,0.0
6.75,0.0,0.43000078201293945,ID19895,True,2.5822835147959466e-08,ID19895,3.069997673034668,ID124,0.0
6.75,0.25,0.43000081181526184,ID19895,True,0.0,ID19895,3.069997673034668,ID124,0.0
6.75,0.5,0.43000084161758423,ID19649,True,0.0,ID19649,3.069997673034668,ID124,0.0
6.75,0.75,0.43000084161758423,ID19925,True,2.5822836813294003e-08,ID19925,3.0699971961975097,ID124,0.0
6.75,1.0,0.4300008714199066,ID19925,True,0.0,ID19925,3.0699971961975097,ID124,0.0
6.75,1.25,0.430000901222229,ID19925,True,2.5822836813294003e-08,ID19925,3.0699971961975097,ID124,0.0
6.75,1.5,0.430000901222229,ID19925,True,5.8693049420632804e-08,ID19925,3.0699971961975097,ID124,0.0
6.75,1.75,0.4300009608268738,ID19925,True,0.0,ID19925,3.0699971961975097,ID124,0.0
6.75,2.0,0.4300009608268738,ID19925,True,2.582275321350025e-08,ID19925,2.884634618759155,ID124,0.0
6.75,2.25,0.43000102043151855,ID19925,True,0.0,ID19925,2.8336404609680175,ID124,0.0
6.75,2.5,0.43000102043151855,ID19925,True,2.5822836813294003e-08,ID19925,2.782647256851196,ID124,0.0
6.75,2.75,0.43000102043151855,ID19925,True,2.5822836813294003e-08,ID19925,2.7316528606414794,ID124,0.0
6.75,3.0,0.43000105023384094,ID19925,True,0.0,ID19925,2.680659418106079,ID124,0.0
6.75,3.25,0.43000108003616333,ID19649,True,2.5822836813294003e-08,ID19649,2.6296652603149413,ID925,0.0
6.75,3.5,0.43000108003616333,ID19915,True,2.5822836813294003e-08,ID19915,2.57617223739624,ID124,0.0
6.75,3.75,0.4300011396408081,ID19915,True,0.0,ID19915,2.5062080669403075,ID124,0.0
6.75,4.0,0.4300011396408081,ID19915,True,2.5822836813294003e-08,ID19915,2.433617477416992,ID124,0.0
6.75,4.25,0.4300011694431305,ID19915,False,0.07747483254207765,ID16606.001,2.419997100830078,ID116,0.0
6.75,4.5,0.4300011992454529,ID16596.001,False,0.31923576336352777,ID16606.001,0.18805329978466034,ID16596.001,0.0
6.75,4.75,0.4300011992454529,ID16596.001,False,0.34,ID16616.001,0.2500000196695328,ID16650.001,0.0
6.75,5.0,0.4300011992454529,ID16596.001,False,0.34,ID16616.001,0.250000034570694,ID16650.001,0.0
6.75,5.25,0.43000125885009766,ID16596.001,False,0.34,ID16606.001,0.2500000047683716,ID16596.001,0.0
6.75,5.5,-0.6799987554550171,ID19639,False,0.20500779830091093,ID16596.001,3.529996280670166,ID116,0.0
6.75,5.75,-0.6799987554550171,ID19639,False,0.10430249202510991,ID18173.001,3.529996519088745,ID116,0.0
6.75,6.0,-0.6799987554550171,ID19639,False,0.0771015624970256,ID19639,3.529996519088745,ID116,0.0
6.75,6.25,-0.6799987554550171,ID19639,False,0.2865242163561057,ID19639,3.529996757507324,ID116,0.0
6.75,6.5,,,False,,,,,
6.75,6.75,,,False,,,,,
6.75,7.0,,,False,,,,,
6.75,7.25,,,False,,,,,
6.75,7.5,,,False,,,,,
6.75,7.75,,,False,,,,,
6.75,8.0,,,False,,,,,
7.0,-8.0,,,False,,,,,
7.0,-7.75,,,False,,,,,
7.0,-7.5,,,False,,,,,
7.0,-7.25,,,False,,,,,
7.0,-7.0,,,False,,,,,
7.0,-6.75,,,False,,,,,
7.0,-6.5,,,False,,,,,
7.0,-6.25,,,False,,,,,
7.0,-6.0,0.4300002455711365,ID20645,False,0.2136386741212013,ID1471,2.4199985313415526,ID116,0.0
7.0,-5.75,0.43000027537345886,ID20645,False,0.006920252987580311,ID1471,2.4199985313415526,ID116,0.0
7.0,-5.5,0.43000030517578125,ID20645,True,0.0,ID20645,2.4199987697601317,ID116,0.0
7.0,-5.25,0.43000030517578125,ID20645,True,5.8693049420632804e-08,ID20645,2.4199987697601317,ID116,0.0
7.0,-5.0,0.43000030517578125,ID20645,False,0.0383007253248181,ID14693,2.4199985313415526,ID116,0.0
7.0,-4.75,0.430000364780426,ID19649,False,0.24798135670138455,ID14693,2.4199982929229735,ID116,0.0
7.0,-4.5,0.4300003945827484,ID19649,False,0.2423384214901268,ID14709,2.4199982929229735,ID116,0.0
7.0,-4.25,0.4300003945827484,ID19649,False,0.2873425302289493,ID14524,2.4199985313415526,ID116,0.0
7.0,-4.0,0.4300004243850708,ID20741,False,0.20297741489174184,ID14508,2.4199982929229735,ID116,0.019782341029446364
7.0,-3.75,0.4300004243850708,ID20741,True,5.869296582083905e-08,ID20741,2.440908555984497,ID124,0.019782341029446364
7.0,-3.5,0.4300004839897156,ID20741,True,0.0,ID20741,2.508716468811035,ID124,0.0
7.0,-3.25,0.4300004839897156,ID20741,True,2.5822836813294003e-08,ID20741,2.574042682647705,ID124,0.019782341029446364
7.0,-3.0,0.43000054359436035,ID19649,True,0.0,ID19649,2.6367217350006102,ID877,0.0
7.0,-2.75,0.43000054359436035,ID19649,True,2.5822836813294003e-08,ID19649,2.6945320415496825,ID877,0.0
7.0,-2.5,0.43000054359436035,ID19895,True,5.8693049420632804e-08,ID19895,2.7488395023345946,ID124,0.0
7.0,-2.25,0.43000057339668274,ID19895,True,0.0,ID19895,2.799363737106323,ID124,0.0
7.0,-2.0,0.4300006031990051,ID19895,True,5.8693049420632804e-08,ID19895,2.845672731399536,ID124,0.0
7.0,-1.75,0.4300006330013275,ID19895,True,0.0,ID19895,2.887385492324829,ID124,0.0
7.0,-1.5,0.4300006628036499,ID19895,True,2.582275321350025e-08,ID19895,3.069997911453247,ID124,0.0
7.0,-1.25,0.4300006628036499,ID19895,True,5.869302849292879e-08,ID19895,3.069997673034668,ID124,0.0
7.0,-1.0,0.4300007224082947,ID19895,True,0.0,ID19895,3.069997673034668,ID124,0.0
7.0,-0.75,0.4300007224082947,ID19895,True,2.5822836813294003e-08,ID19895,3.069997673034668,ID124,0.0
7.0,-0.5,0.4300007224082947,ID19895,True,5.869304420258459e-08,ID19895,3.069997673034668,ID124,0.0
7.0,-0.25,0.43000078201293945,ID19895,True,2.5822833871202988e-08,ID19895,3.0699974346160888,ID124,0.0
7.0,0.0,0.43000078201293945,ID19895,True,5.869304869898784e-08,ID19895,3.069997673034668,ID124,0.0
7.0,0.25,0.43000081181526184,ID19895,True,0.0,ID19895,3.069997673034668,ID124,0.0
7.0,0.5,0.43000084161758423,ID19895,True,2.5822836813294003e-08,ID19895,3.069997673034668,ID124,0.0
7.0,0.75,0.4300008714199066,ID19925,True,0.0,ID19925,3.069997673034668,ID124,0.0
7.0,1.0,0.4300008714199066,ID19925,True,2.5822831595245788e-08,ID19925,3.069997673034668,ID124,0.0
7.0,1.25,0.430000901222229,ID19925,True,2.5822836813294003e-08,ID19925,3.0699971961975097,ID124,0.0
7.0,1.5,0.430000901222229,ID19925,True,5.8693049420632804e-08,ID19925,3.0699971961975097,ID124,0.0
7.0,1.75,0.430000901222229,ID19925,True,5.869302849292879e-08,ID19925,2.8595453548431395,ID124,0.0
7.0,2.0,0.4300009608268738,ID19925,True,2.5822836813294003e-08,ID19925,2.80855167388916,ID124,0.0
7.0,2.25,0.4300009608268738,ID19925,True,5.8693049420632804e-08,ID19925,2.7575577545166015,ID124,0.0
7.0,2.5,0.43000102043151855,ID19925,True,2.5822836813294003e-08,ID19925,2.7065635967254638,ID917,0.0
7.0,2.75,0.43000102043151855,ID19925,True,2.5822836813294003e-08,ID19925,2.6555699157714843,ID917,0.0
7.0,3.0,0.43000102043151855,ID19915,True,5.8693049420632804e-08,ID19915,2.6045762348175048,ID917,0.0
7.0,3.25,0.43000105023384094,ID19915,True,2.5822836813294003e-08,ID19915,2.5535827922821044,ID124,0.0
7.0,3.5,0.43000108003616333,ID19915,True,2.5822836813294003e-08,ID19915,2.502588872909546,ID124,0.0
7.0,3.75,0.4300011098384857,ID19915,True,0.0,ID19915,2.440906648635864,ID124,0.0
7.0,4.0,0.4300011396408081,ID19915,True,2.5822836813294003e-08,ID19915,2.419997100830078,ID116,0.0
7.0,4.25,0.4300011694431305,ID19915,False,0.08364924659783451,ID16606.001,2.419996862411499,ID116,0.0
7.0,4.5,0.4300011992454529,ID16596.001,False,0.32874084426069117,ID16606.001,0.214707111120224,ID16596.001,0.0
7.0,4.75,0.4300011992454529,ID16596.001,False,0.34,ID16616.001,0.2500000047683716,ID16650.001,0.0
7.0,5.0,0.43000122904777527,ID16596.001,False,0.34,ID16616.001,0.2500000047683716,ID16650.001,0.0
7.0,5.25,-0.6799987554550171,ID19639,False,0.25285149310322574,ID16596.001,3.529996519088745,ID116,0.0
7.0,5.5,-0.6799987554550171,ID19639,False,0.053779010623820844,ID16596.001,3.529996757507324,ID116,0.0
7.0,5.75,-0.6799987554550171,ID19639,False,0.0069183404641798285,ID19639,3.529996519088745,ID116,0.0
7.0,6.0,-0.6799987554550171,ID19639,False,0.21363721296552177,ID19639,3.529996757507324,ID116,0.0
7.0,6.25,,,False,,,,,
7.0,6.5,,,False,,,,,
7.0,6.75,,,False,,,,,
7.0,7.0,,,False,,,,,
7.0,7.25,,,False,,,,,
7.0,7.5,,,False,,,,,
7.0,7.75,,,False,,,,,
7.0,8.0,,,False,,,,,
7.25,-8.0,,,False,,,,,
7.25,-7.75,,,False,,,,,
7.25,-7.5,,,False,,,,,
7.25,-7.25,,,False,,,,,
7.25,-7.0,,,False,,,,,
7.25,-6.75,,,False,,,,,
7.25,-6.5,,,False,,,,,
7.25,-6.25,,,False,,,,,
7.25,-6.0,,,False,,,,,
7.25,-5.75,0.4300002455711365,ID20645,False,0.15358291502383098,ID1471,2.4199985313415526,ID116,0.0
7.25,-5.5,0.43000030517578125,ID20645,True,2.5822836813294003e-08,ID20645,2.4199982929229735,ID116,0.0
7.25,-5.25,0.43000030517578125,ID20645,True,2.5822836813294003e-08,ID20645,2.4199985313415526,ID116,0.0
7.25,-5.0,0.430000364780426,ID20645,False,0.1744403920068015,ID14693,2.4199982929229735,ID116,0.0
7.25,-4.75,0.430000364780426,ID19649,False,0.34,ID14693,0.2933414924144745,ID14693,0.0
7.25,-4.5,0.4300003945827484,ID19649,False,0.21380155431250347,ID14524,2.4199982929229735,ID116,0.0
7.25,-4.25,0.4300004243850708,ID19649,False,0.2765184024826966,ID14508,2.4199982929229735,ID116,0.0
7.25,-4.0,0.4300004243850708,ID20741,False,0.06683773950718119,ID14508,2.4199982929229735,ID116,0.019782341029446364
7.25,-3.75,0.4300004243850708,ID20741,True,5.8693049420632804e-08,ID20741,2.4199982929229735,ID116,0.0
7.25,-3.5,0.4300004839897156,ID20741,True,2.582275321350025e-08,ID20741,2.4412595081329345,ID124,0.019782341029446364
7.25,-3.25,0.4300004839897156,ID20741,True,2.5822836813294003e-08,ID20741,2.504207019805908,ID124,0.019782341029446364
7.25,-3.0,0.43000051379203796,ID19955,True,0.0,ID19955,2.5647081184387206,ID124,0.0
7.25,-2.75,0.43000054359436035,ID19955,True,2.5822836813294003e-08,ID19955,2.622223262786865,ID877,0.0
7.25,-2.5,0.43000057339668274,ID19649,True,0.0,ID19649,2.6748501110076903,ID789,0.0
7.25,-2.25,0.4300006031990051,ID19895,True,2.5822502469630138e-08,ID19895,2.7235990810394286,ID789,0.0
7.25,-2.0,0.4300006031990051,ID19895,True,5.869296582083905e-08,ID19895,2.7683354663848876,ID124,0.0
7.25,-1.75,0.4300006031990051,ID19895,True,5.869302849292879e-08,ID19895,2.80867636680603,ID124,0.0
7.25,-1.5,0.4300006628036499,ID19895,True,2.5822502469630138e-08,ID19895,2.8442846584320067,ID124,0.0
7.25,-1.25,0.4300006628036499,ID19895,True,5.868260027908079e-08,ID19895,2.8748740005493163,ID124,0.0
7.25,-1.0,0.4300007224082947,ID19895,True,0.0,ID19895,3.069997911453247,ID124,0.0
7.25,-0.75,0.4300007224082947,ID19895,True,2.5822836813294003e-08,ID19895,3.069997673034668,ID124,0.0
7.25,-0.5,0.43000075221061707,ID19895,True,0.0,ID19895,3.069997673034668,ID124,0.0
7.25,-0.25,0.43000075221061707,ID19895,True,2.5822835536537525e-08,ID19895,3.069997673034668,ID124,0.0
7.25,0.0,0.43000078201293945,ID19895,True,5.869304869898784e-08,ID19895,3.069997673034668,ID124,0.0
7.25,0.25,0.43000081181526184,ID19895,True,0.0,ID19895,3.0699974346160888,ID124,0.0
7.25,0.5,0.43000084161758423,ID19895,True,2.5822831595245788e-08,ID19895,3.069997673034668,ID124,0.0
7.25,0.75,0.43000084161758423,ID19925,True,5.869304420258459e-08,ID19925,3.069997673034668,ID124,0.0
7.25,1.0,0.4300008714199066,ID19925,True,0.0,ID19925,3.069997673034668,ID124,0.0
7.25,1.25,0.430000901222229,ID19925,True,2.5822836813294003e-08,ID19925,2.874873523712158,ID124,0.0
7.25,1.5,0.430000901222229,ID19925,True,2.5822836813294003e-08,ID19925,2.834455852508545,ID124,0.0
7.25,1.75,0.4300009608268738,ID19925,True,2.5822836813294003e-08,ID19925,2.783461694717407,ID124,0.019782341029446364
7.25,2.0,0.4300009608268738,ID19925,True,2.5822836813294003e-08,ID19925,2.7324680137634276,ID124,0.019782341029446364
7.25,2.25,0.43000099062919617,ID19925,True,0.0,ID19925,2.6814748096466063,ID1037,0.019782341029446364
7.25,2.5,0.43000102043151855,ID19649,True,0.0,ID19649,2.6304808902740477,ID124,0.0
7.25,2.75,0.43000102043151855,ID19915,True,2.5822836813294003e-08,ID19915,2.5794874477386474,ID124,0.0
7.25,3.0,0.43000105023384094,ID19915,True,0.0,ID19915,2.5284932899475097,ID124,0.0
7.25,3.25,0.43000108003616333,ID19915,True,2.5822836813294003e-08,ID19915,2.4774998474121093,ID124,0.0
7.25,3.5,0.43000108003616333,ID19915,True,5.869296582083905e-08,ID19915,2.426506404876709,ID124,0.0
7.25,3.75,0.4300011396408081,ID19915,True,0.0,ID19915,2.41999662399292,ID116,0.0
7.25,4.0,0.4300011396408081,ID19915,True,2.5822502469630138e-08,ID19915,2.41999662399292,ID116,0.0
7.25,4.25,0.4300011396408081,ID19915,False,0.0032368840550129896,ID16606.001,2.419996862411499,ID116,0.0
7.25,4.5,0.4300011396408081,ID19649,False,0.21208228130856024,ID16606.001,2.419996862411499,ID116,0.0
7.25,4.75,0.4300011992454529,ID16596.001,False,0.34,ID16616.001,0.2500000196695328,ID16650.001,0.0
7.25,5.0,-0.6799987554550171,ID19639,False,0.30069518902102355,ID16596.001,3.529996519088745,ID116,0.0
7.25,5.25,-0.6799987554550171,ID19639,False,0.10162269839741203,ID16596.001,3.529996280670166,ID116,0.0
7.25,5.5,-0.6799987554550171,ID19639,True,5.869037444927727e-08,ID19639,3.529996280670166,ID116,0.0
7.25,5.75,-0.6799986362457275,ID19639,False,0.15358119643946858,ID19639,3.529996042251587,ID116,0.0
7.25,6.0,,,False,,,,,
7.25,6.25,,,False,,,,,
7.25,6.5,,,False,,,,,
7.25,6.75,,,False,,,,,
7.25,7.0,,,False,,,,,
7.25,7.25,,,False,,,,,
7.25,7.5,,,False,,,,,
7.25,7.75,,,False,,,,,
7.25,8.0,,,False,,,,,
7.5,-8.0,,,False,,,,,
7.5,-7.75,,,False,,,,,
7.5,-7.5,,,False,,,,,
7.5,-7.25,,,False,,,,,
7.5,-7.0,,,False,,,,,
7.5,-6.75,,,False,,,,,
7.5,-6.5,,,False,,,,,
7.5,-6.25,,,False,,,,,
7.5,-6.0,,,False,,,,,
7.5,-5.75,0.43000027537345886,ID19649,False,0.30024547400967394,ID1471,2.4199987697601317,ID116,0.0
7.5,-5.5,0.43000027537345886,ID20645,False,0.10385606503235797,ID1471,2.4199987697601317,ID116,0.0
7.5,-5.25,0.43000030517578125,ID20645,False,0.07291691901105418,ID14693,2.4199985313415526,ID116,0.0
7.5,-5.0,0.43000033497810364,ID19649,False,0.3105799546190221,ID14693,2.4199985313415526,ID116,0.0
7.5,-4.75,0.5803609490394592,ID14765,False,0.34,ID14765,0.7823203253746033,ID14765,43.181808217121805
7.5,-4.5,,,False,,,,,
7.5,-4.25,0.4300004243850708,ID20741,False,0.1403788528815684,ID14508,2.4199980545043944,ID116,0.019782341029446364
7.5,-4.0,0.4300004243850708,ID20741,False,0.08496919262475378,ID19639,2.4199980545043944,ID116,0.019782341029446364
7.5,-3.75,0.4300004243850708,ID20741,False,0.023630815958090856,ID19639,2.4199978160858153,ID116,0.019782341029446364
7.5,-3.5,0.4300004839897156,ID20741,True,2.582275321350025e-08,ID20741,2.4199978160858153,ID116,0.019782341029446364
7.5,-3.25,0.43000051379203796,ID19649,True,0.0,ID19649,2.434370880126953,ID124,0.0
7.5,-3.0,0.43000051379203796,ID19955,True,2.5822836813294003e-08,ID19955,2.492694501876831,ID124,0.0
7.5,-2.75,0.43000054359436035,ID19955,True,2.5822836813294003e-08,ID19955,2.5482331562042235,ID124,0.0
7.5,-2.5,0.43000054359436035,ID19955,True,5.8693049420632804e-08,ID19955,2.6004949855804442,ID124,0.0
7.5,-2.25,0.43000054359436035,ID19955,True,5.8693049420632804e-08,ID19955,2.6478351402282714,ID789,0.0
7.5,-2.0,0.4300006031990051,ID19955,True,2.5822836813294003e-08,ID19955,2.6909986782073974,ID789,0.019782341029446364
7.5,-1.75,0.4300006330013275,ID19649,True,0.0,ID19649,2.7299674797058104,ID757,0.0
7.5,-1.5,0.4300006628036499,ID19895,True,2.582275321350025e-08,ID19895,2.7644034671783446,ID124,0.0
7.5,-1.25,0.4300006628036499,ID19895,True,2.5822836813294003e-08,ID19895,2.7940188694000243,ID124,0.0
7.5,-1.0,0.4300006926059723,ID19895,True,2.5822836813294003e-08,ID19895,2.8185714530944823,ID124,0.0
7.5,-0.75,0.4300007224082947,ID19895,True,2.582249719607077e-08,ID19895,2.83786714553833,ID124,0.0
7.5,-0.5,0.43000075221061707,ID19895,True,0.0,ID19895,2.8517612266540526,ID124,0.0
7.5,-0.25,0.43000078201293945,ID19895,True,2.5795375113712993e-08,ID19895,2.860154037475586,ID124,0.0
7.5,0.0,0.43000078201293945,ID19895,True,5.8692694149264923e-08,ID19895,2.8629938411712645,ID124,0.0
7.5,0.25,0.43000081181526184,ID19895,True,0.0,ID19895,2.8601537990570067,ID124,0.0
7.5,0.5,0.43000084161758423,ID19895,True,2.5822836813294003e-08,ID19895,2.8517607498168944,ID124,0.0
7.5,0.75,0.43000084161758423,ID19925,True,2.5822836813294003e-08,ID19925,2.837866907119751,ID124,0.0
7.5,1.0,0.4300008714199066,ID19925,True,0.0,ID19925,2.818570737838745,ID124,0.0
7.5,1.25,0.430000901222229,ID19925,True,0.0,ID19925,2.794017677307129,ID124,0.0
7.5,1.5,0.430000901222229,ID19925,True,5.8693049420632804e-08,ID19925,2.758373146057129,ID124,0.0
7.5,1.75,0.4300009310245514,ID19649,True,0.0,ID19649,2.70737922668457,ID124,0.0
7.5,2.0,0.4300009310245514,ID19649,True,2.5822836813294003e-08,ID19649,2.6563850688934325,ID1037,0.0
7.5,2.25,0.4300009608268738,ID19915,True,5.8693049420632804e-08,ID19915,2.6053921031951903,ID1037,0.019782341029446364
7.5,2.5,0.43000102043151855,ID19915,True,0.0,ID19915,2.5543979454040526,ID124,0.019782341029446364
7.5,2.75,0.43000102043151855,ID19915,True,2.5822836813294003e-08,ID19915,2.503404264450073,ID124,0.019782341029446364
7.5,3.0,0.43000105023384094,ID19915,True,0.0,ID19915,2.4524105834960936,ID124,0.0
7.5,3.25,0.43000108003616333,ID19915,True,0.0,ID19915,2.419997100830078,ID116,0.0
7.5,3.5,0.43000108003616333,ID19915,True,2.5822836813294003e-08,ID19915,2.41999662399292,ID116,0.0
7.5,3.75,0.4300011098384857,ID19915,True,0.0,ID19915,2.419996862411499,ID116,0.0
7.5,4.0,0.4300011396408081,ID19915,True,2.5822836813294003e-08,ID19915,2.41999662399292,ID116,0.0
7.5,4.25,0.4300011396408081,ID19649,True,2.5822836813294003e-08,ID19649,2.419996862411499,ID116,0.0
7.5,4.5,0.4300011992454529,ID19639,False,0.11543926299093668,ID13029.001,2.419997100830078,ID116,0.0
7.5,4.75,-0.6799987554550171,ID19639,False,0.33038442274381385,ID16596.001,3.529996757507324,ID116,0.0
7.5,5.0,-0.6799988746643066,ID19639,False,0.14946639768789632,ID16596.001,3.529996757507324,ID116,0.0
7.5,5.25,-0.6799987554550171,ID19639,True,0.0,ID19639,3.529996757507324,ID116,0.0
7.5,5.5,-0.6799987554550171,ID19639,False,0.10385472411807595,ID19639,3.529996757507324,ID116,0.0
7.5,5.75,-0.6799987554550171,ID19639,False,0.30024386344727605,ID19639,3.529996519088745,ID116,0.0
7.5,6.0,,,False,,,,,
7.5,6.25,,,False,,,,,
7.5,6.5,,,False,,,,,
7.5,6.75,,,False,,,,,
7.5,7.0,,,False,,,,,
7.5,7.25,,,False,,,,,
7.5,7.5,,,False,,,,,
7.5,7.75,,,False,,,,,
7.5,8.0,,,False,,,,,
7.75,-8.0,,,False,,,,,
7.75,-7.75,,,False,,,,,
7.75,-7.5,,,False,,,,,
7.75,-7.25,,,False,,,,,
7.75,-7.0,,,False,,,,,
7.75,-6.75,,,False,,,,,
7.75,-6.5,,,False,,,,,
7.75,-6.25,,,False,,,,,
7.75,-6.0,,,False,,,,,
7.75,-5.75,,,False,,,,,
7.75,-5.5,0.43000030517578125,ID19649,False,0.2605527984127428,ID1471,2.4199985313415526,ID116,0.0
7.75,-5.25,0.43000030517578125,ID19649,False,0.06575527542410181,ID1471,2.4199985313415526,ID116,0.0
7.75,-5.0,0.430000364780426,ID19649,False,0.26417070220475536,ID14693,1.7344625043869017,ID14693,0.0
7.75,-4.75,0.430000364780426,ID19649,False,0.34,ID14508,1.3435756015777587,ID14508,0.0
7.75,-4.5,0.4300003945827484,ID19649,False,0.2139196960534617,ID14508,2.4199982929229735,ID116,0.0
7.75,-4.25,0.4300004243850708,ID20741,False,0.08365576973434252,ID19639,2.4199982929229735,ID116,0.0
7.75,-4.0,0.4300004243850708,ID19649,False,0.29426062680012627,ID19639,2.4199980545043944,ID116,0.019782341029446364
7.75,-3.75,0.4300004541873932,ID20741,False,0.21016463967285237,ID19639,2.4199980545043944,ID116,0.019782341029446364
7.75,-3.5,0.4300004541873932,ID19649,False,0.04288826317713468,ID19639,2.4199980545043944,ID116,0.0
7.75,-3.25,0.43000051379203796,ID19955,True,0.0,ID19955,2.4199980545043944,ID116,0.0
7.75,-3.0,0.43000051379203796,ID19955,False,0.09705386355966364,ID17898.001,2.420680646896362,ID124,0.0
7.75,-2.75,0.43000054359436035,ID19955,False,0.18320867550652165,ID17898.001,2.474243288040161,ID124,0.0
7.75,-2.5,0.43000057339668274,ID19955,False,0.13601299498333974,ID17898.001,2.524730567932129,ID124,0.019782341029446364
7.75,-2.25,0.4300006031990051,ID19955,True,0.0,ID19955,2.571697359085083,ID124,0.0
7.75,-2.0,0.4300006031990051,ID19649,True,2.5822836813294003e-08,ID19649,2.613661890029907,ID124,0.0
7.75,-1.75,0.4300006330013275,ID19945,True,0.0,ID19945,2.6512581157684325,ID757,0.0
7.75,-1.5,0.4300006628036499,ID19945,True,2.5822836813294003e-08,ID19945,2.6845225143432616,ID757,0.0
7.75,-1.25,0.4300006926059723,ID19945,True,0.0,ID19945,2.713163499832153,ID124,0.0
7.75,-1.0,0.4300007224082947,ID19649,True,2.582275321350025e-08,ID19649,2.73693883895874,ID124,0.0
7.75,-0.75,0.4300007224082947,ID19649,True,2.582275321350025e-08,ID19649,2.7556535053253173,ID124,0.0
7.75,-0.5,0.4300007224082947,ID19649,True,5.869286134885243e-08,ID19649,2.769159917831421,ID124,0.0
7.75,-0.25,0.43000078201293945,ID19895,True,2.582281594110114e-08,ID19895,2.7773593711853026,ID124,0.019782341029446364
7.75,0.0,0.43000078201293945,ID19895,True,2.5818290116941256e-08,ID19895,2.7801989364624022,ID124,0.0
7.75,0.25,0.43000078201293945,ID19895,True,5.8692297078000166e-08,ID19895,2.7773593711853026,ID124,0.0
7.75,0.5,0.43000084161758423,ID19649,True,0.0,ID19649,2.769159917831421,ID124,0.019782341029446364
7.75,0.75,0.43000084161758423,ID19649,True,2.582281594110114e-08,ID19649,2.75565279006958,ID124,0.019782341029446364
7.75,1.0,0.4300008714199066,ID19649,True,0.0,ID19649,2.736938123703003,ID124,0.019782341029446364
7.75,1.25,0.430000901222229,ID19915,True,2.5817152471407923e-08,ID19915,2.7131623077392577,ID829,0.0
7.75,1.5,0.430000901222229,ID19915,True,5.8690687920748275e-08,ID19915,2.6822899627685546,ID829,0.0
7.75,1.75,0.4300009310245514,ID19915,True,0.0,ID19915,2.631295804977417,ID829,0.0
7.75,2.0,0.4300009608268738,ID19915,True,2.582275321350025e-08,ID19915,2.5803021240234374,ID124,0.019782341029446364
7.75,2.25,0.43000099062919617,ID19915,True,0.0,ID19915,2.529308919906616,ID124,0.019782341029446364
7.75,2.5,0.43000099062919617,ID19915,True,0.0,ID19915,2.4783152389526366,ID124,0.019782341029446364
7.75,2.75,0.43000102043151855,ID19915,True,2.5822836813294003e-08,ID19915,2.427321319580078,ID124,0.019782341029446364
7.75,3.0,0.43000108003616333,ID19915,True,0.0,ID19915,2.419997100830078,ID116,0.019782341029446364
7.75,3.25,0.43000108003616333,ID19915,True,0.0,ID19915,2.419996862411499,ID116,0.019782341029446364
7.75,3.5,0.43000108003616333,ID19915,True,2.5822836813294003e-08,ID19915,2.41999662399292,ID116,0.019782341029446364
7.75,3.75,0.4300011396408081,ID19915,True,0.0,ID19915,2.419996862411499,ID116,0.019782341029446364
7.75,4.0,0.4300011396408081,ID19639,True,2.5822836813294003e-08,ID19639,2.41999662399292,ID116,0.0
7.75,4.25,0.4300011694431305,ID19639,True,0.0,ID19639,2.41999662399292,ID116,0.0
7.75,4.5,0.4300011694431305,ID19639,False,0.0478570066398985,ID13039.001,2.419996862411499,ID116,0.0
7.75,4.75,0.4300011992454529,ID19649,False,0.29633078835928933,ID13039.001,2.4199963855743407,ID116,0.0
7.75,5.0,-0.6799987554550171,ID19639,False,0.1351958718422036,ID13039.001,3.529996519088745,ID116,0.0
7.75,5.25,-0.6799987554550171,ID19639,False,0.06575460302595165,ID19639,3.529996757507324,ID116,0.0
7.75,5.5,-0.6799987554550171,ID19639,False,0.2605521272990368,ID19639,3.529996519088745,ID116,0.0
7.75,5.75,,,False,,,,,
7.75,6.0,,,False,,,,,
7.75,6.25,,,False,,,,,
7.75,6.5,,,False,,,,,
7.75,6.75,,,False,,,,,
7.75,7.0,,,False,,,,,
7.75,7.25,,,False,,,,,
7.75,7.5,,,False,,,,,
7.75,7.75,,,False,,,,,
7.75,8.0,,,False,,,,,
8.0,-8.0,,,False,,,,,
8.0,-7.75,,,False,,,,,
8.0,-7.5,,,False,,,,,
8.0,-7.25,,,False,,,,,
8.0,-7.0,,,False,,,,,
8.0,-6.75,,,False,,,,,
8.0,-6.5,,,False,,,,,
8.0,-6.25,,,False,,,,,
8.0,-6.0,,,False,,,,,
8.0,-5.75,,,False,,,,,
8.0,-5.5,,,False,,,,,
8.0,-5.25,0.43000030517578125,ID19649,False,0.23188855591758276,ID1471,2.4199985313415526,ID116,0.019782341029446364
8.0,-5.0,0.430000364780426,ID19649,False,0.06392080623196256,ID14508,2.4199985313415526,ID116,0.019782341029446364
8.0,-4.75,0.430000364780426,ID19649,False,0.11571292605217456,ID14508,2.4199982929229735,ID116,0.019782341029446364
8.0,-4.5,0.4300003945827484,ID19649,False,0.047534645149464705,ID14508,2.4199982929229735,ID116,0.019782341029446364
8.0,-4.25,0.4300004243850708,ID19649,False,0.21836184705368622,ID19639,2.4199982929229735,ID116,0.0
8.0,-4.0,-0.679999589920044,ID19639,False,0.2510336817309801,ID19639,3.529998426437378,ID116,0.0
8.0,-3.75,-0.679999589920044,ID19639,False,0.2840437361052503,ID19639,3.529998426437378,ID116,0.0
8.0,-3.5,0.4300004839897156,ID19955,False,0.19436946948180303,ID19639,2.4199980545043944,ID116,0.019782341029446364
8.0,-3.25,0.43000051379203796,ID19955,False,0.05527694266785482,ID11210.005,2.4199980545043944,ID116,0.019782341029446364
8.0,-3.0,0.43000054359436035,ID19955,False,0.2471240577298713,ID11210.005,2.4199980545043944,ID116,0.019782341029446364
8.0,-2.75,0.43000054359436035,ID19955,False,0.34,ID17982.001,0.4022625434398651,ID17972.001,0.0
8.0,-2.5,0.43000057339668274,ID19955,False,0.34,ID17898.001,1.044839744567871,ID17898.001,0.0
8.0,-2.25,0.4300006031990051,ID19955,False,0.20063254220160864,ID17898.001,2.4943600940704345,ID124,0.0
8.0,-2.0,0.4300006031990051,ID19649,True,5.869302849292879e-08,ID19649,2.536036376953125,ID124,0.0
8.0,-1.75,0.4300006330013275,ID19945,True,2.582281594110114e-08,ID19945,2.5725489902496337,ID124,0.0
8.0,-1.5,0.4300006628036499,ID19945,True,2.5822836813294003e-08,ID19945,2.6046408462524413,ID124,0.0
8.0,-1.25,0.4300006628036499,ID19945,True,5.8693049420632804e-08,ID19945,2.632307891845703,ID124,0.0
8.0,-1.0,0.4300007224082947,ID19945,True,0.0,ID19945,2.655306224822998,ID853,0.0
8.0,-0.75,0.4300007224082947,ID19945,True,2.5822836813294003e-08,ID19945,2.673438911437988,ID853,0.0
8.0,-0.5,0.4300007224082947,ID19945,True,5.869302849292879e-08,ID19945,2.686558847427368,ID124,0.0
8.0,-0.25,0.43000078201293945,ID19945,True,2.5822413651788167e-08,ID19945,2.6945647048950194,ID813,0.0
8.0,0.0,0.43000078201293945,ID19945,True,5.8689183235483e-08,ID19945,2.697404508590698,ID813,0.019782341029446364
8.0,0.25,0.43000081181526184,ID19945,True,0.0,ID19945,2.6945647048950194,ID124,0.0
8.0,0.5,0.43000084161758423,ID19945,True,2.5822836813294003e-08,ID19945,2.68655837059021,ID845,0.0
8.0,0.75,0.43000084161758423,ID19915,True,2.5822831595245788e-08,ID19915,2.673438911437988,ID845,0.0
8.0,1.0,0.4300008714199066,ID19915,True,0.0,ID19915,2.6553052711486815,ID845,0.0
8.0,1.25,0.430000901222229,ID19915,True,2.582281594110114e-08,ID19915,2.632307415008545,ID829,0.0
8.0,1.5,0.430000901222229,ID19915,True,5.869302849292879e-08,ID19915,2.604640607833862,ID124,0.0
8.0,1.75,0.4300009608268738,ID19915,True,2.5822648741513632e-08,ID19915,2.555213575363159,ID124,0.0
8.0,2.0,0.4300009608268738,ID19915,True,2.5822836813294003e-08,ID19915,2.5042194175720214,ID124,0.0
8.0,2.25,0.4300009608268738,ID19915,True,5.869296582083905e-08,ID19915,2.453225975036621,ID124,0.0
8.0,2.5,0.43000102043151855,ID19915,True,2.582275321350025e-08,ID19915,2.419997100830078,ID116,0.0
8.0,2.75,0.43000102043151855,ID19915,True,2.5822836813294003e-08,ID19915,2.419997100830078,ID116,0.0
8.0,3.0,0.43000108003616333,ID19915,True,0.0,ID19915,2.419996862411499,ID116,0.0
8.0,3.25,0.43000108003616333,ID19915,True,2.5822836813294003e-08,ID19915,2.419996862411499,ID116,0.0
8.0,3.5,0.4300011098384857,ID19649,True,0.0,ID19649,2.419996862411499,ID116,0.019782341029446364
8.0,3.75,0.4300011396408081,ID19639,True,0.0,ID19639,2.41999662399292,ID116,0.0
8.0,4.0,0.4300011396408081,ID19639,True,2.5822418869836383e-08,ID19639,2.419996862411499,ID116,0.0
8.0,4.25,0.4300011694431305,ID19639,True,0.0,ID19639,2.41999662399292,ID116,0.0
8.0,4.5,0.4300011694431305,ID19639,False,0.02027477613500961,ID13039.001,2.41999662399292,ID116,0.0
8.0,4.75,0.4300011992454529,ID19649,False,0.26874854902212747,ID13039.001,2.41999662399292,ID116,0.0
8.0,5.0,-0.6799987554550171,ID19639,False,0.16277804859631265,ID13039.001,3.529996519088745,ID116,0.019782341029446364
8.0,5.25,-0.6799987554550171,ID19639,False,0.23188720991507505,ID19639,3.529996519088745,ID116,0.019782341029446364
8.0,5.5,,,False,,,,,
8.0,5.75,,,False,,,,,
8.0,6.0,,,False,,,,,
8.0,6.25,,,False,,,,,
8.0,6.5,,,False,,,,,
8.0,6.75,,,False,,,,,
8.0,7.0,,,False,,,,,
8.0,7.25,,,False,,,,,
8.0,7.5,,,False,,,,,
8.0,7.75,,,False,,,,,
8.0,8.0,,,False,,,,,
8.25,-8.0,,,False,,,,,
8.25,-7.75,,,False,,,,,
8.25,-7.5,,,False,,,,,
8.25,-7.25,,,False,,,,,
8.25,-7.0,,,False,,,,,
8.25,-6.75,,,False,,,,,
8.25,-6.5,,,False,,,,,
8.25,-6.25,,,False,,,,,
8.25,-6.0,,,False,,,,,
8.25,-5.75,,,False,,,,,
8.25,-5.5,,,False,,,,,
8.25,-5.25,,,False,,,,,
8.25,-5.0,0.430000364780426,ID19649,False,0.214977529205893,ID1471,2.4199982929229735,ID116,0.0
8.25,-4.75,0.430000364780426,ID19649,False,0.0377428937462394,ID1471,2.4199982929229735,ID116,0.0
8.25,-4.5,0.4300003945827484,ID19649,False,0.14246321270053858,ID19639,2.4199982929229735,ID116,0.0
8.25,-4.25,-0.679999589920044,ID19639,False,0.32693258984129303,ID19639,3.529998426437378,ID116,0.0
8.25,-4.0,-0.679999589920044,ID19639,False,0.1163279903397535,ID19639,3.529998426437378,ID116,0.0
8.25,-3.75,-0.679999589920044,ID19639,False,0.20009729850158606,ID19639,3.5299981880187987,ID116,0.0
8.25,-3.5,0.4300004839897156,ID19649,False,0.2969019828165763,ID18173,2.4199982929229735,ID116,0.0
8.25,-3.25,0.4300004839897156,ID19955,False,0.19618768667813846,ID11210.005,2.4199980545043944,ID116,0.0
8.25,-3.0,0.43000054359436035,ID19955,False,0.34,ID11210.005,0.46514636754989624,ID11210.005,0.0
8.25,-2.75,0.4300006926059723,ID18040.001,False,0.34,ID11210.005,0.23366226732730866,ID18040.001,0.0
8.25,-2.5,0.43000054359436035,ID19955,False,0.34,ID17982.001,0.3858375895023346,ID17898.001,0.0
8.25,-2.25,0.4300006031990051,ID19955,False,0.30297794496555147,ID17972.001,2.419997577667236,ID116,0.0
8.25,-2.0,0.4300006031990051,ID19945,False,0.053135971714840635,ID17972.001,2.4573277282714843,ID124,0.0
8.25,-1.75,0.4300006628036499,ID19945,True,0.0,ID19945,2.493762378692627,ID124,0.0
8.25,-1.5,0.4300006628036499,ID19945,True,2.5822836813294003e-08,ID19945,2.524759654998779,ID124,0.0
8.25,-1.25,0.4300006628036499,ID19945,True,5.869286134885243e-08,ID19945,2.551452522277832,ID124,0.0
8.25,-1.0,0.4300006926059723,ID19945,True,2.5641523015984546e-08,ID19945,2.573673849105835,ID124,0.019782341029446364
8.25,-0.75,0.4300007224082947,ID19945,True,2.582281594110114e-08,ID19945,2.591224555969238,ID124,0.0
8.25,-0.5,0.43000075221061707,ID19945,True,0.0,ID19945,2.603957538604736,ID124,0.0
8.25,-0.25,0.43000078201293945,ID19945,True,0.0,ID19945,2.6117702770233153,ID124,0.0
8.25,0.0,0.43000078201293945,ID19945,True,2.5822835536537525e-08,ID19945,2.6146105575561522,ID124,0.0
8.25,0.25,0.43000084161758423,ID19945,True,0.0,ID19945,2.611770038604736,ID124,0.0
8.25,0.5,0.43000084161758423,ID19945,True,2.5822836813294003e-08,ID19945,2.603957061767578,ID124,0.0
8.25,0.75,0.43000084161758423,ID19649,True,2.5822836813294003e-08,ID19649,2.5912247943878173,ID124,0.0
8.25,1.0,0.4300008714199066,ID19915,True,0.0,ID19915,2.5736728954315184,ID124,0.0
8.25,1.25,0.430000901222229,ID19915,True,2.5822836813294003e-08,ID19915,2.551452283859253,ID124,0.0
8.25,1.5,0.430000901222229,ID19915,True,2.5822836813294003e-08,ID19915,2.524758939743042,ID124,0.0
8.25,1.75,0.4300009310245514,ID19915,True,0.0,ID19915,2.4791301536560058,ID124,0.0
8.25,2.0,0.4300009608268738,ID19915,True,2.5822836813294003e-08,ID19915,2.4281367111206054,ID124,0.0
8.25,2.25,0.4300009608268738,ID19915,True,5.8693049420632804e-08,ID19915,2.419997100830078,ID116,0.0
8.25,2.5,0.43000102043151855,ID19915,True,0.0,ID19915,2.419996862411499,ID116,0.0
8.25,2.75,0.43000102043151855,ID19915,True,5.8693049420632804e-08,ID19915,2.419996862411499,ID116,0.0
8.25,3.0,0.43000105023384094,ID19649,True,0.0,ID19649,2.41999662399292,ID116,0.0
8.25,3.25,0.43000108003616333,ID19639,True,2.5822836813294003e-08,ID19639,2.41999662399292,ID116,0.0
8.25,3.5,0.4300011098384857,ID19639,True,0.0,ID19639,2.419996862411499,ID116,0.0
8.25,3.75,0.4300011396408081,ID19639,True,0.0,ID19639,2.41999662399292,ID116,0.0
8.25,4.0,0.4300011396408081,ID19639,True,2.582275321350025e-08,ID19639,2.41999662399292,ID116,0.0
8.25,4.25,0.4300011694431305,ID19639,True,0.0,ID19639,2.41999662399292,ID116,0.0
8.25,4.5,0.4300011992454529,ID19639,True,2.5822836813294003e-08,ID19639,2.4199963855743407,ID116,0.0
8.25,4.75,0.4300011992454529,ID19649,False,0.24116630911207865,ID13039.001,2.41999662399292,ID116,0.0
8.25,5.0,-0.6799986362457275,ID19639,False,0.2149755086152441,ID19639,3.529996519088745,ID116,0.019782341029446364
8.25,5.25,,,False,,,,,
8.25,5.5,,,False,,,,,
8.25,5.75,,,False,,,,,
8.25,6.0,,,False,,,,,
8.25,6.25,,,False,,,,,
8.25,6.5,,,False,,,,,
8.25,6.75,,,False,,,,,
8.25,7.0,,,False,,,,,
8.25,7.25,,,False,,,,,
8.25,7.5,,,False,,,,,
8.25,7.75,,,False,,,,,
8.25,8.0,,,False,,,,,
8.5,-8.0,,,False,,,,,
8.5,-7.75,,,False,,,,,
8.5,-7.5,,,False,,,,,
8.5,-7.25,,,False,,,,,
8.5,-7.0,,,False,,,,,
8.5,-6.75,,,False,,,,,
8.5,-6.5,,,False,,,,,
8.5,-6.25,,,False,,,,,
8.5,-6.0,,,False,,,,,
8.5,-5.75,,,False,,,,,
8.5,-5.5,,,False,,,,,
8.5,-5.25,,,False,,,,,
8.5,-5.0,,,False,,,,,
8.5,-4.75,0.430000364780426,ID19649,False,0.2140607472155985,ID1471,2.4199982929229735,ID116,0.0
8.5,-4.5,0.430000364780426,ID19649,False,0.2771692905855586,ID19639,2.4199982929229735,ID116,0.0
8.5,-4.25,-0.679999589920044,ID19639,False,0.19222638514390827,ID19649,3.5299981880187987,ID116,0.0
8.5,-4.0,-0.679999589920044,ID19639,True,0.0,ID19639,3.529998664855957,ID116,0.0
8.5,-3.75,-0.679999589920044,ID19639,False,0.16158025117121988,ID18173,3.5299981880187987,ID116,0.0
8.5,-3.5,0.4300004839897156,ID19639,False,0.34,ID18203,0.23144063830375672,ID18173,0.019782341029446364
8.5,-3.25,0.4300004839897156,ID19649,False,0.34,ID18173,0.7789083170890808,ID18173,0.0
8.5,-3.0,0.43000054359436035,ID19955,False,0.2881339602145969,ID17922.001,2.4199980545043944,ID116,0.0
8.5,-2.75,0.45893585681915283,ID18040.001,False,0.34,ID11120.005,0.4125666069984436,ID11120.005,0.0
8.5,-2.5,0.43000054359436035,ID19955,False,0.34,ID11120.005,0.4224473583698273,ID11120.005,0.0
8.5,-2.25,0.4300006031990051,ID19649,False,0.17869633340468108,ID11120.005,2.4199978160858153,ID116,0.0
8.5,-2.0,0.4300006031990051,ID19945,True,5.8692715021457786e-08,ID19945,2.4199978160858153,ID116,0.0
8.5,-1.75,0.4300006628036499,ID19945,True,0.0,ID19945,2.419997577667236,ID116,0.0
8.5,-1.5,0.4300006628036499,ID19945,False,0.03833589360682976,ID17898,2.444877986907959,ID124,0.0
8.5,-1.25,0.4300006628036499,ID19945,False,0.1849217152836563,ID17898,2.4705969142913817,ID124,0.0
8.5,-1.0,0.4300007224082947,ID19945,False,0.2328432117120579,ID17898,2.4920409965515136,ID124,0.0
8.5,-0.75,0.4300007224082947,ID19945,False,0.1862804527933731,ID17898,2.5090106773376464,ID124,0.0
8.5,-0.5,0.43000078201293945,ID19945,False,0.0652754156009504,ID17972,2.5213564682006835,ID124,0.0
8.5,-0.25,0.43000078201293945,ID19945,True,0.0,ID19945,2.5289760875701903,ID124,0.0
8.5,0.0,0.43000078201293945,ID19945,True,2.5822836757782852e-08,ID19945,2.53181565284729,ID124,0.0
8.5,0.25,0.43000078201293945,ID19945,True,5.8693048088365174e-08,ID19945,2.528975849151611,ID124,0.0
8.5,0.5,0.43000084161758423,ID19945,True,2.5822836813294003e-08,ID19945,2.5213559913635253,ID124,0.0
8.5,0.75,0.43000084161758423,ID19649,True,2.5822836813294003e-08,ID19649,2.509010200500488,ID124,0.0
8.5,1.0,0.4300008714199066,ID19915,True,0.0,ID19915,2.4920407581329345,ID124,0.0
8.5,1.25,0.430000901222229,ID19915,True,2.5822836813294003e-08,ID19915,2.4705966758728026,ID124,0.0
8.5,1.5,0.430000901222229,ID19915,True,2.5822836813294003e-08,ID19915,2.4448775100708007,ID124,0.0
8.5,1.75,0.4300009310245514,ID19915,True,0.0,ID19915,2.419997339248657,ID116,0.0
8.5,2.0,0.4300009608268738,ID19915,True,2.5822836813294003e-08,ID19915,2.419997100830078,ID116,0.0
8.5,2.25,0.4300009608268738,ID19915,True,2.5822836813294003e-08,ID19915,2.419997100830078,ID116,0.0
8.5,2.5,0.4300009608268738,ID19649,True,5.8693049420632804e-08,ID19649,2.419997100830078,ID116,0.0
8.5,2.75,0.43000102043151855,ID19639,True,2.5822836813294003e-08,ID19639,2.419996862411499,ID116,0.019782341029446364
8.5,3.0,0.43000102043151855,ID19639,True,5.8693049420632804e-08,ID19639,2.419996862411499,ID116,0.019782341029446364
8.5,3.25,0.43000108003616333,ID19639,True,0.0,ID19639,2.419996862411499,ID116,0.019782341029446364
8.5,3.5,0.43000108003616333,ID19639,True,2.5822836813294003e-08,ID19639,2.41999662399292,ID116,0.019782341029446364
8.5,3.75,0.4300011098384857,ID19639,True,0.0,ID19639,2.41999662399292,ID116,0.019782341029446364
8.5,4.0,0.4300011396408081,ID19639,True,2.5822502469630138e-08,ID19639,2.41999662399292,ID116,0.019782341029446364
8.5,4.25,0.4300011694431305,ID19639,True,0.0,ID19639,2.41999662399292,ID116,0.019782341029446364
8.5,4.5,0.4300011992454529,ID19639,False,0.07874374588208743,ID19639,2.4199963855743407,ID116,0.0
8.5,4.75,0.4300011992454529,ID19649,False,0.2535140729568298,ID13049.001,2.41999662399292,ID116,0.0
8.5,5.0,,,False,,,,,
8.5,5.25,,,False,,,,,
8.5,5.5,,,False,,,,,
8.5,5.75,,,False,,,,,
8.5,6.0,,,False,,,,,
8.5,6.25,,,False,,,,,
8.5,6.5,,,False,,,,,
8.5,6.75,,,False,,,,,
8.5,7.0,,,False,,,,,
8.5,7.25,,,False,,,,,
8.5,7.5,,,False,,,,,
8.5,7.75,,,False,,,,,
8.5,8.0,,,False,,,,,
8.75,-8.0,,,False,,,,,
8.75,-7.75,,,False,,,,,
8.75,-7.5,,,False,,,,,
8.75,-7.25,,,False,,,,,
8.75,-7.0,,,False,,,,,
8.75,-6.75,,,False,,,,,
8.75,-6.5,,,False,,,,,
8.75,-6.25,,,False,,,,,
8.75,-6.0,,,False,,,,,
8.75,-5.75,,,False,,,,,
8.75,-5.5,,,False,,,,,
8.75,-5.25,,,False,,,,,
8.75,-5.0,,,False,,,,,
8.75,-4.75,,,False,,,,,
8.75,-4.5,-0.6799997091293335,ID19639,False,0.2681251468413507,ID19639,3.5299981880187987,ID116,0.0
8.75,-4.25,-0.6799997091293335,ID19639,False,0.062349933753177766,ID19639,3.529998426437378,ID116,0.0
8.75,-4.0,-0.679999589920044,ID19639,True,0.0,ID19639,3.5299981880187987,ID116,0.0
8.75,-3.75,-0.679999589920044,ID19639,False,0.12306264504630343,ID19639,3.5299977111816405,ID116,0.0
8.75,-3.5,0.4300004839897156,ID19639,False,0.34,ID18173,1.0687556314468383,ID18173,0.019782341029446364
8.75,-3.25,0.4300004839897156,ID19639,False,0.34,ID18173,0.28894201397895813,ID18173,0.019782341029446364
8.75,-3.0,0.43000051379203796,ID19639,False,0.34,ID10057.019,0.18799414217472077,ID18173,0.019782341029446364
8.75,-2.75,0.43000054359436035,ID19649,False,0.3159560451421191,ID18203,2.4199978160858153,ID116,0.0
8.75,-2.5,0.43000057339668274,ID19955,False,0.3082015100612098,ID18173,2.4199978160858153,ID116,0.0
8.75,-2.25,0.43000057339668274,ID19649,False,0.23089169404614485,ID18173,2.4199978160858153,ID116,0.0
8.75,-2.0,0.4300006031990051,ID19945,False,0.12414078238910767,ID18173,2.4199978160858153,ID116,0.0
8.75,-1.75,0.4300006628036499,ID19945,False,0.007364502009121587,ID18173,2.4199978160858153,ID116,0.0
8.75,-1.5,0.4300006628036499,ID19945,False,0.10197162350754771,ID11210.004,2.419997577667236,ID116,0.0
8.75,-1.25,0.4300006628036499,ID19945,False,0.34,ID17972,0.5537626194953919,ID17972,0.0
8.75,-1.0,0.4300007224082947,ID19945,False,0.34,ID17982,0.3879595446586609,ID17898,0.0
8.75,-0.75,0.4300007224082947,ID19945,False,0.34,ID17898,0.43232682824134827,ID17898,0.0
8.75,-0.5,0.4300007224082947,ID19945,False,0.21550183421388402,ID17972,2.4387553977966308,ID124,0.0
8.75,-0.25,0.43000078201293945,ID19945,True,0.0,ID19945,2.446181659698486,ID124,0.0
8.75,0.0,0.43000078201293945,ID19945,True,2.5822833871202988e-08,ID19945,2.449021701812744,ID124,0.0
8.75,0.25,0.43000084161758423,ID19945,True,0.0,ID19945,2.446181182861328,ID124,0.0
8.75,0.5,0.43000084161758423,ID19945,True,0.0,ID19945,2.4387551593780517,ID124,0.0
8.75,0.75,0.43000084161758423,ID19649,True,2.5822836813294003e-08,ID19649,2.4267960834503173,ID124,0.0
8.75,1.0,0.4300008714199066,ID19915,True,0.0,ID19915,2.419997339248657,ID116,0.0
8.75,1.25,0.430000901222229,ID19915,True,2.5822836813294003e-08,ID19915,2.419997339248657,ID116,0.0
8.75,1.5,0.430000901222229,ID19915,True,5.8693049420632804e-08,ID19915,2.419997100830078,ID116,0.0
8.75,1.75,0.4300009608268738,ID19649,True,0.0,ID19649,2.419997100830078,ID116,0.0
8.75,2.0,0.4300009608268738,ID19649,True,2.5822836813294003e-08,ID19649,2.419997100830078,ID116,0.019782341029446364
8.75,2.25,0.4300009608268738,ID19639,True,5.8693049420632804e-08,ID19639,2.419997100830078,ID116,0.0
8.75,2.5,0.43000099062919617,ID19639,True,0.0,ID19639,2.419997100830078,ID116,0.0
8.75,2.75,0.43000102043151855,ID19639,True,2.5822836813294003e-08,ID19639,2.419996862411499,ID116,0.0
8.75,3.0,0.43000102043151855,ID19639,True,5.868627833693907e-08,ID19639,2.419996862411499,ID116,0.0
8.75,3.25,0.43000108003616333,ID19639,True,0.0,ID19639,2.41999662399292,ID116,0.0
8.75,3.5,0.43000108003616333,ID19639,True,2.5819827442763454e-08,ID19639,2.41999662399292,ID116,0.0
8.75,3.75,0.43000108003616333,ID19639,True,5.8693049420632804e-08,ID19639,2.41999662399292,ID116,0.0
8.75,4.0,0.4300011098384857,ID19639,True,0.0,ID19639,2.41999662399292,ID116,0.0
8.75,4.25,0.4300011396408081,ID19639,True,2.5822836813294003e-08,ID19639,2.419996862411499,ID116,0.0
8.75,4.5,0.4300011694431305,ID19639,False,0.17643707200482095,ID19639,2.41999662399292,ID116,0.0
8.75,4.75,,,False,,,,,
8.75,5.0,,,False,,,,,
8.75,5.25,,,False,,,,,
8.75,5.5,,,False,,,,,
8.75,5.75,,,False,,,,,
8.75,6.0,,,False,,,,,
8.75,6.25,,,False,,,,,
8.75,6.5,,,False,,,,,
8.75,6.75,,,False,,,,,
8.75,7.0,,,False,,,,,
8.75,7.25,,,False,,,,,
8.75,7.5,,,False,,,,,
8.75,7.75,,,False,,,,,
8.75,8.0,,,False,,,,,
9.0,-8.0,,,False,,,,,
9.0,-7.75,,,False,,,,,
9.0,-7.5,,,False,,,,,
9.0,-7.25,,,False,,,,,
9.0,-7.0,,,False,,,,,
9.0,-6.75,,,False,,,,,
9.0,-6.5,,,False,,,,,
9.0,-6.25,,,False,,,,,
9.0,-6.0,,,False,,,,,
9.0,-5.75,,,False,,,,,
9.0,-5.5,,,False,,,,,
9.0,-5.25,,,False,,,,,
9.0,-5.0,,,False,,,,,
9.0,-4.75,,,False,,,,,
9.0,-4.5,,,False,,,,,
9.0,-4.25,-0.679999589920044,ID19639,False,0.2573039358012616,ID19639,3.5299981880187987,ID116,0.019782341029446364
9.0,-4.0,-0.679999589920044,ID19639,False,0.10080080088570881,ID19639,3.5299981880187987,ID116,0.019782341029446364
9.0,-3.75,-0.6799994707107544,ID19639,False,0.08454553489857486,ID19639,3.5299981880187987,ID116,0.019782341029446364
9.0,-3.5,-0.6799994707107544,ID19639,False,0.33156060533593046,ID19639,3.5299981880187987,ID116,0.019782341029446364
9.0,-3.25,0.4300004839897156,ID19639,False,0.34,ID18193,1.3903802680969237,ID18193,0.019782341029446364
9.0,-3.0,0.43000051379203796,ID19639,False,0.34,ID18173,0.34644338965415955,ID18173,0.0
9.0,-2.75,0.43000054359436035,ID19639,False,0.34,ID10439.014,0.24549551784992218,ID18173,0.0
9.0,-2.5,,,False,,,,,
9.0,-2.25,0.43000054359436035,ID19649,False,0.34,ID19483,0.7499759840965271,ID18173,0.0
9.0,-2.0,0.4300006031990051,ID19945,False,0.34,ID18173,0.7104502367973328,ID18173,0.0
9.0,-1.75,0.4300006330013275,ID19945,False,0.13010269348144546,ID18173,2.4199978160858153,ID116,0.0
9.0,-1.5,0.4300006628036499,ID19945,False,0.1730321474336265,ID11210.004,2.4199978160858153,ID116,0.0
9.0,-1.25,0.4300006628036499,ID19945,False,0.34,ID17922,0.4454268562793732,ID11210.004,0.0
9.0,-1.0,,,False,,,,,
9.0,-0.75,0.4300007224082947,ID19945,False,0.34,ID11120.004,0.24739109456539154,ID11120.004,0.0
9.0,-0.5,0.4300007224082947,ID19945,False,0.19043135621761575,ID11120.004,2.419997577667236,ID116,0.0
9.0,-0.25,0.43000078201293945,ID19945,True,0.0,ID19945,2.4199978160858153,ID116,0.0
9.0,0.0,0.43000078201293945,ID19945,True,2.5822666893660084e-08,ID19945,2.419997577667236,ID116,0.019782341029446364
9.0,0.25,0.43000078201293945,ID19945,True,2.5822598781477524e-08,ID19945,2.4199978160858153,ID116,0.019782341029446364
9.0,0.5,0.43000081181526184,ID19945,False,0.12401332897508957,ID16606,2.419997339248657,ID116,0.0
9.0,0.75,0.43000084161758423,ID19649,False,0.2195348057252328,ID16606,2.419997339248657,ID116,0.019782341029446364
9.0,1.0,0.4300008714199066,ID19649,False,0.2095929992846735,ID16606,2.419997339248657,ID116,0.019782341029446364
9.0,1.25,0.4300008714199066,ID19639,False,0.09908733771160447,ID16606,2.419997100830078,ID116,0.0
9.0,1.5,0.430000901222229,ID19639,True,2.582275321350025e-08,ID19639,2.419997100830078,ID116,0.019782341029446364
9.0,1.75,0.4300009310245514,ID19639,True,1.849170716550219e-08,ID19639,2.419997100830078,ID116,0.0
9.0,2.0,0.4300009608268738,ID19639,True,2.581874075646695e-08,ID19639,2.419996862411499,ID116,0.0
9.0,2.25,0.4300009608268738,ID19639,True,5.8690040050102255e-08,ID19639,2.419997100830078,ID116,0.0
9.0,2.5,0.43000099062919617,ID19639,True,2.565397838605321e-08,ID19639,2.419997100830078,ID116,0.0
9.0,2.75,0.43000102043151855,ID19639,True,2.58207469849836e-08,ID19639,2.419997100830078,ID116,0.0
9.0,3.0,0.43000102043151855,ID19639,True,5.8693049420632804e-08,ID19639,2.419996862411499,ID116,0.0
9.0,3.25,0.43000108003616333,ID19639,True,0.0,ID19639,2.41999662399292,ID116,0.019782341029446364
9.0,3.5,0.43000108003616333,ID19639,True,2.5822836813294003e-08,ID19639,2.41999662399292,ID116,0.019782341029446364
9.0,3.75,0.4300011098384857,ID19639,False,0.025401513248062335,ID20675,2.41999662399292,ID116,0.019782341029446364
9.0,4.0,0.4300011396408081,ID19639,False,0.09054599081883682,ID20675,2.41999662399292,ID116,0.019782341029446364
9.0,4.25,0.4300011396408081,ID19649,False,0.15569033816679476,ID20675,2.1937145042419433,ID19639,0.0
9.0,4.5,0.4300011992454529,ID19649,False,0.22083481943974753,ID20675,2.1937145042419433,ID19639,0.0
9.0,4.75,,,False,,,,,
9.0,5.0,,,False,,,,,
9.0,5.25,,,False,,,,,
9.0,5.5,,,False,,,,,
9.0,5.75,,,False,,,,,
9.0,6.0,,,False,,,,,
9.0,6.25,,,False,,,,,
9.0,6.5,,,False,,,,,
9.0,6.75,,,False,,,,,
9.0,7.0,,,False,,,,,
9.0,7.25,,,False,,,,,
9.0,7.5,,,False,,,,,
9.0,7.75,,,False,,,,,
9.0,8.0,,,False,,,,,
9.25,-8.0,,,False,,,,,
9.25,-7.75,,,False,,,,,
9.25,-7.5,,,False,,,,,
9.25,-7.25,,,False,,,,,
9.25,-7.0,,,False,,,,,
9.25,-6.75,,,False,,,,,
9.25,-6.5,,,False,,,,,
9.25,-6.25,,,False,,,,,
9.25,-6.0,,,False,,,,,
9.25,-5.75,,,False,,,,,
9.25,-5.5,,,False,,,,,
9.25,-5.25,,,False,,,,,
9.25,-5.0,,,False,,,,,
9.25,-4.75,,,False,,,,,
9.25,-4.5,,,False,,,,,
9.25,-4.25,,,False,,,,,
9.25,-4.0,-0.679999589920044,ID19639,False,0.29936626874249167,ID19639,3.529998426437378,ID116,0.0
9.25,-3.75,-0.679999589920044,ID19639,False,0.15446427077590877,ID19639,3.5299981880187987,ID116,0.0
9.25,-3.5,-0.679999589920044,ID19639,False,0.17549242275540197,ID18173,3.5299981880187987,ID116,0.0
9.25,-3.25,-0.6799994707107544,ID19639,False,0.30982179997857534,ID18173,3.5299981880187987,ID116,0.0
9.25,-3.0,-0.6799994707107544,ID19639,False,0.31512108766246993,ID19639,3.5299981880187987,ID116,0.0
9.25,-2.75,0.43000054359436035,ID19639,False,0.34,ID16952,0.9389667558670044,ID16952,0.0
9.25,-2.5,0.43000057339668274,ID19639,False,0.34,ID18173,0.3298891830444336,ID18173,0.0
9.25,-2.25,0.4300006031990051,ID19639,False,0.34,ID18173,0.2496664720773697,ID18173,0.0
9.25,-2.0,0.4300006031990051,ID19639,False,0.34,ID18173,0.17352504014968873,ID18173,0.0
9.25,-1.75,0.4300006330013275,ID19649,False,0.34,ID18203,0.7694810676574707,ID18203,0.0
9.25,-1.5,0.4300006628036499,ID19649,False,0.2674289690218663,ID18203,2.4199978160858153,ID116,0.0
9.25,-1.25,0.4300006628036499,ID19945,False,0.3091754843842344,ID11210.004,2.4199978160858153,ID116,0.0
9.25,-1.0,0.45893594622612,ID18010,False,0.34,ID11120.004,0.4202820110321045,ID11120.004,0.0
9.25,-0.75,0.4300007224082947,ID19945,False,0.34,ID11120.004,0.477939133644104,ID11120.004,0.0
9.25,-0.5,0.4300007224082947,ID19945,False,0.15382602704438156,ID11120.004,2.419997577667236,ID116,0.0
9.25,-0.25,0.43000078201293945,ID19945,False,0.07629189835062133,ID18203,2.419997339248657,ID116,0.0
9.25,0.0,0.43000078201293945,ID19945,False,0.06056598129032814,ID18203,2.419997339248657,ID116,0.0
9.25,0.25,0.43000081181526184,ID19945,False,0.10170475211376023,ID16562,2.419997339248657,ID116,0.0
9.25,0.5,,,False,,,,,
9.25,0.75,0.43000084161758423,ID19639,False,0.34,ID16616,0.2500000196695328,ID16650,0.0
9.25,1.0,0.430000901222229,ID19639,False,0.34,ID16616,0.249999960064888,ID16650,0.0
9.25,1.25,,,False,,,,,
9.25,1.5,0.430000901222229,ID19639,False,0.06153728179734502,ID16606,2.419997577667236,ID116,0.0
9.25,1.75,0.4300009608268738,ID19639,True,0.0,ID19639,2.419996862411499,ID116,0.019782341029446364
9.25,2.0,0.4300009608268738,ID19639,True,2.582281594110114e-08,ID19639,2.419997100830078,ID116,0.019782341029446364
9.25,2.25,0.43000099062919617,ID19639,True,0.0,ID19639,2.419997100830078,ID116,0.019782341029446364
9.25,2.5,0.43000102043151855,ID19639,True,0.0,ID19639,2.41999662399292,ID116,0.019782341029446364
9.25,2.75,0.43000102043151855,ID19639,True,2.5822836813294003e-08,ID19639,2.419996862411499,ID116,0.019782341029446364
9.25,3.0,0.43000108003616333,ID19639,True,0.0,ID19639,2.419996862411499,ID116,0.019782341029446364
9.25,3.25,0.43000108003616333,ID19639,True,2.5822836813294003e-08,ID19639,2.41999662399292,ID116,0.019782341029446364
9.25,3.5,0.43000108003616333,ID19639,False,0.1454620053606087,ID20685,2.41999662399292,ID116,0.019782341029446364
9.25,3.75,0.43000108003616333,ID19639,False,0.26676451872692053,ID20675,2.419996862411499,ID116,0.019782341029446364
9.25,4.0,0.4300011396408081,ID19649,False,0.33190907712157813,ID20675,2.1937145042419433,ID19639,0.0
9.25,4.25,,,False,,,,,
9.25,4.5,,,False,,,,,
9.25,4.75,,,False,,,,,
9.25,5.0,,,False,,,,,
9.25,5.25,,,False,,,,,
9.25,5.5,,,False,,,,,
9.25,5.75,,,False,,,,,
9.25,6.0,,,False,,,,,
9.25,6.25,,,False,,,,,
9.25,6.5,,,False,,,,,
9.25,6.75,,,False,,,,,
9.25,7.0,,,False,,,,,
9.25,7.25,,,False,,,,,
9.25,7.5,,,False,,,,,
9.25,7.75,,,False,,,,,
9.25,8.0,,,False,,,,,
9.5,-8.0,,,False,,,,,
9.5,-7.75,,,False,,,,,
9.5,-7.5,,,False,,,,,
9.5,-7.25,,,False,,,,,
9.5,-7.0,,,False,,,,,
9.5,-6.75,,,False,,,,,
9.5,-6.5,,,False,,,,,
9.5,-6.25,,,False,,,,,
9.5,-6.0,,,False,,,,,
9.5,-5.75,,,False,,,,,
9.5,-5.5,,,False,,,,,
9.5,-5.25,,,False,,,,,
9.5,-5.0,,,False,,,,,
9.5,-4.75,,,False,,,,,
9.5,-4.5,,,False,,,,,
9.5,-4.25,,,False,,,,,
9.5,-4.0,,,False,,,,,
9.5,-3.75,,,False,,,,,
9.5,-3.5,-0.6799993515014648,ID19639,False,0.2227982553556438,ID19639,3.529998664855957,ID116,0.0
9.5,-3.25,-0.6799993515014648,ID19639,False,0.09897625221202311,ID18173,3.529998664855957,ID116,0.0
9.5,-3.0,-0.6799992322921753,ID19639,False,0.23330562694554224,ID18173,3.5299977111816405,ID116,0.0
9.5,-2.75,-0.6799992322921753,ID19639,False,0.32931234412979427,ID18173,3.5299974727630614,ID116,0.0
9.5,-2.5,-0.6799992322921753,ID19639,False,0.23238488715106337,ID19639,3.5299974727630614,ID116,0.0
9.5,-2.25,-0.6799992322921753,ID19639,False,0.3098624999934993,ID19639,2.3174377727508544,ID18193,0.0
9.5,-2.0,0.4300006031990051,ID19639,False,0.34,ID18173,0.35214901447296143,ID18173,0.0
9.5,-1.75,0.4300006628036499,ID19639,False,0.34,ID17822.002,0.29392484307289124,ID18173,0.0
9.5,-1.5,0.4300006628036499,ID19639,False,0.34,ID10439.013,0.2357010143995285,ID18173,0.0
9.5,-1.25,0.4300006628036499,ID19639,False,0.34,ID17822.001,0.1919044005870819,ID18173,0.0
9.5,-1.0,,,False,,,,,
9.5,-0.75,0.4300007224082947,ID19649,False,0.34,ID18173,0.7724368023872376,ID18173,0.019782341029446364
9.5,-0.5,0.43000075221061707,ID19649,False,0.34,ID18203,0.7815816450119019,ID18203,0.019782341029446364
9.5,-0.25,0.43000078201293945,ID19649,False,0.32579681184039067,ID18203,2.419997577667236,ID116,0.019782341029446364
9.5,0.0,0.43000078201293945,ID19649,False,0.31007087871784783,ID18203,2.419997577667236,ID116,0.0
9.5,0.25,0.43000078201293945,ID19649,False,0.29434494489527097,ID18203,2.419997577667236,ID116,0.0
9.5,0.5,0.43000084161758423,ID19639,False,0.34,ID16616,0.249999960064888,ID16650,0.019782341029446364
9.5,0.75,0.43000084161758423,ID16596,False,0.34,ID16616,0.249999960064888,ID16650,0.0
9.5,1.0,0.4300008714199066,ID16596,False,0.34,ID16616,0.2499999749660492,ID16650,0.0
9.5,1.25,0.4300008714199066,ID16596,False,0.34,ID16616,0.250000034570694,ID16650,0.0
9.5,1.5,0.430000901222229,ID19649,False,0.24274566386490454,ID19639,2.419997100830078,ID116,0.0
9.5,1.75,0.430000901222229,ID19639,False,0.10023318269565548,ID7101.001,2.419997100830078,ID116,0.0
9.5,2.0,0.4300009608268738,ID19639,True,0.0,ID19639,2.419997100830078,ID116,0.0
9.5,2.25,0.4300009608268738,ID19639,True,2.5822836813294003e-08,ID19639,2.419996862411499,ID116,0.0
9.5,2.5,0.43000102043151855,ID19639,True,0.0,ID19639,2.419997100830078,ID116,0.0
9.5,2.75,0.43000102043151855,ID19639,True,2.5822836813294003e-08,ID19639,2.419997100830078,ID116,0.0
9.5,3.0,0.43000102043151855,ID19639,True,5.8693049420632804e-08,ID19639,2.419996862411499,ID116,0.0
9.5,3.25,0.43000108003616333,ID19639,False,0.11476468437408974,ID20695,2.419996862411499,ID116,0.0
9.5,3.5,0.43000108003616333,ID19649,False,0.31325859723102295,ID20695,2.1937145042419433,ID19639,0.019782341029446364
9.5,3.75,,,False,,,,,
9.5,4.0,,,False,,,,,
9.5,4.25,,,False,,,,,
9.5,4.5,,,False,,,,,
9.5,4.75,,,False,,,,,
9.5,5.0,,,False,,,,,
9.5,5.25,,,False,,,,,
9.5,5.5,,,False,,,,,
9.5,5.75,,,False,,,,,
9.5,6.0,,,False,,,,,
9.5,6.25,,,False,,,,,
9.5,6.5,,,False,,,,,
9.5,6.75,,,False,,,,,
9.5,7.0,,,False,,,,,
9.5,7.25,,,False,,,,,
9.5,7.5,,,False,,,,,
9.5,7.75,,,False,,,,,
9.5,8.0,,,False,,,,,
9.75,-8.0,,,False,,,,,
9.75,-7.75,,,False,,,,,
9.75,-7.5,,,False,,,,,
9.75,-7.25,,,False,,,,,
9.75,-7.0,,,False,,,,,
9.75,-6.75,,,False,,,,,
9.75,-6.5,,,False,,,,,
9.75,-6.25,,,False,,,,,
9.75,-6.0,,,False,,,,,
9.75,-5.75,,,False,,,,,
9.75,-5.5,,,False,,,,,
9.75,-5.25,,,False,,,,,
9.75,-5.0,,,False,,,,,
9.75,-4.75,,,False,,,,,
9.75,-4.5,,,False,,,,,
9.75,-4.25,,,False,,,,,
9.75,-4.0,,,False,,,,,
9.75,-3.75,,,False,,,,,
9.75,-3.5,,,False,,,,,
9.75,-3.25,-0.6799994707107544,ID19639,False,0.30566430935362543,ID19639,3.5299979496002196,ID116,0.0
9.75,-3.0,-0.6799994707107544,ID19639,False,0.18643167461189109,ID19639,3.5299979496002196,ID116,0.0
9.75,-2.75,-0.6799994707107544,ID19639,False,0.12462521767654125,ID18173,3.5299981880187987,ID116,0.0
9.75,-2.5,-0.6799994707107544,ID19639,False,0.23137586900256285,ID18173,3.5299981880187987,ID116,0.0
9.75,-2.25,-0.6799993515014648,ID19639,False,0.33812689100577625,ID18173,3.5299977111816405,ID116,0.0
9.75,-2.0,-0.6799993515014648,ID19639,False,0.2616410615318474,ID18173,3.5299977111816405,ID116,0.0
9.75,-1.75,-0.6799993515014648,ID19639,False,0.22712630332836176,ID19639,3.5299977111816405,ID116,0.0
9.75,-1.5,-0.6799993515014648,ID19639,False,0.30460388575272335,ID19639,2.048975830078125,ID16952.002,0.0
9.75,-1.25,0.4300006628036499,ID19639,False,0.34,ID18173,0.3764315891265869,ID18173,0.0
9.75,-1.0,0.4300007224082947,ID19639,False,0.34,ID18173,0.34113061904907227,ID18173,0.0
9.75,-0.75,0.4300007224082947,ID19639,False,0.34,ID18173,0.30582955956459046,ID18173,0.0
9.75,-0.5,0.43000075221061707,ID19639,False,0.34,ID17822,0.2937614965438843,ID18173,0.0
9.75,-0.25,0.43000075221061707,ID19639,False,0.34,ID10427.042,0.28194347500801087,ID18173,0.0
9.75,0.0,0.43000078201293945,ID19639,False,0.34,ID18173,0.27012518525123597,ID18173,0.0
9.75,0.25,0.43000081181526184,ID19639,False,0.34,ID18203,0.2583070743083954,ID18173,0.0
9.75,0.5,0.43000078201293945,ID16596,False,0.34,ID16616,0.2499999898672104,ID16650,0.019782341029446364
9.75,0.75,0.43000084161758423,ID16596,False,0.34,ID16606,0.2500000047683716,ID16596,0.019782341029446364
9.75,1.0,,,False,,,,,
9.75,1.25,-0.6799989938735962,ID19639,False,0.3065073516451639,ID16596,3.529996995925903,ID116,0.0
9.75,1.5,-0.6799989938735962,ID19639,False,0.26783931257471383,ID16596,3.529996995925903,ID116,0.0
9.75,1.75,0.4300009608268738,ID19649,False,0.29525179034918675,ID7111.001,2.419997100830078,ID116,0.019782341029446364
9.75,2.0,0.4300009608268738,ID19639,False,0.17088623435234088,ID7111.001,2.419997339248657,ID116,0.0
9.75,2.25,0.4300009608268738,ID19639,False,0.046520674881113944,ID7111.001,2.419997100830078,ID116,0.0
9.75,2.5,0.43000099062919617,ID19639,False,0.002797523328229745,ID19639,2.419996862411499,ID116,0.0
9.75,2.75,0.43000102043151855,ID19639,False,0.03220700292479722,ID19639,2.419996862411499,ID116,0.0
9.75,3.0,0.43000102043151855,ID19639,False,0.06825816239404553,ID20695,2.419996862411499,ID116,0.0
9.75,3.25,0.43000105023384094,ID19649,False,0.2667520731948433,ID20695,2.1937145042419433,ID19639,0.019782341029446364
9.75,3.5,,,False,,,,,
9.75,3.75,,,False,,,,,
9.75,4.0,,,False,,,,,
9.75,4.25,,,False,,,,,
9.75,4.5,,,False,,,,,
9.75,4.75,,,False,,,,,
9.75,5.0,,,False,,,,,
9.75,5.25,,,False,,,,,
9.75,5.5,,,False,,,,,
9.75,5.75,,,False,,,,,
9.75,6.0,,,False,,,,,
9.75,6.25,,,False,,,,,
9.75,6.5,,,False,,,,,
9.75,6.75,,,False,,,,,
9.75,7.0,,,False,,,,,
9.75,7.25,,,False,,,,,
9.75,7.5,,,False,,,,,
9.75,7.75,,,False,,,,,
9.75,8.0,,,False,,,,,
10.0,-8.0,,,False,,,,,
10.0,-7.75,,,False,,,,,
10.0,-7.5,,,False,,,,,
10.0,-7.25,,,False,,,,,
10.0,-7.0,,,False,,,,,
10.0,-6.75,,,False,,,,,
10.0,-6.5,,,False,,,,,
10.0,-6.25,,,False,,,,,
10.0,-6.0,,,False,,,,,
10.0,-5.75,,,False,,,,,
10.0,-5.5,,,False,,,,,
10.0,-5.25,,,False,,,,,
10.0,-5.0,,,False,,,,,
10.0,-4.75,,,False,,,,,
10.0,-4.5,,,False,,,,,
10.0,-4.25,,,False,,,,,
10.0,-4.0,,,False,,,,,
10.0,-3.75,,,False,,,,,
10.0,-3.5,,,False,,,,,
10.0,-3.25,,,False,,,,,
10.0,-3.0,,,False,,,,,
10.0,-2.75,-0.6799994707107544,ID19639,False,0.2974281456653226,ID19639,3.5299979496002196,ID116,0.0
10.0,-2.5,-0.6799993515014648,ID19639,False,0.1922240131120617,ID19639,3.5299981880187987,ID116,0.0
10.0,-2.25,-0.6799993515014648,ID19639,False,0.10319020958929348,ID18173,3.5299979496002196,ID116,0.0
10.0,-2.0,-0.6799993515014648,ID19639,False,0.18066757994173943,ID18173,3.5299974727630614,ID116,0.0
10.0,-1.75,-0.6799992322921753,ID19639,False,0.2581453524645619,ID18173,3.5299977111816405,ID116,0.0
10.0,-1.5,-0.6799993515014648,ID19639,False,0.3290455788981064,ID18173,3.5299974727630614,ID116,0.0
10.0,-1.25,-0.6799992322921753,ID19639,False,0.30397994957815455,ID18173,3.5299977111816405,ID116,0.0
10.0,-1.0,-0.6799993515014648,ID19639,False,0.2570047686272777,ID18173,3.5299974727630614,ID116,0.0
10.0,-0.75,-0.6799992322921753,ID19639,False,0.2993452848706348,ID19639,3.5299974727630614,ID116,0.0
10.0,-0.5,0.4300007224082947,ID19639,False,0.3030069792408959,ID18193,2.4199980545043944,ID116,0.0
10.0,-0.25,0.43000078201293945,ID19639,False,0.3183063055355644,ID18193,2.419997339248657,ID116,0.0
10.0,0.0,0.43000078201293945,ID19639,False,0.32019123722480747,ID19639,2.419997339248657,ID116,0.0
10.0,0.25,-0.6799991130828857,ID19639,False,0.18887856621439952,ID16596,3.5299974727630614,ID116,0.0
10.0,0.5,-0.6799992322921753,ID19639,False,0.17551999352720218,ID16596,3.5299974727630614,ID116,0.0
10.0,0.75,-0.6799989938735962,ID19639,False,0.1368519675493538,ID16596,3.529996995925903,ID116,0.0
10.0,1.0,-0.6799991130828857,ID19639,False,0.09818393333563041,ID16596,3.5299974727630614,ID116,0.0
10.0,1.25,-0.6799989938735962,ID19639,False,0.059515891698194656,ID16596,3.529996995925903,ID116,0.0
10.0,1.5,-0.6799991130828857,ID19639,False,0.04351183206423065,ID7111.001,3.5299974727630614,ID116,0.0
10.0,1.75,-0.6799989938735962,ID19639,False,0.1678773233763282,ID7111.001,3.529996995925903,ID116,0.0
10.0,2.0,-0.6799991130828857,ID19639,False,0.2922428757195147,ID7111.001,3.5299972343444823,ID116,0.0
10.0,2.25,0.4300009608268738,ID19649,False,0.26339189817633823,ID7111.001,2.419997339248657,ID116,0.019782341029446364
10.0,2.5,0.43000099062919617,ID19639,False,0.2117192142432854,ID19639,2.419997100830078,ID116,0.0
10.0,2.75,0.43000102043151855,ID19649,False,0.24250134786899902,ID19639,2.193714265823364,ID19639,0.0
10.0,3.0,0.43000105023384094,ID19649,False,0.2202453585066575,ID20695,2.193714265823364,ID19639,0.0
10.0,3.25,,,False,,,,,
10.0,3.5,,,False,,,,,
10.0,3.75,,,False,,,,,
10.0,4.0,,,False,,,,,
10.0,4.25,,,False,,,,,
10.0,4.5,,,False,,,,,
10.0,4.75,,,False,,,,,
10.0,5.0,,,False,,,,,
10.0,5.25,,,False,,,,,
10.0,5.5,,,False,,,,,
10.0,5.75,,,False,,,,,
10.0,6.0,,,False,,,,,
10.0,6.25,,,False,,,,,
10.0,6.5,,,False,,,,,
10.0,6.75,,,False,,,,,
10.0,7.0,,,False,,,,,
10.0,7.25,,,False,,,,,
10.0,7.5,,,False,,,,,
10.0,7.75,,,False,,,,,
10.0,8.0,,,False,,,,,
10.25,-8.0,,,False,,,,,
10.25,-7.75,,,False,,,,,
10.25,-7.5,,,False,,,,,
10.25,-7.25,,,False,,,,,
10.25,-7.0,,,False,,,,,
10.25,-6.75,,,False,,,,,
10.25,-6.5,,,False,,,,,
10.25,-6.25,,,False,,,,,
10.25,-6.0,,,False,,,,,
10.25,-5.75,,,False,,,,,
10.25,-5.5,,,False,,,,,
10.25,-5.25,,,False,,,,,
10.25,-5.0,,,False,,,,,
10.25,-4.75,,,False,,,,,
10.25,-4.5,,,False,,,,,
10.25,-4.25,,,False,,,,,
10.25,-4.0,,,False,,,,,
10.25,-3.75,,,False,,,,,
10.25,-3.5,,,False,,,,,
10.25,-3.25,,,False,,,,,
10.25,-3.0,,,False,,,,,
10.25,-2.75,,,False,,,,,
10.25,-2.5,,,False,,,,,
10.25,-2.25,-0.6799994707107544,ID19639,False,0.3320720143772535,ID19639,3.5299977111816405,ID116,0.0
10.25,-2.0,-0.6799994707107544,ID19639,False,0.24702361045097349,ID19639,3.5299977111816405,ID116,0.0
10.25,-1.75,-0.6799994707107544,ID19639,False,0.17201979313046215,ID19639,3.5299977111816405,ID116,0.0
10.25,-1.5,-0.6799994707107544,ID19639,False,0.10602991182348293,ID19639,3.5299974727630614,ID116,0.0
10.25,-1.25,-0.6799992322921753,ID19639,False,0.13047362587312253,ID18173,3.5299974727630614,ID116,0.0
10.25,-1.0,-0.6799992322921753,ID19639,False,0.17744814912221016,ID18173,3.5299974727630614,ID116,0.0
10.25,-0.75,-0.6799992322921753,ID19639,False,0.21036303155499675,ID18173,3.5299974727630614,ID116,0.0
10.25,-0.5,-0.6799992322921753,ID19639,False,0.22608879720745262,ID18173,3.5299974727630614,ID116,0.0
10.25,-0.25,-0.6799992322921753,ID19639,False,0.24181479274625584,ID18173,3.5299974727630614,ID116,0.0
10.25,0.0,-0.6799991130828857,ID19639,False,0.18337384975748788,ID18173,3.5299972343444823,ID116,0.0
10.25,0.25,-0.6799991130828857,ID19639,False,0.0062564839409876005,ID18173,3.5299972343444823,ID116,0.0
10.25,0.5,-0.6799991130828857,ID19639,True,0.0,ID19639,3.5299972343444823,ID116,0.0
10.25,0.75,-0.6799991130828857,ID19639,True,0.0,ID19639,3.5299972343444823,ID116,0.0
10.25,1.0,-0.6799989938735962,ID19639,False,0.0021630379120905485,ID19639,3.5299972343444823,ID116,0.0
10.25,1.25,-0.6799988746643066,ID19639,False,0.04704526219488647,ID19639,3.529996519088745,ID116,0.0
10.25,1.5,-0.6799988746643066,ID19639,False,0.10603002427342278,ID19639,3.529996995925903,ID116,0.0
10.25,1.75,-0.6799988746643066,ID19639,False,0.1720198340192368,ID19639,3.529996995925903,ID116,0.0
10.25,2.0,-0.6799989938735962,ID19639,False,0.24702431068801683,ID19639,3.529996995925903,ID116,0.0
10.25,2.25,-0.6799989938735962,ID19639,False,0.3320721855370393,ID19639,3.529996995925903,ID116,0.0
10.25,2.5,,,False,,,,,
10.25,2.75,,,False,,,,,
10.25,3.0,,,False,,,,,
10.25,3.25,,,False,,,,,
10.25,3.5,,,False,,,,,
10.25,3.75,,,False,,,,,
10.25,4.0,,,False,,,,,
10.25,4.25,,,False,,,,,
10.25,4.5,,,False,,,,,
10.25,4.75,,,False,,,,,
10.25,5.0,,,False,,,,,
10.25,5.25,,,False,,,,,
10.25,5.5,,,False,,,,,
10.25,5.75,,,False,,,,,
10.25,6.0,,,False,,,,,
10.25,6.25,,,False,,,,,
10.25,6.5,,,False,,,,,
10.25,6.75,,,False,,,,,
10.25,7.0,,,False,,,,,
10.25,7.25,,,False,,,,,
10.25,7.5,,,False,,,,,
10.25,7.75,,,False,,,,,
10.25,8.0,,,False,,,,,
10.5,-8.0,,,False,,,,,
10.5,-7.75,,,False,,,,,
10.5,-7.5,,,False,,,,,
10.5,-7.25,,,False,,,,,
10.5,-7.0,,,False,,,,,
10.5,-6.75,,,False,,,,,
10.5,-6.5,,,False,,,,,
10.5,-6.25,,,False,,,,,
10.5,-6.0,,,False,,,,,
10.5,-5.75,,,False,,,,,
10.5,-5.5,,,False,,,,,
10.5,-5.25,,,False,,,,,
10.5,-5.0,,,False,,,,,
10.5,-4.75,,,False,,,,,
10.5,-4.5,,,False,,,,,
10.5,-4.25,,,False,,,,,
10.5,-4.0,,,False,,,,,
10.5,-3.75,,,False,,,,,
10.5,-3.5,,,False,,,,,
10.5,-3.25,,,False,,,,,
10.5,-3.0,,,False,,,,,
10.5,-2.75,,,False,,,,,
10.5,-2.5,,,False,,,,,
10.5,-2.25,,,False,,,,,
10.5,-2.0,,,False,,,,,
10.5,-1.75,,,False,,,,,
10.5,-1.5,,,False,,,,,
10.5,-1.25,-0.6799994707107544,ID19639,False,0.2910142459661824,ID19639,3.5299979496002196,ID116,0.0
10.5,-1.0,-0.6799993515014648,ID19639,False,0.24852505945221554,ID19639,3.5299977111816405,ID116,0.0
10.5,-0.75,-0.6799993515014648,ID19639,False,0.21180828917456854,ID19639,3.5299977111816405,ID116,0.0
10.5,-0.5,-0.6799993515014648,ID19639,False,0.18616995925019908,ID19639,3.5299977111816405,ID116,0.0
10.5,-0.25,-0.6799992322921753,ID19639,False,0.17182464103346742,ID19639,3.5299974727630614,ID116,0.0
10.5,0.0,-0.6799993515014648,ID19639,False,0.16325368407857202,ID19639,3.5299979496002196,ID116,0.0
10.5,0.25,-0.6799991130828857,ID19639,False,0.1718246287788209,ID19639,3.5299972343444823,ID116,0.0
10.5,0.5,-0.6799991130828857,ID19639,False,0.18616993474965887,ID19639,3.5299972343444823,ID116,0.0
10.5,0.75,-0.6799991130828857,ID19639,False,0.211808289174572,ID19639,3.5299977111816405,ID116,0.0
10.5,1.0,-0.6799991130828857,ID19639,False,0.2485259809329295,ID19639,3.5299977111816405,ID116,0.0
10.5,1.25,-0.6799991130828857,ID19639,False,0.29101426624172677,ID19639,3.5299977111816405,ID116,0.0
10.5,1.5,,,False,,,,,
10.5,1.75,,,False,,,,,
10.5,2.0,,,False,,,,,
10.5,2.25,,,False,,,,,
10.5,2.5,,,False,,,,,
10.5,2.75,,,False,,,,,
10.5,3.0,,,False,,,,,
10.5,3.25,,,False,,,,,
10.5,3.5,,,False,,,,,
10.5,3.75,,,False,,,,,
10.5,4.0,,,False,,,,,
10.5,4.25,,,False,,,,,
10.5,4.5,,,False,,,,,
10.5,4.75,,,False,,,,,
10.5,5.0,,,False,,,,,
10.5,5.25,,,False,,,,,
10.5,5.5,,,False,,,,,
10.5,5.75,,,False,,,,,
10.5,6.0,,,False,,,,,
10.5,6.25,,,False,,,,,
10.5,6.5,,,False,,,,,
10.5,6.75,,,False,,,,,
10.5,7.0,,,False,,,,,
10.5,7.25,,,False,,,,,
10.5,7.5,,,False,,,,,
10.5,7.75,,,False,,,,,
10.5,8.0,,,False,,,,,
